,docid,key,label_jp_long_filled,amounts_change_cls,calc_parent_key
48516,S100W65X,jppfs_cor:PropertyPlantAndEquipment,有形固定資産,stable,jppfs_cor:NoncurrentAssets
48517,S100W65X,jppfs_cor:DeferredGainsOrLossesOnHedges,繰延ヘッジ損益,increase_20,jppfs_cor:ValuationAndTranslationAdjustments
48518,S100W65X,jppfs_cor:NetDefinedBenefitLiability,退職給付に係る負債,increase_10,jppfs_cor:NoncurrentLiabilities
48519,S100W65X,jppfs_cor:NotesReceivableTrade,受取手形,decrease_10,jppfs_cor:CurrentAssets
48520,S100W65X,jppfs_cor:NoncurrentLiabilities,固定負債,decrease_10,jppfs_cor:Liabilities
48521,S100W65X,jppfs_cor:ValuationDifferenceOnAvailableForSaleSecuritiesNetOfTaxOCI,その他有価証券評価差額金（税引後）、その他の包括利益,decrease_20,jppfs_cor:OtherComprehensiveIncome
48522,S100W65X,jppfs_cor:IncomeBeforeIncomeTaxes,税引前当期純利益又は税引前当期純損失（△）,decrease_20,jppfs_cor:ProfitLoss
48523,S100W65X,jppfs_cor:ShareholdersEquity,株主資本,stable,jppfs_cor:NetAssets
48524,S100W65X,jppfs_cor:AssetRetirementObligationsNCL,資産除去債務、固定負債,stable,jppfs_cor:NoncurrentLiabilities
48525,S100W65X,jpcrp030000-asr_E01075-000:HeadOfficeRelocationExpensesNOE,本社移転費用,new,jppfs_cor:NonOperatingExpenses
48526,S100W65X,jppfs_cor:NoncurrentAssets,固定資産,stable,jppfs_cor:Assets
48527,S100W65X,jppfs_cor:TreasuryStock,自己株式,decrease_20,jppfs_cor:ShareholdersEquity
48528,S100W65X,jppfs_cor:AccruedConsumptionTaxes,未払消費税等,increase_20,jppfs_cor:CurrentLiabilities
48529,S100W65X,jppfs_cor:Liabilities,負債,decrease_10,jppfs_cor:LiabilitiesAndNetAssets
48530,S100W65X,jppfs_cor:Land,土地,increase_10,jppfs_cor:PropertyPlantAndEquipment
48531,S100W65X,jppfs_cor:ProvisionForDirectorsRetirementBenefits,役員退職慰労引当金,increase_10,jppfs_cor:NoncurrentLiabilities
48532,S100W65X,jppfs_cor:OtherEL,その他、特別損失,decrease_10,jppfs_cor:ExtraordinaryLoss
48533,S100W65X,jppfs_cor:OtherComprehensiveIncome,その他の包括利益,decrease_20,jppfs_cor:ComprehensiveIncome
48534,S100W65X,jppfs_cor:AccumulatedDepreciationLeaseAssetsPPE,減価償却累計額、リース資産、有形固定資産,increase_10,jppfs_cor:LeaseAssetsNetPPE
48535,S100W65X,jppfs_cor:InterestIncomeNOI,受取利息、営業外収益,decrease_20,jppfs_cor:NonOperatingIncome
48536,S100W65X,jppfs_cor:LongTermPrepaidExpenses,長期前払費用,stable,jppfs_cor:InvestmentsAndOtherAssets
48537,S100W65X,jppfs_cor:MerchandiseAndFinishedGoods,商品及び製品,increase_10,jppfs_cor:CurrentAssets
48538,S100W65X,jppfs_cor:InterestExpensesNOE,支払利息、営業外費用,increase_10,jppfs_cor:NonOperatingExpenses
48539,S100W65X,jppfs_cor:CurrentAssets,流動資産,stable,jppfs_cor:Assets
48540,S100W65X,jppfs_cor:CurrentLiabilities,流動負債,decrease_10,jppfs_cor:Liabilities
48541,S100W65X,jppfs_cor:LongTermGuaranteeDeposited,長期預り保証金,decrease_10,jppfs_cor:NoncurrentLiabilities
48542,S100W65X,jppfs_cor:AccumulatedDepreciationMachineryEquipmentAndVehicles,減価償却累計額、機械装置及び運搬具,stable,jppfs_cor:MachineryEquipmentAndVehiclesNet
48543,S100W65X,jppfs_cor:NonOperatingIncome,営業外収益,decrease_10,jppfs_cor:OrdinaryIncome
48544,S100W65X,jppfs_cor:NonOperatingExpenses,営業外費用,increase_20,jppfs_cor:OrdinaryIncome
48545,S100W65X,jppfs_cor:SellingGeneralAndAdministrativeExpenses,販売費及び一般管理費,increase_10,jppfs_cor:OperatingIncome
48546,S100W65X,jppfs_cor:LossOnSalesOfSubsidiariesStocksEL,子会社株式売却損、特別損失,new,jppfs_cor:ExtraordinaryLoss
48547,S100W65X,jppfs_cor:DeferredGainsOrLossesOnHedgesNetOfTaxOCI,繰延ヘッジ損益（税引後）、その他の包括利益,increase_20,jppfs_cor:OtherComprehensiveIncome
48548,S100W65X,jppfs_cor:BuildingsAndStructures,建物及び構築物,increase_10,jppfs_cor:BuildingsAndStructuresNet
48549,S100W65X,jppfs_cor:AccumulatedDepreciationOtherPPE,減価償却累計額、その他、有形固定資産,stable,jppfs_cor:OtherNetPPE
48550,S100W65X,jppfs_cor:ShortTermLoansPayable,短期借入金,decrease_20,jppfs_cor:CurrentLiabilities
48551,S100W65X,jppfs_cor:LossOnSalesOfNoncurrentAssetsEL,固定資産売却損、特別損失,new,jppfs_cor:ExtraordinaryLoss
48552,S100W65X,jppfs_cor:ProfitLossAttributableToOwnersOfParent,親会社株主に帰属する当期純利益又は親会社株主に帰属する当期純損失（△）,decrease_20,not_common_account
48553,S100W65X,jppfs_cor:ExtraordinaryLoss,特別損失,increase_20,jppfs_cor:IncomeBeforeIncomeTaxes
48554,S100W65X,jppfs_cor:IncomeTaxes,法人税等,decrease_20,jppfs_cor:ProfitLoss
48555,S100W65X,jppfs_cor:GrossProfit,売上総利益又は売上総損失（△）,increase_20,jppfs_cor:OperatingIncome
48556,S100W65X,jppfs_cor:RetainedEarnings,利益剰余金,stable,jppfs_cor:ShareholdersEquity
48557,S100W65X,jppfs_cor:OtherNOE,その他、営業外費用,increase_10,jppfs_cor:NonOperatingExpenses
48558,S100W65X,jppfs_cor:ProfitLossAttributableToNonControllingInterests,非支配株主に帰属する当期純利益又は非支配株主に帰属する当期純損失（△）,decrease_20,not_common_account
48559,S100W65X,jppfs_cor:IncomeTaxesCurrent,法人税、住民税及び事業税,decrease_10,jppfs_cor:IncomeTaxes
48560,S100W65X,jppfs_cor:MachineryEquipmentAndVehicles,機械装置及び運搬具,stable,jppfs_cor:MachineryEquipmentAndVehiclesNet
48561,S100W65X,jppfs_cor:LongTermLoansPayable,長期借入金,decrease_10,jppfs_cor:NoncurrentLiabilities
48562,S100W65X,jppfs_cor:LongTermLoansReceivable,長期貸付金,new,jppfs_cor:InvestmentsAndOtherAssets
48563,S100W65X,jppfs_cor:AllowanceForDoubtfulAccountsIOAByGroup,貸倒引当金、投資その他の資産、一括控除,decrease_20,jppfs_cor:InvestmentsAndOtherAssets
48564,S100W65X,jppfs_cor:GainOnSalesOfNoncurrentAssetsEI,固定資産売却益、特別利益,increase_20,jppfs_cor:ExtraordinaryIncome
48565,S100W65X,jppfs_cor:NotesAndAccountsPayableTrade,支払手形及び買掛金,increase_10,jppfs_cor:CurrentLiabilities
48566,S100W65X,jppfs_cor:NetSales,売上高,decrease_10,jppfs_cor:GrossProfit
48567,S100W65X,jppfs_cor:ProvisionForBonuses,賞与引当金,increase_20,jppfs_cor:CurrentLiabilities
48568,S100W65X,jppfs_cor:OtherNOI,その他、営業外収益,increase_10,jppfs_cor:NonOperatingIncome
48569,S100W65X,jppfs_cor:ConstructionInProgress,建設仮勘定,decrease_20,jppfs_cor:PropertyPlantAndEquipment
48570,S100W65X,jppfs_cor:ImpairmentLossEL,減損損失、特別損失,increase_20,jppfs_cor:ExtraordinaryLoss
48571,S100W65X,jppfs_cor:ForeignCurrencyTranslationAdjustmentNetOfTaxOCI,為替換算調整勘定（税引後）、その他の包括利益,decrease_20,jppfs_cor:OtherComprehensiveIncome
48572,S100W65X,jppfs_cor:ContractLiabilities,契約負債,stable,jppfs_cor:CurrentLiabilities
48573,S100W65X,jppfs_cor:ExtraordinaryIncome,特別利益,decrease_20,jppfs_cor:IncomeBeforeIncomeTaxes
48574,S100W65X,jppfs_cor:CostOfSales,売上原価,decrease_10,jppfs_cor:GrossProfit
48575,S100W65X,jppfs_cor:ComprehensiveIncome,包括利益,new,not_common_account
48576,S100W65X,jppfs_cor:LossOnRetirementOfNoncurrentAssetsEL,固定資産除却損、特別損失,increase_20,jppfs_cor:ExtraordinaryLoss
48577,S100W65X,jppfs_cor:CashAndDeposits,現金及び預金,stable,jppfs_cor:CurrentAssets
48578,S100W65X,jppfs_cor:IntangibleAssets,無形固定資産,decrease_10,jppfs_cor:NoncurrentAssets
48579,S100W65X,jppfs_cor:ShareOfOtherComprehensiveIncomeOfAssociatesAccountedForUsingEquityMethodOCI,持分法適用会社に対する持分相当額、その他の包括利益,new,jppfs_cor:OtherComprehensiveIncome
48580,S100W65X,jppfs_cor:CapitalSurplus,資本剰余金,stable,jppfs_cor:ShareholdersEquity
48581,S100W65X,jppfs_cor:IncomeTaxesPayable,未払法人税等,decrease_10,jppfs_cor:CurrentLiabilities
48582,S100W65X,jppfs_cor:DeferredTaxLiabilities,繰延税金負債,decrease_10,jppfs_cor:NoncurrentLiabilities
48583,S100W65X,jppfs_cor:DeferredTaxAssets,繰延税金資産,increase_20,jppfs_cor:InvestmentsAndOtherAssets
48584,S100W65X,jppfs_cor:ForeignExchangeLossesNOE,為替差損、営業外費用,new,jppfs_cor:NonOperatingExpenses
48585,S100W65X,jppfs_cor:OtherPPE,その他、有形固定資産,increase_10,jppfs_cor:OtherNetPPE
48586,S100W65X,jppfs_cor:OrdinaryIncome,経常利益又は経常損失（△）,new,jppfs_cor:IncomeBeforeIncomeTaxes
48587,S100W65X,jppfs_cor:ProfitLoss,当期純利益又は当期純損失（△）（平成26年3月28日財規等改正後）,decrease_20,jppfs_cor:ComprehensiveIncome
48588,S100W65X,jppfs_cor:RawMaterialsAndSupplies,原材料及び貯蔵品,decrease_20,jppfs_cor:CurrentAssets
48589,S100W65X,jppfs_cor:InvestmentsAndOtherAssets,投資その他の資産,stable,jppfs_cor:NoncurrentAssets
48590,S100W65X,jppfs_cor:IncomeTaxesDeferred,法人税等調整額,new,jppfs_cor:IncomeTaxes
48591,S100W65X,jppfs_cor:OtherCA,その他、流動資産,decrease_20,jppfs_cor:CurrentAssets
48592,S100W65X,jppfs_cor:OtherCL,その他、流動負債,stable,jppfs_cor:CurrentLiabilities
48593,S100W65X,jppfs_cor:OtherIA,その他、無形固定資産,increase_10,jppfs_cor:IntangibleAssets
48594,S100W65X,jppfs_cor:DividendsIncomeNOI,受取配当金、営業外収益,increase_20,jppfs_cor:NonOperatingIncome
48595,S100W65X,jppfs_cor:LeaseObligationsNCL,リース債務、固定負債,decrease_10,jppfs_cor:NoncurrentLiabilities
48596,S100W65X,jppfs_cor:LeaseObligationsCL,リース債務、流動負債,increase_10,jppfs_cor:CurrentLiabilities
48597,S100W65X,jppfs_cor:InsuranceIncomeNOI,受取保険金、営業外収益,decrease_20,jppfs_cor:NonOperatingIncome
48598,S100W65X,jppfs_cor:SubsidyIncomeNOI,補助金収入、営業外収益,increase_20,jppfs_cor:NonOperatingIncome
48599,S100W65X,jppfs_cor:OtherNCL,その他、固定負債,decrease_10,jppfs_cor:NoncurrentLiabilities
48600,S100W65X,jppfs_cor:ValuationAndTranslationAdjustments,評価・換算差額等,decrease_10,jppfs_cor:NetAssets
48601,S100W65X,jppfs_cor:AccumulatedDepreciationBuildingsAndStructures,減価償却累計額、建物及び構築物,stable,jppfs_cor:BuildingsAndStructuresNet
48602,S100W65X,jppfs_cor:AllowanceForDoubtfulAccountsCA,貸倒引当金、流動資産、一括控除,decrease_20,jppfs_cor:CurrentAssets
48603,S100W65X,jppfs_cor:WorkInProcess,仕掛品,decrease_20,jppfs_cor:CurrentAssets
48604,S100W65X,jppfs_cor:AccountsPayableOther,未払金,stable,jppfs_cor:CurrentLiabilities
48605,S100W65X,jppfs_cor:LeaseAssetsPPE,リース資産、有形固定資産,stable,jppfs_cor:LeaseAssetsNetPPE
48606,S100W65X,jppfs_cor:AccountsReceivableTrade,売掛金,stable,jppfs_cor:CurrentAssets
48607,S100W65X,jppfs_cor:CapitalStock,資本金,stable,jppfs_cor:ShareholdersEquity
48608,S100W65X,jppfs_cor:ValuationDifferenceOnAvailableForSaleSecurities,その他有価証券評価差額金,decrease_10,jppfs_cor:ValuationAndTranslationAdjustments
48609,S100W65X,jppfs_cor:OperatingIncome,営業利益又は営業損失（△）,decrease_20,jppfs_cor:OrdinaryIncome
48610,S100W65X,jppfs_cor:OtherIOA,その他、投資その他の資産,decrease_20,jppfs_cor:InvestmentsAndOtherAssets
48611,S100W65X,jppfs_cor:ForeignCurrencyTranslationAdjustment,為替換算調整勘定,increase_20,jppfs_cor:ValuationAndTranslationAdjustments
48612,S100W65X,jppfs_cor:Goodwill,のれん,decrease_10,jppfs_cor:IntangibleAssets
48613,S100W65X,jppfs_cor:InvestmentSecurities,投資有価証券,decrease_10,jppfs_cor:InvestmentsAndOtherAssets
48614,S100W65X,jppfs_cor:ComprehensiveIncomeAttributableToNonControllingInterests,非支配株主に係る包括利益、包括利益,decrease_20,not_common_account
48615,S100W65X,jppfs_cor:ComprehensiveIncomeAttributableToOwnersOfTheParent,親会社株主に係る包括利益、包括利益,new,not_common_account
58881,S100W5K9,jppfs_cor:NetDefinedBenefitLiability,退職給付に係る負債,increase_20,jppfs_cor:NoncurrentLiabilities
58882,S100W5K9,jppfs_cor:ProfitLossAttributableToOwnersOfParent,親会社株主に帰属する当期純利益又は親会社株主に帰属する当期純損失（△）,decrease_20,not_common_account
58883,S100W5K9,jppfs_cor:CurrentLiabilities,流動負債,increase_10,jppfs_cor:Liabilities
58884,S100W5K9,jppfs_cor:CapitalSurplus,資本剰余金,stable,jppfs_cor:ShareholdersEquity
58885,S100W5K9,jppfs_cor:CostOfSales,売上原価,stable,jppfs_cor:GrossProfit
58886,S100W5K9,jppfs_cor:CashAndDeposits,現金及び預金,increase_10,jppfs_cor:CurrentAssets
58887,S100W5K9,jppfs_cor:ValuationAndTranslationAdjustments,評価・換算差額等,decrease_20,jppfs_cor:NetAssets
58888,S100W5K9,jppfs_cor:IncomeBeforeIncomeTaxes,税引前当期純利益又は税引前当期純損失（△）,decrease_20,jppfs_cor:ProfitLoss
58889,S100W5K9,jppfs_cor:OrdinaryIncome,経常利益又は経常損失（△）,decrease_20,jppfs_cor:IncomeBeforeIncomeTaxes
58890,S100W5K9,jppfs_cor:ProfitLoss,当期純利益又は当期純損失（△）（平成26年3月28日財規等改正後）,decrease_20,top_account
58891,S100W5K9,jppfs_cor:OtherIA,その他、無形固定資産,increase_20,jppfs_cor:IntangibleAssets
58892,S100W5K9,jppfs_cor:OtherPPE,その他、有形固定資産,stable,jppfs_cor:OtherNetPPE
58893,S100W5K9,jppfs_cor:OtherCA,その他、流動資産,increase_10,jppfs_cor:CurrentAssets
58894,S100W5K9,jppfs_cor:IncomeTaxesPayable,未払法人税等,increase_20,jppfs_cor:CurrentLiabilities
58895,S100W5K9,jppfs_cor:ExtraordinaryIncome,特別利益,decrease_20,jppfs_cor:IncomeBeforeIncomeTaxes
58896,S100W5K9,jppfs_cor:ProvisionForBonuses,賞与引当金,increase_10,jppfs_cor:CurrentLiabilities
58897,S100W5K9,jppfs_cor:ProfitLossAttributableToNonControllingInterests,非支配株主に帰属する当期純利益又は非支配株主に帰属する当期純損失（△）,decrease_20,not_common_account
58898,S100W5K9,jppfs_cor:InvestmentSecurities,投資有価証券,stable,jppfs_cor:InvestmentsAndOtherAssets
58899,S100W5K9,jppfs_cor:AccumulatedDepreciationOtherPPE,減価償却累計額、その他、有形固定資産,increase_10,jppfs_cor:OtherNetPPE
58900,S100W5K9,jppfs_cor:MerchandiseAndFinishedGoods,商品及び製品,increase_10,jppfs_cor:CurrentAssets
58901,S100W5K9,jppfs_cor:NetDefinedBenefitAsset,退職給付に係る資産,decrease_10,jppfs_cor:InvestmentsAndOtherAssets
58902,S100W5K9,jppfs_cor:OtherCL,その他、流動負債,increase_20,jppfs_cor:CurrentLiabilities
58903,S100W5K9,jppfs_cor:AccumulatedDepreciationMachineryEquipmentAndVehicles,減価償却累計額、機械装置及び運搬具,increase_20,jppfs_cor:MachineryEquipmentAndVehiclesNet
58904,S100W5K9,jppfs_cor:GrossProfit,売上総利益又は売上総損失（△）,increase_10,jppfs_cor:OperatingIncome
58905,S100W5K9,jppfs_cor:NoncurrentLiabilities,固定負債,increase_20,jppfs_cor:Liabilities
58906,S100W5K9,jppfs_cor:CapitalStock,資本金,stable,jppfs_cor:ShareholdersEquity
58907,S100W5K9,jppfs_cor:RealEstateForSale,販売用不動産,new,jppfs_cor:CurrentAssets
58908,S100W5K9,jppfs_cor:NoncurrentAssets,固定資産,increase_20,jppfs_cor:Assets
58909,S100W5K9,jppfs_cor:ElectronicallyRecordedObligationsOperatingCL,電子記録債務、流動負債,decrease_10,jppfs_cor:CurrentLiabilities
58910,S100W5K9,jppfs_cor:PurchaseDiscountsNOI,仕入割引、営業外収益,increase_10,jppfs_cor:NonOperatingIncome
58911,S100W5K9,jppfs_cor:CostsOnUncompletedConstructionContractsCNS,未成工事支出金、建設業,increase_10,jppfs_cor:CurrentAssets
58912,S100W5K9,jppfs_cor:IntangibleAssets,無形固定資産,new,jppfs_cor:NoncurrentAssets
58913,S100W5K9,jppfs_cor:SellingGeneralAndAdministrativeExpenses,販売費及び一般管理費,increase_10,jppfs_cor:OperatingIncome
58914,S100W5K9,jppfs_cor:OperatingIncome,営業利益又は営業損失（△）,decrease_10,jppfs_cor:OrdinaryIncome
58915,S100W5K9,jppfs_cor:NonOperatingIncome,営業外収益,decrease_20,jppfs_cor:OrdinaryIncome
58916,S100W5K9,jppfs_cor:CurrentAssets,流動資産,increase_10,jppfs_cor:Assets
58917,S100W5K9,jppfs_cor:AllowanceForDoubtfulAccountsIOAByGroup,貸倒引当金、投資その他の資産、一括控除,decrease_20,jppfs_cor:InvestmentsAndOtherAssets
58918,S100W5K9,jppfs_cor:PropertyPlantAndEquipment,有形固定資産,increase_20,jppfs_cor:NoncurrentAssets
58919,S100W5K9,jppfs_cor:NotesAndAccountsPayableTrade,支払手形及び買掛金,stable,jppfs_cor:CurrentLiabilities
58920,S100W5K9,jppfs_cor:Goodwill,のれん,new,jppfs_cor:IntangibleAssets
58921,S100W5K9,jppfs_cor:OtherNCL,その他、固定負債,increase_20,jppfs_cor:NoncurrentLiabilities
58922,S100W5K9,jppfs_cor:InterestAndDividendsIncomeNOI,受取利息及び配当金、営業外収益,decrease_20,jppfs_cor:NonOperatingIncome
58923,S100W5K9,jppfs_cor:InvestmentsAndOtherAssets,投資その他の資産,increase_20,jppfs_cor:NoncurrentAssets
58924,S100W5K9,jppfs_cor:IncomeTaxesCurrent,法人税、住民税及び事業税,increase_10,jppfs_cor:IncomeTaxes
58925,S100W5K9,jppfs_cor:NonOperatingExpenses,営業外費用,new,jppfs_cor:OrdinaryIncome
58926,S100W5K9,jppfs_cor:LossOnRetirementOfNoncurrentAssetsEL,固定資産除却損、特別損失,increase_20,jppfs_cor:ExtraordinaryLoss
58927,S100W5K9,jppfs_cor:GainOnSalesOfInvestmentSecuritiesNOI,投資有価証券売却益、営業外収益,decrease_20,jppfs_cor:NonOperatingIncome
58928,S100W5K9,jppfs_cor:RetainedEarnings,利益剰余金,increase_10,jppfs_cor:ShareholdersEquity
58929,S100W5K9,jppfs_cor:LongTermLoansPayable,長期借入金,increase_20,jppfs_cor:NoncurrentLiabilities
58930,S100W5K9,jppfs_cor:ImpairmentLossEL,減損損失、特別損失,decrease_20,jppfs_cor:ExtraordinaryLoss
58931,S100W5K9,jppfs_cor:DeferredGainsOrLossesOnHedges,繰延ヘッジ損益,increase_20,jppfs_cor:ValuationAndTranslationAdjustments
58932,S100W5K9,jppfs_cor:ValuationDifferenceOnAvailableForSaleSecurities,その他有価証券評価差額金,decrease_20,jppfs_cor:ValuationAndTranslationAdjustments
58933,S100W5K9,jppfs_cor:RemeasurementsOfDefinedBenefitPlans,退職給付に係る調整累計額,decrease_20,jppfs_cor:ValuationAndTranslationAdjustments
58934,S100W5K9,jppfs_cor:ShareholdersEquity,株主資本,increase_10,jppfs_cor:NetAssets
58935,S100W5K9,jppfs_cor:DeferredTaxLiabilities,繰延税金負債,decrease_20,jppfs_cor:NoncurrentLiabilities
58936,S100W5K9,jppfs_cor:ClaimsProvableInBankruptcyClaimsProvableInRehabilitationAndOther,破産更生債権等,increase_20,jppfs_cor:InvestmentsAndOtherAssets
58937,S100W5K9,jppfs_cor:AccumulatedDepreciationBuildingsAndStructures,減価償却累計額、建物及び構築物,increase_20,jppfs_cor:BuildingsAndStructuresNet
58938,S100W5K9,jppfs_cor:MachineryEquipmentAndVehicles,機械装置及び運搬具,increase_20,jppfs_cor:MachineryEquipmentAndVehiclesNet
58939,S100W5K9,jppfs_cor:Land,土地,increase_20,jppfs_cor:PropertyPlantAndEquipment
58940,S100W5K9,jppfs_cor:IncomeTaxesDeferred,法人税等調整額,decrease_20,jppfs_cor:IncomeTaxes
58941,S100W5K9,jppfs_cor:Liabilities,負債,increase_20,jppfs_cor:LiabilitiesAndNetAssets
58942,S100W5K9,jppfs_cor:AllowanceForDoubtfulAccountsCA,貸倒引当金、流動資産、一括控除,decrease_10,jppfs_cor:CurrentAssets
58943,S100W5K9,jppfs_cor:ProvisionForDirectorsRetirementBenefits,役員退職慰労引当金,increase_20,jppfs_cor:NoncurrentLiabilities
58944,S100W5K9,jppfs_cor:IncomeTaxes,法人税等,decrease_10,jppfs_cor:ProfitLoss
58945,S100W5K9,jppfs_cor:InterestExpensesNOE,支払利息、営業外費用,increase_20,jppfs_cor:NonOperatingExpenses
58946,S100W5K9,jppfs_cor:NetSales,売上高,increase_10,jppfs_cor:GrossProfit
58947,S100W5K9,jppfs_cor:NotesAndAccountsReceivableTradeAndContractAssets,受取手形、売掛金及び契約資産,increase_10,jppfs_cor:CurrentAssets
58948,S100W5K9,jppfs_cor:MiscellaneousIncomeNOI,雑収入、営業外収益,increase_20,jppfs_cor:NonOperatingIncome
58949,S100W5K9,jppfs_cor:GainOnSalesOfNoncurrentAssetsEI,固定資産売却益、特別利益,new,jppfs_cor:ExtraordinaryIncome
58950,S100W5K9,jppfs_cor:MiscellaneousLossNOE,雑損失、営業外費用,new,jppfs_cor:NonOperatingExpenses
58951,S100W5K9,jppfs_cor:BuildingsAndStructures,建物及び構築物,increase_20,jppfs_cor:BuildingsAndStructuresNet
58952,S100W5K9,jppfs_cor:CurrentPortionOfLongTermLoansPayable,１年内返済予定の長期借入金,increase_20,jppfs_cor:CurrentLiabilities
58953,S100W5K9,jppfs_cor:OtherIOA,その他、投資その他の資産,increase_20,jppfs_cor:InvestmentsAndOtherAssets
58954,S100W5K9,jppfs_cor:TreasuryStock,自己株式,stable,jppfs_cor:ShareholdersEquity
58955,S100W5K9,jppfs_cor:RealEstateRentNOI,不動産賃貸料、営業外収益,stable,jppfs_cor:NonOperatingIncome
58956,S100W5K9,jppfs_cor:ExtraordinaryLoss,特別損失,decrease_20,jppfs_cor:IncomeBeforeIncomeTaxes
58957,S100W5K9,jppfs_cor:OtherProvisionCL,その他の引当金、流動負債,stable,jppfs_cor:CurrentLiabilities
58958,S100W5K9,jppfs_cor:ShortTermLoansPayable,短期借入金,new,jppfs_cor:CurrentLiabilities
74902,S100W4OG,jppfs_cor:RawMaterialsAndSupplies,原材料及び貯蔵品,increase_10,jppfs_cor:CurrentAssets
74903,S100W4OG,jppfs_cor:SalesOnOtherBusinessRevOA,その他の事業売上高、営業活動による収益,increase_10,jppfs_cor:NetSales
74904,S100W4OG,jppfs_cor:ProvisionForDirectorsBonuses,役員賞与引当金,increase_20,jppfs_cor:CurrentLiabilities
74905,S100W4OG,jppfs_cor:OtherCA,その他、流動資産,increase_20,jppfs_cor:CurrentAssets
74906,S100W4OG,jppfs_cor:DeferredTaxLiabilities,繰延税金負債,stable,jppfs_cor:NoncurrentLiabilities
74907,S100W4OG,jppfs_cor:AccruedConsumptionTaxes,未払消費税等,increase_20,jppfs_cor:CurrentLiabilities
74908,S100W4OG,jppfs_cor:CurrentPortionOfLongTermLoansPayable,１年内返済予定の長期借入金,increase_20,jppfs_cor:CurrentLiabilities
74909,S100W4OG,jppfs_cor:ValuationAndTranslationAdjustments,評価・換算差額等,decrease_10,jppfs_cor:NetAssets
74910,S100W4OG,jppfs_cor:OtherNOI,その他、営業外収益,decrease_10,jppfs_cor:NonOperatingIncome
74911,S100W4OG,jppfs_cor:ShareholdersEquity,株主資本,stable,jppfs_cor:NetAssets
74912,S100W4OG,jpcrp030000-asr_E04160-000:MachineryEquipmentAndToolsFurnitureAndFixturesPPE,機械装置及び工具器具備品,stable,jpcrp030000-asr_E04160-000:MachineryEquipmentAndToolsFurnitureAndFixturesNetPPE
74913,S100W4OG,jppfs_cor:RemeasurementsOfDefinedBenefitPlans,退職給付に係る調整累計額,decrease_10,jppfs_cor:ValuationAndTranslationAdjustments
74914,S100W4OG,jppfs_cor:AllowanceForDoubtfulAccountsCA,貸倒引当金、流動資産、一括控除,stable,jppfs_cor:CurrentAssets
74915,S100W4OG,jppfs_cor:AccumulatedDepreciationBuildingsAndStructures,減価償却累計額、建物及び構築物,stable,jppfs_cor:BuildingsAndStructuresNet
74916,S100W4OG,jppfs_cor:Vehicles,車両運搬具,stable,jppfs_cor:VehiclesNet
74917,S100W4OG,jppfs_cor:ImpairmentLossEL,減損損失、特別損失,decrease_10,jppfs_cor:ExtraordinaryLoss
74918,S100W4OG,jppfs_cor:ProfitLossAttributableToOwnersOfParent,親会社株主に帰属する当期純利益又は親会社株主に帰属する当期純損失（△）,increase_10,not_common_account
74919,S100W4OG,jppfs_cor:BuildingsAndStructures,建物及び構築物,increase_10,jppfs_cor:BuildingsAndStructuresNet
74920,S100W4OG,jppfs_cor:IncomeTaxesDeferred,法人税等調整額,decrease_10,jppfs_cor:IncomeTaxes
74921,S100W4OG,jppfs_cor:LeaseObligationsCL,リース債務、流動負債,increase_20,jppfs_cor:CurrentLiabilities
74922,S100W4OG,jppfs_cor:OtherCL,その他、流動負債,increase_20,jppfs_cor:CurrentLiabilities
74923,S100W4OG,jppfs_cor:InterestIncomeNOI,受取利息、営業外収益,stable,jppfs_cor:NonOperatingIncome
74924,S100W4OG,jppfs_cor:InterestExpensesNOE,支払利息、営業外費用,increase_10,jppfs_cor:NonOperatingExpenses
74925,S100W4OG,jppfs_cor:SubsidyIncomeNOIBounty,助成金収入、営業外収益,increase_10,jppfs_cor:NonOperatingIncome
74926,S100W4OG,jppfs_cor:LeaseAssetsPPE,リース資産、有形固定資産,increase_20,jppfs_cor:LeaseAssetsNetPPE
74927,S100W4OG,jppfs_cor:PurchaseDiscountsNOI,仕入割引、営業外収益,increase_10,jppfs_cor:NonOperatingIncome
74928,S100W4OG,jppfs_cor:SellingGeneralAndAdministrativeExpenses,販売費及び一般管理費,increase_10,jppfs_cor:OperatingIncome
74929,S100W4OG,jppfs_cor:LeaseObligationsNCL,リース債務、固定負債,increase_20,jppfs_cor:NoncurrentLiabilities
74930,S100W4OG,jppfs_cor:NetSales,売上高,increase_10,jppfs_cor:GrossProfit
74931,S100W4OG,jppfs_cor:ConstructionInProgress,建設仮勘定,new,jppfs_cor:PropertyPlantAndEquipment
74932,S100W4OG,jppfs_cor:CapitalStock,資本金,stable,jppfs_cor:ShareholdersEquity
74933,S100W4OG,jppfs_cor:CapitalSurplus,資本剰余金,stable,jppfs_cor:ShareholdersEquity
74934,S100W4OG,jppfs_cor:AccountsPayableOther,未払金,increase_10,jppfs_cor:CurrentLiabilities
74935,S100W4OG,jppfs_cor:ForeignCurrencyTranslationAdjustment,為替換算調整勘定,increase_20,jppfs_cor:ValuationAndTranslationAdjustments
74936,S100W4OG,jppfs_cor:ElectronicallyRecordedObligationsOperatingCL,電子記録債務、流動負債,decrease_10,jppfs_cor:CurrentLiabilities
74937,S100W4OG,jppfs_cor:InvestmentsAndOtherAssets,投資その他の資産,increase_10,jppfs_cor:NoncurrentAssets
74938,S100W4OG,jppfs_cor:OtherNCL,その他、固定負債,decrease_10,jppfs_cor:NoncurrentLiabilities
74939,S100W4OG,jppfs_cor:DeferredTaxAssets,繰延税金資産,increase_10,jppfs_cor:InvestmentsAndOtherAssets
74940,S100W4OG,jpcrp030000-asr_E04160-000:MachineryEquipmentAndToolsFurnitureAndFixturesNetPPE,機械装置及び工具器具備品,decrease_10,jppfs_cor:PropertyPlantAndEquipment
74941,S100W4OG,jppfs_cor:ExtraordinaryIncome,特別利益,decrease_10,jppfs_cor:IncomeBeforeIncomeTaxes
74942,S100W4OG,jppfs_cor:OtherIOA,その他、投資その他の資産,decrease_10,jppfs_cor:InvestmentsAndOtherAssets
74943,S100W4OG,jppfs_cor:ExtraordinaryLoss,特別損失,increase_10,jppfs_cor:IncomeBeforeIncomeTaxes
74944,S100W4OG,jpcrp030000-asr_E04160-000:AccumulatedDepreciationMachineryEquipmentAndToolsFurnitureAndFixturesPPE,減価償却累計額,stable,jpcrp030000-asr_E04160-000:MachineryEquipmentAndToolsFurnitureAndFixturesNetPPE
74945,S100W4OG,jppfs_cor:IncomeTaxesCurrent,法人税、住民税及び事業税,increase_10,jppfs_cor:IncomeTaxes
74946,S100W4OG,jppfs_cor:NonOperatingExpenses,営業外費用,decrease_20,jppfs_cor:OrdinaryIncome
74947,S100W4OG,jppfs_cor:LossOnInvestmentsInPartnershipNOE,投資事業組合運用損、営業外費用,decrease_20,jppfs_cor:NonOperatingExpenses
74948,S100W4OG,jppfs_cor:NotesAndAccountsReceivableTradeAndContractAssets,受取手形、売掛金及び契約資産,increase_10,jppfs_cor:CurrentAssets
74949,S100W4OG,jppfs_cor:NetDefinedBenefitAsset,退職給付に係る資産,stable,jppfs_cor:InvestmentsAndOtherAssets
74950,S100W4OG,jppfs_cor:CostOfSales,売上原価,increase_10,jppfs_cor:GrossProfit
74951,S100W4OG,jppfs_cor:OperatingIncome,営業利益又は営業損失（△）,increase_10,jppfs_cor:OrdinaryIncome
74952,S100W4OG,jppfs_cor:GrossProfit,売上総利益又は売上総損失（△）,increase_10,jppfs_cor:OperatingIncome
74953,S100W4OG,jppfs_cor:EquityInEarningsOfAffiliatesNOI,持分法による投資利益、営業外収益,new,jppfs_cor:NonOperatingIncome
74954,S100W4OG,jppfs_cor:CurrentLiabilities,流動負債,increase_20,jppfs_cor:Liabilities
74955,S100W4OG,jppfs_cor:IncomeTaxes,法人税等,increase_10,jppfs_cor:ProfitLoss
74956,S100W4OG,jppfs_cor:IncomeBeforeIncomeTaxes,税引前当期純利益又は税引前当期純損失（△）,increase_10,jppfs_cor:ProfitLoss
74957,S100W4OG,jppfs_cor:IncomeTaxesPayable,未払法人税等,increase_20,jppfs_cor:CurrentLiabilities
74958,S100W4OG,jppfs_cor:MerchandiseAndFinishedGoods,商品及び製品,stable,jppfs_cor:CurrentAssets
74959,S100W4OG,jppfs_cor:AllowanceForDoubtfulAccountsIOAByGroup,貸倒引当金、投資その他の資産、一括控除,increase_10,jppfs_cor:InvestmentsAndOtherAssets
74960,S100W4OG,jppfs_cor:InvestmentSecurities,投資有価証券,increase_10,jppfs_cor:InvestmentsAndOtherAssets
74961,S100W4OG,jppfs_cor:NetDefinedBenefitLiability,退職給付に係る負債,stable,jppfs_cor:NoncurrentLiabilities
74962,S100W4OG,jppfs_cor:LossOnRetirementOfNoncurrentAssetsEL,固定資産除却損、特別損失,decrease_20,jppfs_cor:ExtraordinaryLoss
74963,S100W4OG,jppfs_cor:Liabilities,負債,increase_10,jppfs_cor:LiabilitiesAndNetAssets
74964,S100W4OG,jppfs_cor:LossOnRetirementOfNoncurrentAssetsNOE,固定資産除却損、営業外費用,increase_10,jppfs_cor:NonOperatingExpenses
74965,S100W4OG,jppfs_cor:LandAndBuildingsForSaleInLots,分譲土地建物,stable,jppfs_cor:CurrentAssets
74966,S100W4OG,jppfs_cor:AccumulatedDepreciationLeaseAssetsPPE,減価償却累計額、リース資産、有形固定資産,increase_20,jppfs_cor:LeaseAssetsNetPPE
74967,S100W4OG,jppfs_cor:PropertyPlantAndEquipment,有形固定資産,increase_10,jppfs_cor:NoncurrentAssets
74968,S100W4OG,jppfs_cor:NoncurrentAssets,固定資産,increase_10,jppfs_cor:Assets
74969,S100W4OG,jppfs_cor:Land,土地,stable,jppfs_cor:PropertyPlantAndEquipment
74970,S100W4OG,jppfs_cor:NoncurrentLiabilities,固定負債,stable,jppfs_cor:Liabilities
74971,S100W4OG,jppfs_cor:LossOnReductionOfNoncurrentAssetsEL,固定資産圧縮損、特別損失,increase_20,jppfs_cor:ExtraordinaryLoss
74972,S100W4OG,jpcrp030000-asr_E04160-000:SubsidiesForBusEI,車両等購入補助金,increase_20,jppfs_cor:ExtraordinaryIncome
74973,S100W4OG,jppfs_cor:OtherNOE,その他、営業外費用,increase_20,jppfs_cor:NonOperatingExpenses
74974,S100W4OG,jppfs_cor:RetainedEarnings,利益剰余金,increase_10,jppfs_cor:ShareholdersEquity
74975,S100W4OG,jppfs_cor:CurrentAssets,流動資産,increase_10,jppfs_cor:Assets
74976,S100W4OG,jppfs_cor:ValuationDifferenceOnAvailableForSaleSecurities,その他有価証券評価差額金,stable,jppfs_cor:ValuationAndTranslationAdjustments
74977,S100W4OG,jppfs_cor:ProvisionForDirectorsRetirementBenefits,役員退職慰労引当金,stable,jppfs_cor:NoncurrentLiabilities
74978,S100W4OG,jppfs_cor:ProfitLoss,当期純利益又は当期純損失（△）（平成26年3月28日財規等改正後）,increase_10,top_account
74979,S100W4OG,jppfs_cor:ProvisionForBonuses,賞与引当金,increase_10,jppfs_cor:CurrentLiabilities
74980,S100W4OG,jppfs_cor:LongTermLoansPayable,長期借入金,stable,jppfs_cor:NoncurrentLiabilities
74981,S100W4OG,jppfs_cor:AccumulatedDepreciationVehicles,減価償却累計額、車両運搬具,stable,jppfs_cor:VehiclesNet
74982,S100W4OG,jppfs_cor:HeadOfficeTransferCostEL,本社移転費用、特別損失,new,jppfs_cor:ExtraordinaryLoss
74983,S100W4OG,jpcrp030000-asr_E04160-000:ProvisionOfAllowanceForDoubtfulAccountsForSubsidiariesAndAssociatesNOE,関係会社貸倒引当金繰入額,increase_20,jppfs_cor:NonOperatingExpenses
74984,S100W4OG,jppfs_cor:OrdinaryIncome,経常利益又は経常損失（△）,increase_10,jppfs_cor:IncomeBeforeIncomeTaxes
74985,S100W4OG,jppfs_cor:WorkInProcess,仕掛品,decrease_10,jppfs_cor:CurrentAssets
74986,S100W4OG,jppfs_cor:NonOperatingIncome,営業外収益,increase_20,jppfs_cor:OrdinaryIncome
74987,S100W4OG,jppfs_cor:CostOfSalesOnOtherBusinessCOSExpOA,その他の事業売上原価、営業活動による費用・売上原価,increase_10,jppfs_cor:CostOfSales
74988,S100W4OG,jpcrp030000-asr_E04160-000:TransportRevenueRevOA,自動車運送事業収益,increase_10,jppfs_cor:NetSales
74989,S100W4OG,jppfs_cor:TreasuryStock,自己株式,stable,jppfs_cor:ShareholdersEquity
74990,S100W4OG,jpcrp030000-asr_E04160-000:TransportExpenses,運送費,stable,jppfs_cor:CostOfSales
74991,S100W4OG,jppfs_cor:IntangibleAssets,無形固定資産,stable,jppfs_cor:NoncurrentAssets
74992,S100W4OG,jppfs_cor:CashAndDeposits,現金及び預金,stable,jppfs_cor:CurrentAssets
74993,S100W4OG,jppfs_cor:NotesAndAccountsPayableTrade,支払手形及び買掛金,stable,jppfs_cor:CurrentLiabilities
74994,S100W4OG,jppfs_cor:DividendsIncomeNOI,受取配当金、営業外収益,increase_20,jppfs_cor:NonOperatingIncome
109310,S100W2VL,jppfs_cor:RetainedEarnings,利益剰余金,decrease_10,jppfs_cor:ShareholdersEquity
109311,S100W2VL,jppfs_cor:GeneralReserve,別途積立金,stable,jppfs_cor:RetainedEarnings
109312,S100W2VL,jppfs_cor:LegalCapitalSurplus,資本準備金,stable,jppfs_cor:CapitalSurplus
109313,S100W2VL,jppfs_cor:ShortTermLoansPayable,短期借入金,increase_20,jppfs_cor:CurrentLiabilities
109314,S100W2VL,jppfs_cor:NonOperatingExpenses,営業外費用,increase_20,jppfs_cor:OrdinaryIncome
109315,S100W2VL,jppfs_cor:InterestIncomeNOI,受取利息、営業外収益,increase_20,jppfs_cor:NonOperatingIncome
109316,S100W2VL,jppfs_cor:LegalRetainedEarnings,利益準備金,stable,jppfs_cor:RetainedEarnings
109317,S100W2VL,jppfs_cor:ContractAssets,契約資産,decrease_20,jppfs_cor:CurrentAssets
109318,S100W2VL,jppfs_cor:StocksOfSubsidiariesAndAffiliates,関係会社株式,increase_10,jppfs_cor:InvestmentsAndOtherAssets
109319,S100W2VL,jppfs_cor:PrepaidPensionCostIOA,前払年金費用、投資その他の資産,increase_10,jppfs_cor:InvestmentsAndOtherAssets
109320,S100W2VL,jppfs_cor:AllowanceForDoubtfulAccountsIOAByGroup,貸倒引当金、投資その他の資産、一括控除,stable,jppfs_cor:InvestmentsAndOtherAssets
109321,S100W2VL,jppfs_cor:ShortTermLoansReceivableToSubsidiariesAndAffiliates,関係会社短期貸付金,decrease_20,jppfs_cor:CurrentAssets
109322,S100W2VL,jppfs_cor:CapitalSurplus,資本剰余金,stable,jppfs_cor:ShareholdersEquity
109323,S100W2VL,jppfs_cor:CurrentLiabilities,流動負債,stable,jppfs_cor:Liabilities
109324,S100W2VL,jppfs_cor:LongTermLoansPayable,長期借入金,decrease_20,jppfs_cor:NoncurrentLiabilities
109325,S100W2VL,jppfs_cor:PrepaidExpenses,前払費用,increase_20,jppfs_cor:CurrentAssets
109326,S100W2VL,jppfs_cor:IncomeTaxesPayable,未払法人税等,decrease_20,jppfs_cor:CurrentLiabilities
109327,S100W2VL,jpcrp030000-asr_E02611-000:AllowanceForLossOnContractDevelopmentCL,請負開発損失引当金,decrease_20,jppfs_cor:CurrentLiabilities
109328,S100W2VL,jppfs_cor:AccountsReceivableOther,未収入金,increase_20,jppfs_cor:CurrentAssets
109329,S100W2VL,jppfs_cor:InterestExpensesNOE,支払利息、営業外費用,stable,jppfs_cor:NonOperatingExpenses
109330,S100W2VL,jppfs_cor:AccruedExpenses,未払費用,increase_10,jppfs_cor:CurrentLiabilities
109331,S100W2VL,jppfs_cor:CurrentAssets,流動資産,decrease_10,jppfs_cor:Assets
109332,S100W2VL,jppfs_cor:NonOperatingIncome,営業外収益,increase_20,jppfs_cor:OrdinaryIncome
109333,S100W2VL,jppfs_cor:NotesReceivableTrade,受取手形,increase_20,jppfs_cor:CurrentAssets
109334,S100W2VL,jppfs_cor:GainOnSalesOfSubsidiariesAndAffiliatesStocksEI,関係会社株式売却益、特別利益,new,jppfs_cor:ExtraordinaryIncome
109335,S100W2VL,jppfs_cor:Liabilities,負債,decrease_10,jppfs_cor:LiabilitiesAndNetAssets
109336,S100W2VL,jppfs_cor:Merchandise,商品,decrease_10,jppfs_cor:CurrentAssets
109337,S100W2VL,jppfs_cor:OtherIA,その他、無形固定資産,stable,jppfs_cor:IntangibleAssets
109338,S100W2VL,jpcrp030000-asr_E02611-000:AllowanceForMaintenanceServiceFeeCL,無償サービス費引当金,increase_10,jppfs_cor:CurrentLiabilities
109339,S100W2VL,jppfs_cor:LeaseObligationsCL,リース債務、流動負債,decrease_20,jppfs_cor:CurrentLiabilities
109340,S100W2VL,jppfs_cor:LeaseObligationsNCL,リース債務、固定負債,decrease_20,jppfs_cor:NoncurrentLiabilities
109341,S100W2VL,jppfs_cor:DividendsIncomeNOI,受取配当金、営業外収益,increase_20,jppfs_cor:NonOperatingIncome
109342,S100W2VL,jppfs_cor:FiduciaryObligationFeeNOI,業務受託料、営業外収益,stable,jppfs_cor:NonOperatingIncome
109343,S100W2VL,jppfs_cor:ValuationDifferenceOnAvailableForSaleSecurities,その他有価証券評価差額金,decrease_10,jppfs_cor:ValuationAndTranslationAdjustments
109344,S100W2VL,jppfs_cor:InvestmentsInOtherSecuritiesOfSubsidiariesAndAffiliates,その他の関係会社有価証券,stable,jppfs_cor:InvestmentsAndOtherAssets
109345,S100W2VL,jppfs_cor:LossOnValuationOfStocksOfSubsidiariesAndAffiliatesEL,関係会社株式評価損、特別損失,new,jppfs_cor:ExtraordinaryLoss
109346,S100W2VL,jppfs_cor:LeaseAssetsIA,リース資産、無形固定資産,decrease_20,jppfs_cor:IntangibleAssets
109347,S100W2VL,jppfs_cor:OtherIOA,その他、投資その他の資産,decrease_20,jppfs_cor:InvestmentsAndOtherAssets
109348,S100W2VL,jppfs_cor:InvestmentSecurities,投資有価証券,stable,jppfs_cor:InvestmentsAndOtherAssets
109349,S100W2VL,jppfs_cor:NoncurrentLiabilities,固定負債,decrease_20,jppfs_cor:Liabilities
109350,S100W2VL,jppfs_cor:IntangibleAssets,無形固定資産,increase_10,jppfs_cor:NoncurrentAssets
109351,S100W2VL,jppfs_cor:PropertyPlantAndEquipment,有形固定資産,stable,jppfs_cor:NoncurrentAssets
109352,S100W2VL,jppfs_cor:GainOnExtinguishmentOfTieInSharesEI,抱合せ株式消滅差益、特別利益,new,jppfs_cor:ExtraordinaryIncome
109353,S100W2VL,jppfs_cor:GainOnSalesOfInvestmentSecuritiesEI,投資有価証券売却益、特別利益,decrease_20,jppfs_cor:ExtraordinaryIncome
109354,S100W2VL,jppfs_cor:LongTermPrepaidExpenses,長期前払費用,decrease_10,jppfs_cor:InvestmentsAndOtherAssets
109355,S100W2VL,jppfs_cor:ShareholdersEquity,株主資本,stable,jppfs_cor:NetAssets
109356,S100W2VL,jppfs_cor:OtherCA,その他、流動資産,decrease_10,jppfs_cor:CurrentAssets
109357,S100W2VL,jppfs_cor:ShortTermInvestmentSecurities,有価証券,decrease_20,jppfs_cor:CurrentAssets
109358,S100W2VL,jppfs_cor:TreasuryStock,自己株式,decrease_20,jppfs_cor:ShareholdersEquity
109359,S100W2VL,jppfs_cor:AllowanceForDoubtfulAccountsCA,貸倒引当金、流動資産、一括控除,new,jppfs_cor:CurrentAssets
109360,S100W2VL,jppfs_cor:UnearnedRevenue,前受収益,decrease_20,jppfs_cor:CurrentLiabilities
109361,S100W2VL,jppfs_cor:NoncurrentAssets,固定資産,stable,jppfs_cor:Assets
109362,S100W2VL,jppfs_cor:NetSales,売上高,increase_10,jppfs_cor:GrossProfit
109363,S100W2VL,jppfs_cor:ContractLiabilities,契約負債,decrease_10,jppfs_cor:CurrentLiabilities
109364,S100W2VL,jppfs_cor:Land,土地,stable,jppfs_cor:PropertyPlantAndEquipment
109365,S100W2VL,jpcrp030000-asr_E02611-000:ComputerForRentalAndOutsourcingNet,営業用コンピュータ,stable,jppfs_cor:PropertyPlantAndEquipment
109366,S100W2VL,jppfs_cor:IncomeTaxesCurrent,法人税、住民税及び事業税,decrease_10,jppfs_cor:IncomeTaxes
109367,S100W2VL,jppfs_cor:IncomeBeforeIncomeTaxes,税引前当期純利益又は税引前当期純損失（△）,decrease_10,jppfs_cor:ProfitLoss
109368,S100W2VL,jppfs_cor:LossOnValuationOfDerivativesNOE,デリバティブ評価損、営業外費用,new,jppfs_cor:NonOperatingExpenses
109369,S100W2VL,jppfs_cor:WorkInProcess,仕掛品,increase_20,jppfs_cor:CurrentAssets
109370,S100W2VL,jppfs_cor:LossOnInvestmentsInPartnershipNOE,投資事業組合運用損、営業外費用,increase_20,jppfs_cor:NonOperatingExpenses
109371,S100W2VL,jppfs_cor:GrossProfit,売上総利益又は売上総損失（△）,stable,jppfs_cor:OperatingIncome
109372,S100W2VL,jppfs_cor:CurrentPortionOfLongTermLoansPayable,１年内返済予定の長期借入金,increase_20,jppfs_cor:CurrentLiabilities
109373,S100W2VL,jppfs_cor:Supplies,貯蔵品,stable,jppfs_cor:CurrentAssets
109374,S100W2VL,jppfs_cor:ClaimsProvableInBankruptcyClaimsProvableInRehabilitationAndOther,破産更生債権等,stable,jppfs_cor:InvestmentsAndOtherAssets
109375,S100W2VL,jppfs_cor:ExtraordinaryLoss,特別損失,new,jppfs_cor:IncomeBeforeIncomeTaxes
109376,S100W2VL,jppfs_cor:IncomeTaxes,法人税等,stable,jppfs_cor:ProfitLoss
109377,S100W2VL,jppfs_cor:OtherEL,その他、特別損失,new,jppfs_cor:ExtraordinaryLoss
109378,S100W2VL,jppfs_cor:SellingGeneralAndAdministrativeExpenses,販売費及び一般管理費,increase_10,jppfs_cor:OperatingIncome
109379,S100W2VL,jppfs_cor:AccountsPayableTrade,買掛金,stable,jppfs_cor:CurrentLiabilities
109380,S100W2VL,jppfs_cor:AccountsReceivableTrade,売掛金,increase_10,jppfs_cor:CurrentAssets
109381,S100W2VL,jppfs_cor:CapitalStock,資本金,stable,jppfs_cor:ShareholdersEquity
109382,S100W2VL,jppfs_cor:DepositsReceived,預り金,increase_20,jppfs_cor:CurrentLiabilities
109383,S100W2VL,jppfs_cor:IncomeTaxesDeferred,法人税等調整額,decrease_20,jppfs_cor:IncomeTaxes
109384,S100W2VL,jppfs_cor:ProvisionOfAllowanceForDoubtfulAccountsForSubsidiariesAndAffiliatesEL,関係会社貸倒引当金繰入額、特別損失,new,jppfs_cor:ExtraordinaryLoss
109385,S100W2VL,jppfs_cor:OrdinaryIncome,経常利益又は経常損失（△）,increase_10,jppfs_cor:IncomeBeforeIncomeTaxes
109386,S100W2VL,jppfs_cor:OperatingIncome,営業利益又は営業損失（△）,stable,jppfs_cor:OrdinaryIncome
109387,S100W2VL,jppfs_cor:AssetRetirementObligationsCL,資産除去債務、流動負債,new,jppfs_cor:CurrentLiabilities
109388,S100W2VL,jppfs_cor:AssetRetirementObligationsNCL,資産除去債務、固定負債,decrease_10,jppfs_cor:NoncurrentLiabilities
109389,S100W2VL,jpcrp030000-asr_E02611-000:AllowanceForInvestmentLossNCL,投資損失引当金,decrease_20,jppfs_cor:NoncurrentLiabilities
109390,S100W2VL,jppfs_cor:AccountsPayableOther,未払金,stable,jppfs_cor:CurrentLiabilities
109391,S100W2VL,jppfs_cor:ValuationAndTranslationAdjustments,評価・換算差額等,decrease_10,jppfs_cor:NetAssets
109392,S100W2VL,jppfs_cor:CashAndDeposits,現金及び預金,increase_10,jppfs_cor:CurrentAssets
109393,S100W2VL,jppfs_cor:OtherCL,その他、流動負債,decrease_20,jppfs_cor:CurrentLiabilities
109394,S100W2VL,jppfs_cor:ImpairmentLossEL,減損損失、特別損失,new,jppfs_cor:ExtraordinaryLoss
109395,S100W2VL,jppfs_cor:OtherNOE,その他、営業外費用,decrease_20,jppfs_cor:NonOperatingExpenses
109396,S100W2VL,jppfs_cor:InvestmentsAndOtherAssets,投資その他の資産,stable,jppfs_cor:NoncurrentAssets
109397,S100W2VL,jppfs_cor:CostOfSales,売上原価,increase_10,jppfs_cor:GrossProfit
109398,S100W2VL,jppfs_cor:ExtraordinaryIncome,特別利益,decrease_20,jppfs_cor:IncomeBeforeIncomeTaxes
109399,S100W2VL,jppfs_cor:ReserveForReductionEntryOfBuildings,建物圧縮積立金,stable,jppfs_cor:RetainedEarnings
109400,S100W2VL,jpcrp030000-asr_E02611-000:ReserveForOpenInnovationNA,オープンイノベーション促進税制積立金,increase_20,jppfs_cor:RetainedEarnings
109401,S100W2VL,jppfs_cor:RetainedEarningsBroughtForward,繰越利益剰余金,decrease_10,jppfs_cor:RetainedEarnings
109402,S100W2VL,jppfs_cor:OtherNOI,その他、営業外収益,decrease_20,jppfs_cor:NonOperatingIncome
109403,S100W2VL,jppfs_cor:ProfitLoss,当期純利益又は当期純損失（△）（平成26年3月28日財規等改正後）,decrease_20,top_account
109404,S100W2VL,jppfs_cor:Software,ソフトウエア,increase_10,jppfs_cor:IntangibleAssets
109405,S100W2VL,jppfs_cor:DeferredTaxLiabilities,繰延税金負債,decrease_20,jppfs_cor:NoncurrentLiabilities
109406,S100W2VL,jppfs_cor:OtherEI,その他、特別利益,new,jppfs_cor:ExtraordinaryIncome
117254,S100W2GO,jppfs_cor:Inventories,棚卸資産,increase_10,jppfs_cor:CurrentAssets
117255,S100W2GO,jppfs_cor:ProvisionForDirectorsRetirementBenefitsSGA,役員退職慰労引当金繰入額、販売費及び一般管理費,decrease_20,jppfs_cor:SellingGeneralAndAdministrativeExpenses
117256,S100W2GO,jppfs_cor:OtherSGA,その他、販売費及び一般管理費,decrease_10,jppfs_cor:SellingGeneralAndAdministrativeExpenses
117257,S100W2GO,jppfs_cor:SellingGeneralAndAdministrativeExpenses,販売費及び一般管理費,increase_10,jppfs_cor:OperatingIncome
117258,S100W2GO,jppfs_cor:IncomeBeforeIncomeTaxes,税引前当期純利益又は税引前当期純損失（△）,increase_10,jppfs_cor:ProfitLoss
117259,S100W2GO,jppfs_cor:SubsidyIncomeNOI,補助金収入、営業外収益,decrease_20,jppfs_cor:NonOperatingIncome
117260,S100W2GO,jppfs_cor:DividendsIncomeNOI,受取配当金、営業外収益,increase_10,jppfs_cor:NonOperatingIncome
117261,S100W2GO,jppfs_cor:Land,土地,stable,jppfs_cor:PropertyPlantAndEquipment
117262,S100W2GO,jppfs_cor:PackingAndDeliveryExpensesSGA,荷造及び発送費、販売費及び一般管理費,increase_10,jppfs_cor:SellingGeneralAndAdministrativeExpenses
117263,S100W2GO,jppfs_cor:TravelingAndTransportationExpensesSGA,旅費及び交通費、販売費及び一般管理費,increase_10,jppfs_cor:SellingGeneralAndAdministrativeExpenses
117264,S100W2GO,jppfs_cor:ResearchAndDevelopmentExpensesSGA,研究開発費、販売費及び一般管理費,stable,jppfs_cor:SellingGeneralAndAdministrativeExpenses
117265,S100W2GO,jppfs_cor:InvestmentSecurities,投資有価証券,increase_10,jppfs_cor:InvestmentsAndOtherAssets
117266,S100W2GO,jppfs_cor:RetainedEarnings,利益剰余金,increase_10,jppfs_cor:ShareholdersEquity
117267,S100W2GO,jppfs_cor:ProvisionForShareBasedRemunerationSGA,株式給付引当金繰入額、販売費及び一般管理費,increase_20,jppfs_cor:SellingGeneralAndAdministrativeExpenses
117268,S100W2GO,jppfs_cor:GainOnSalesOfNoncurrentAssetsEI,固定資産売却益、特別利益,new,jppfs_cor:ExtraordinaryIncome
117269,S100W2GO,jppfs_cor:InsuranceIncomeNOI,受取保険金、営業外収益,increase_10,jppfs_cor:NonOperatingIncome
117270,S100W2GO,jppfs_cor:AccruedConsumptionTaxes,未払消費税等,decrease_20,jppfs_cor:CurrentLiabilities
117271,S100W2GO,jppfs_cor:InvestmentsAndOtherAssets,投資その他の資産,increase_10,jppfs_cor:NoncurrentAssets
117272,S100W2GO,jpcrp030000-asr_E01180-000:LossOnDisasterNOE,災害による損失,increase_10,jppfs_cor:NonOperatingExpenses
117273,S100W2GO,jppfs_cor:ConsumptionTaxesReceivable,未収消費税等,new,jppfs_cor:CurrentAssets
117274,S100W2GO,jppfs_cor:ExtraordinaryIncome,特別利益,decrease_20,jppfs_cor:IncomeBeforeIncomeTaxes
117275,S100W2GO,jppfs_cor:CashAndDeposits,現金及び預金,increase_10,jppfs_cor:CurrentAssets
117276,S100W2GO,jppfs_cor:ProfitLossAttributableToOwnersOfParent,親会社株主に帰属する当期純利益又は親会社株主に帰属する当期純損失（△）,increase_10,not_common_account
117277,S100W2GO,jppfs_cor:ProvisionForShareBasedRemunerationForDirectorsAndOtherOfficersSGA,役員株式給付引当金繰入額、販売費及び一般管理費,stable,jppfs_cor:SellingGeneralAndAdministrativeExpenses
117278,S100W2GO,jppfs_cor:IncomeTaxesCurrent,法人税、住民税及び事業税,decrease_10,jppfs_cor:IncomeTaxes
117279,S100W2GO,jppfs_cor:PersonalExpensesSGA,人件費、販売費及び一般管理費,increase_10,jppfs_cor:SellingGeneralAndAdministrativeExpenses
117280,S100W2GO,jppfs_cor:BondsPayable,社債,decrease_20,jppfs_cor:NoncurrentLiabilities
117281,S100W2GO,jppfs_cor:AccountsReceivableTrade,売掛金,stable,jppfs_cor:CurrentAssets
117282,S100W2GO,jppfs_cor:Goodwill,のれん,decrease_20,jppfs_cor:IntangibleAssets
117283,S100W2GO,jppfs_cor:CapitalStock,資本金,stable,jppfs_cor:ShareholdersEquity
117284,S100W2GO,jppfs_cor:ProvisionForBonusesSGA,賞与引当金繰入額、販売費及び一般管理費,decrease_10,jppfs_cor:SellingGeneralAndAdministrativeExpenses
117285,S100W2GO,jppfs_cor:ProvisionOfAllowanceForDoubtfulAccountsSGA,貸倒引当金繰入額、販売費及び一般管理費,increase_20,jppfs_cor:SellingGeneralAndAdministrativeExpenses
117286,S100W2GO,jppfs_cor:ProfitLoss,当期純利益又は当期純損失（△）（平成26年3月28日財規等改正後）,increase_10,top_account
117287,S100W2GO,jppfs_cor:DepreciationSGA,減価償却費、販売費及び一般管理費,decrease_10,jppfs_cor:SellingGeneralAndAdministrativeExpenses
117288,S100W2GO,jppfs_cor:OtherCA,その他、流動資産,decrease_20,jppfs_cor:CurrentAssets
117289,S100W2GO,jppfs_cor:ProvisionForProductWarranties,製品保証引当金,stable,jppfs_cor:CurrentLiabilities
117290,S100W2GO,jppfs_cor:AllowanceForDoubtfulAccountsIOAByGroup,貸倒引当金、投資その他の資産、一括控除,stable,jppfs_cor:InvestmentsAndOtherAssets
117291,S100W2GO,jppfs_cor:DeferredGainsOrLossesOnHedges,繰延ヘッジ損益,decrease_20,jppfs_cor:ValuationAndTranslationAdjustments
117292,S100W2GO,jppfs_cor:OrdinaryIncome,経常利益又は経常損失（△）,increase_10,jppfs_cor:IncomeBeforeIncomeTaxes
117293,S100W2GO,jppfs_cor:IncomeTaxes,法人税等,stable,jppfs_cor:ProfitLoss
117294,S100W2GO,jppfs_cor:OperatingIncome,営業利益又は営業損失（△）,increase_10,jppfs_cor:OrdinaryIncome
117295,S100W2GO,jppfs_cor:LossOnRetirementOfNoncurrentAssetsNOE,固定資産除却損、営業外費用,decrease_20,jppfs_cor:NonOperatingExpenses
117296,S100W2GO,jppfs_cor:OtherIA,その他、無形固定資産,stable,jppfs_cor:IntangibleAssets
117297,S100W2GO,jppfs_cor:OtherNOE,その他、営業外費用,increase_20,jppfs_cor:NonOperatingExpenses
117298,S100W2GO,jppfs_cor:NonOperatingExpenses,営業外費用,decrease_10,jppfs_cor:OrdinaryIncome
117299,S100W2GO,jppfs_cor:CurrentPortionOfBonds,１年内償還予定の社債,stable,jppfs_cor:CurrentLiabilities
117300,S100W2GO,jppfs_cor:OtherNOI,その他、営業外収益,increase_10,jppfs_cor:NonOperatingIncome
117301,S100W2GO,jppfs_cor:ProvisionForProductWarrantiesSGA,製品保証引当金繰入額、販売費及び一般管理費,increase_20,jppfs_cor:SellingGeneralAndAdministrativeExpenses
117302,S100W2GO,jppfs_cor:RetirementBenefitExpensesSGA,退職給付費用、販売費及び一般管理費,increase_20,jppfs_cor:SellingGeneralAndAdministrativeExpenses
117303,S100W2GO,jppfs_cor:NonOperatingIncome,営業外収益,decrease_10,jppfs_cor:OrdinaryIncome
117304,S100W2GO,jppfs_cor:IncomeTaxesDeferred,法人税等調整額,new,jppfs_cor:IncomeTaxes
117305,S100W2GO,jppfs_cor:AllowanceForDoubtfulAccountsCA,貸倒引当金、流動資産、一括控除,decrease_20,jppfs_cor:CurrentAssets
117306,S100W2GO,jppfs_cor:ShortTermLoansPayable,短期借入金,stable,jppfs_cor:CurrentLiabilities
117307,S100W2GO,jppfs_cor:ProvisionForDirectorsRetirementBenefits,役員退職慰労引当金,increase_10,jppfs_cor:NoncurrentLiabilities
117308,S100W2GO,jppfs_cor:TreasuryStock,自己株式,stable,jppfs_cor:ShareholdersEquity
117309,S100W2GO,jppfs_cor:CostOfSales,売上原価,increase_10,jppfs_cor:GrossProfit
117310,S100W2GO,jppfs_cor:NotesReceivableTrade,受取手形,decrease_20,jppfs_cor:CurrentAssets
117311,S100W2GO,jppfs_cor:NoncurrentAssets,固定資産,increase_10,jppfs_cor:Assets
117312,S100W2GO,jppfs_cor:NetDefinedBenefitLiability,退職給付に係る負債,increase_10,jppfs_cor:NoncurrentLiabilities
117313,S100W2GO,jppfs_cor:PropertyPlantAndEquipment,有形固定資産,stable,jppfs_cor:NoncurrentAssets
117314,S100W2GO,jppfs_cor:ProvisionForShareBasedRemunerationForDirectorsAndOtherOfficersNCL,役員株式給付引当金、固定負債,increase_20,jppfs_cor:NoncurrentLiabilities
117315,S100W2GO,jppfs_cor:CurrentLiabilities,流動負債,stable,jppfs_cor:Liabilities
117316,S100W2GO,jppfs_cor:ProvisionForBonuses,賞与引当金,decrease_10,jppfs_cor:CurrentLiabilities
117317,S100W2GO,jppfs_cor:NoncurrentLiabilities,固定負債,increase_10,jppfs_cor:Liabilities
117318,S100W2GO,jppfs_cor:ShareholdersEquity,株主資本,increase_10,jppfs_cor:NetAssets
117319,S100W2GO,jppfs_cor:OtherIOA,その他、投資その他の資産,decrease_10,jppfs_cor:InvestmentsAndOtherAssets
117320,S100W2GO,jppfs_cor:NetSales,売上高,increase_10,jppfs_cor:GrossProfit
117321,S100W2GO,jppfs_cor:ContractAssets,契約資産,new,jppfs_cor:CurrentAssets
117322,S100W2GO,jppfs_cor:ElectronicallyRecordedObligationsOperatingCL,電子記録債務、流動負債,decrease_10,jppfs_cor:CurrentLiabilities
117323,S100W2GO,jppfs_cor:AssetRetirementObligationsNCL,資産除去債務、固定負債,increase_20,jppfs_cor:NoncurrentLiabilities
117324,S100W2GO,jppfs_cor:Liabilities,負債,stable,jppfs_cor:LiabilitiesAndNetAssets
117325,S100W2GO,jppfs_cor:CapitalSurplus,資本剰余金,stable,jppfs_cor:ShareholdersEquity
117326,S100W2GO,jppfs_cor:ConstructionInProgress,建設仮勘定,increase_20,jppfs_cor:PropertyPlantAndEquipment
117327,S100W2GO,jppfs_cor:ContractLiabilities,契約負債,increase_20,jppfs_cor:CurrentLiabilities
117328,S100W2GO,jppfs_cor:CurrentAssets,流動資産,stable,jppfs_cor:Assets
117329,S100W2GO,jppfs_cor:ValuationDifferenceOnAvailableForSaleSecurities,その他有価証券評価差額金,increase_10,jppfs_cor:ValuationAndTranslationAdjustments
117330,S100W2GO,jppfs_cor:GainOnSalesOfInvestmentSecuritiesEI,投資有価証券売却益、特別利益,decrease_20,jppfs_cor:ExtraordinaryIncome
117331,S100W2GO,jppfs_cor:DeferredTaxAssets,繰延税金資産,decrease_20,jppfs_cor:InvestmentsAndOtherAssets
117332,S100W2GO,jppfs_cor:GrossProfit,売上総利益又は売上総損失（△）,increase_10,jppfs_cor:OperatingIncome
117333,S100W2GO,jppfs_cor:ProvisionForShareBasedRemunerationNCL,株式給付引当金、固定負債,increase_10,jppfs_cor:NoncurrentLiabilities
117334,S100W2GO,jppfs_cor:NotesAndAccountsPayableTrade,支払手形及び買掛金,increase_10,jppfs_cor:CurrentLiabilities
117335,S100W2GO,jppfs_cor:OtherCL,その他、流動負債,increase_10,jppfs_cor:CurrentLiabilities
117336,S100W2GO,jppfs_cor:InterestIncomeNOI,受取利息、営業外収益,decrease_20,jppfs_cor:NonOperatingIncome
117337,S100W2GO,jppfs_cor:OtherNCL,その他、固定負債,increase_10,jppfs_cor:NoncurrentLiabilities
117338,S100W2GO,jppfs_cor:IntangibleAssets,無形固定資産,decrease_10,jppfs_cor:NoncurrentAssets
117339,S100W2GO,jppfs_cor:InterestExpensesNOE,支払利息、営業外費用,increase_20,jppfs_cor:NonOperatingExpenses
117340,S100W2GO,jppfs_cor:ValuationAndTranslationAdjustments,評価・換算差額等,increase_10,jppfs_cor:NetAssets
117341,S100W2GO,jppfs_cor:IncomeTaxesPayable,未払法人税等,decrease_10,jppfs_cor:CurrentLiabilities
147591,S100W0U3,jppfs_cor:NoncurrentAssets,固定資産,stable,jppfs_cor:Assets
147592,S100W0U3,jppfs_cor:ToolsFurnitureAndFixtures,工具、器具及び備品,decrease_10,jppfs_cor:ToolsFurnitureAndFixturesNet
147593,S100W0U3,jppfs_cor:AccountsPayableOther,未払金,decrease_20,jppfs_cor:CurrentLiabilities
147594,S100W0U3,jpcrp030000-asr_E04741-000:AccountsPayableSubsidiariesAndAssociates,関係会社未払金,new,jppfs_cor:CurrentLiabilities
147595,S100W0U3,jppfs_cor:TreasuryStock,自己株式,stable,jppfs_cor:ShareholdersEquity
147596,S100W0U3,jppfs_cor:BusinessConsignmentExpensesSGA,業務委託費、販売費及び一般管理費,increase_10,jppfs_cor:OperatingExpenses
147597,S100W0U3,jppfs_cor:DepreciationSGA,減価償却費、販売費及び一般管理費,stable,jppfs_cor:OperatingExpenses
147598,S100W0U3,jppfs_cor:RetainedEarningsBroughtForward,繰越利益剰余金,stable,jppfs_cor:RetainedEarnings
147599,S100W0U3,jppfs_cor:LongTermLoansReceivableFromSubsidiariesAndAffiliates,関係会社長期貸付金,increase_20,jppfs_cor:InvestmentsAndOtherAssets
147600,S100W0U3,jppfs_cor:LongTermLoansPayable,長期借入金,increase_10,jppfs_cor:NoncurrentLiabilities
147601,S100W0U3,jppfs_cor:OtherCapitalSurplus,その他資本剰余金,stable,jppfs_cor:CapitalSurplus
147602,S100W0U3,jppfs_cor:ConstructionInProgress,建設仮勘定,increase_20,jppfs_cor:PropertyPlantAndEquipment
147603,S100W0U3,jppfs_cor:LegalCapitalSurplus,資本準備金,stable,jppfs_cor:CapitalSurplus
147604,S100W0U3,jppfs_cor:OtherIA,その他、無形固定資産,stable,jppfs_cor:IntangibleAssets
147605,S100W0U3,jppfs_cor:ExtraordinaryLoss,特別損失,new,jppfs_cor:IncomeBeforeIncomeTaxes
147606,S100W0U3,jppfs_cor:GeneralReserve,別途積立金,stable,jppfs_cor:RetainedEarnings
147607,S100W0U3,jppfs_cor:CapitalSurplus,資本剰余金,stable,jppfs_cor:ShareholdersEquity
147608,S100W0U3,jppfs_cor:InvestmentsAndOtherAssets,投資その他の資産,increase_20,jppfs_cor:NoncurrentAssets
147609,S100W0U3,jppfs_cor:LeaseBusinessRevenueSpecificRevOA,賃貸事業収入、営業活動による収益,stable,jppfs_cor:OperatingRevenue2
147610,S100W0U3,jppfs_cor:CurrentLiabilities,流動負債,increase_20,jppfs_cor:Liabilities
147611,S100W0U3,jppfs_cor:LongTermAccountsPayableOther,長期未払金,stable,jppfs_cor:NoncurrentLiabilities
147612,S100W0U3,jppfs_cor:AccumulatedDepreciationLeaseAssetsPPE,減価償却累計額、リース資産、有形固定資産,increase_20,jppfs_cor:LeaseAssetsNetPPE
147613,S100W0U3,jppfs_cor:OrdinaryIncome,経常利益又は経常損失（△）,increase_20,jppfs_cor:IncomeBeforeIncomeTaxes
147614,S100W0U3,jppfs_cor:CurrentPortionOfLongTermLoansPayable,１年内返済予定の長期借入金,increase_20,jppfs_cor:CurrentLiabilities
147615,S100W0U3,jppfs_cor:CurrentAssets,流動資産,stable,jppfs_cor:Assets
147616,S100W0U3,jppfs_cor:LeaseAssetsPPE,リース資産、有形固定資産,stable,jppfs_cor:LeaseAssetsNetPPE
147617,S100W0U3,jppfs_cor:NoncurrentLiabilities,固定負債,stable,jppfs_cor:Liabilities
147618,S100W0U3,jppfs_cor:OperatingIncome,営業利益又は営業損失（△）,increase_20,jppfs_cor:OrdinaryIncome
147619,S100W0U3,jppfs_cor:AccumulatedDepreciationStructures,減価償却累計額、構築物,stable,jppfs_cor:StructuresNet
147620,S100W0U3,jppfs_cor:PropertyPlantAndEquipment,有形固定資産,stable,jppfs_cor:NoncurrentAssets
147621,S100W0U3,jpcrp030000-asr_E04741-000:RegistrationFeeIncomeRev,登録手数料収入,increase_20,jppfs_cor:OperatingRevenue2
147622,S100W0U3,jppfs_cor:MachineryAndEquipment,機械及び装置,stable,jppfs_cor:MachineryAndEquipmentNet
147623,S100W0U3,jppfs_cor:RetainedEarnings,利益剰余金,stable,jppfs_cor:ShareholdersEquity
147624,S100W0U3,jppfs_cor:IncomeTaxesCurrent,法人税、住民税及び事業税,stable,jppfs_cor:IncomeTaxes
147625,S100W0U3,jppfs_cor:AccumulatedDepreciationVehicles,減価償却累計額、車両運搬具,increase_20,jppfs_cor:VehiclesNet
147626,S100W0U3,jppfs_cor:CapitalStock,資本金,stable,jppfs_cor:ShareholdersEquity
147627,S100W0U3,jppfs_cor:LossOnRetirementOfNoncurrentAssetsEL,固定資産除却損、特別損失,new,jppfs_cor:ExtraordinaryLoss
147628,S100W0U3,jppfs_cor:OtherIOA,その他、投資その他の資産,decrease_20,jppfs_cor:InvestmentsAndOtherAssets
147629,S100W0U3,jppfs_cor:IncomeTaxes,法人税等,stable,jppfs_cor:ProfitLoss
147630,S100W0U3,jppfs_cor:AnnualFeeIncomeRevOA,年会費収入、営業活動による収益,stable,jppfs_cor:OperatingRevenue2
147631,S100W0U3,jppfs_cor:Structures,構築物,stable,jppfs_cor:StructuresNet
147632,S100W0U3,jppfs_cor:InterestExpensesNOE,支払利息、営業外費用,increase_20,jppfs_cor:NonOperatingExpenses
147633,S100W0U3,jppfs_cor:CurrentPortionOfLongTermLoansReceivableFromSubsidiariesAndAffiliates,１年内回収予定の関係会社長期貸付金,increase_20,jppfs_cor:CurrentAssets
147634,S100W0U3,jppfs_cor:IncomeBeforeIncomeTaxes,税引前当期純利益又は税引前当期純損失（△）,increase_20,jppfs_cor:ProfitLoss
147635,S100W0U3,jppfs_cor:OtherCA,その他、流動資産,stable,jppfs_cor:CurrentAssets
147636,S100W0U3,jppfs_cor:IncomeTaxesPayable,未払法人税等,stable,jppfs_cor:CurrentLiabilities
147637,S100W0U3,jppfs_cor:OtherNOI,その他、営業外収益,decrease_20,jppfs_cor:NonOperatingIncome
147638,S100W0U3,jppfs_cor:CashAndDeposits,現金及び預金,stable,jppfs_cor:CurrentAssets
147639,S100W0U3,jppfs_cor:NonOperatingIncome,営業外収益,increase_20,jppfs_cor:OrdinaryIncome
147640,S100W0U3,jppfs_cor:OtherCL,その他、流動負債,increase_20,jppfs_cor:CurrentLiabilities
147641,S100W0U3,jppfs_cor:NonOperatingExpenses,営業外費用,increase_20,jppfs_cor:OrdinaryIncome
147642,S100W0U3,jppfs_cor:AccumulatedDepreciationMachineryAndEquipment,減価償却累計額、機械及び装置,stable,jppfs_cor:MachineryAndEquipmentNet
147643,S100W0U3,jpcrp030000-asr_E04741-000:AdmissionFeeNCL,入会金,stable,jppfs_cor:NoncurrentLiabilities
147644,S100W0U3,jppfs_cor:AllowanceForDoubtfulAccountsCA,貸倒引当金、流動資産、一括控除,increase_20,jppfs_cor:CurrentAssets
147645,S100W0U3,jppfs_cor:AccumulatedDepreciationBuildings,減価償却累計額、建物,stable,jppfs_cor:BuildingsNet
147646,S100W0U3,jppfs_cor:OtherCOSExpOA,その他、営業活動による費用・売上原価,increase_20,jppfs_cor:OperatingExpenses
147647,S100W0U3,jppfs_cor:TaxesAndDuesSGA,租税公課、販売費及び一般管理費,stable,jppfs_cor:OperatingExpenses
147648,S100W0U3,jppfs_cor:Buildings,建物,stable,jppfs_cor:BuildingsNet
147649,S100W0U3,jppfs_cor:ContractLiabilities,契約負債,stable,jppfs_cor:CurrentLiabilities
147650,S100W0U3,jppfs_cor:ShareholdersEquity,株主資本,stable,jppfs_cor:NetAssets
147651,S100W0U3,jppfs_cor:Land,土地,stable,jppfs_cor:PropertyPlantAndEquipment
147652,S100W0U3,jppfs_cor:Liabilities,負債,increase_10,jppfs_cor:LiabilitiesAndNetAssets
147653,S100W0U3,jppfs_cor:ProfitLoss,当期純利益又は当期純損失（△）（平成26年3月28日財規等改正後）,increase_20,top_account
147654,S100W0U3,jppfs_cor:Vehicles,車両運搬具,increase_20,jppfs_cor:VehiclesNet
147655,S100W0U3,jppfs_cor:ProvisionOfAllowanceForDoubtfulAccountsSGA,貸倒引当金繰入額、販売費及び一般管理費,increase_20,jppfs_cor:OperatingExpenses
147656,S100W0U3,jppfs_cor:InterestIncomeNOI,受取利息、営業外収益,new,jppfs_cor:NonOperatingIncome
147657,S100W0U3,jppfs_cor:IntangibleAssets,無形固定資産,stable,jppfs_cor:NoncurrentAssets
147658,S100W0U3,jppfs_cor:LeaseObligationsNCL,リース債務、固定負債,decrease_20,jppfs_cor:NoncurrentLiabilities
147659,S100W0U3,jppfs_cor:GuaranteeDepositsIOA,差入保証金、投資その他の資産,stable,jppfs_cor:InvestmentsAndOtherAssets
147660,S100W0U3,jppfs_cor:OperatingExpenses,営業費用,increase_10,jppfs_cor:OperatingIncome
147661,S100W0U3,jppfs_cor:OperatingRevenue2,営業収入,stable,jppfs_cor:OperatingIncome
147662,S100W0U3,jppfs_cor:LeaseObligationsCL,リース債務、流動負債,decrease_20,jppfs_cor:CurrentLiabilities
147663,S100W0U3,jppfs_cor:AccumulatedDepreciationToolsFurnitureAndFixtures,減価償却累計額、工具、器具及び備品,decrease_10,jppfs_cor:ToolsFurnitureAndFixturesNet
208630,S100VTE4,jpcrp030000-asr_E04681-000:SalariesAndAllowancesCOSExpOA,給料手当,increase_10,jppfs_cor:CostOfSales
208631,S100VTE4,jpcrp030000-asr_E04681-000:GainOnRedemptionOfDepositsOnAdmissionEI,入会預り保証金償還益,new,jppfs_cor:ExtraordinaryIncome
208632,S100VTE4,jppfs_cor:AccruedExpenses,未払費用,stable,jppfs_cor:CurrentLiabilities
208633,S100VTE4,jppfs_cor:InsuranceFunds,保険積立金,increase_10,jppfs_cor:InvestmentsAndOtherAssets
208634,S100VTE4,jppfs_cor:CurrentLiabilities,流動負債,increase_20,jppfs_cor:Liabilities
208635,S100VTE4,jpcrp030000-asr_E04681-000:ComissionFeesSGA,諸手数料,increase_10,jppfs_cor:SellingGeneralAndAdministrativeExpenses
208636,S100VTE4,jppfs_cor:TelephoneSubscriptionRight,電話加入権,stable,jppfs_cor:IntangibleAssets
208637,S100VTE4,jppfs_cor:CurrentAssets,流動資産,increase_10,jppfs_cor:Assets
208638,S100VTE4,jppfs_cor:TotalBeginningAndPurchaseOfGoods,合計、商品期首棚卸高及び当期商品仕入高,decrease_10,jppfs_cor:CostOfGoodsSold
208639,S100VTE4,jppfs_cor:PropertyPlantAndEquipment,有形固定資産,stable,jppfs_cor:NoncurrentAssets
208640,S100VTE4,jppfs_cor:EndingGoodsCOS,商品期末棚卸高、売上原価,decrease_20,jppfs_cor:CostOfGoodsSold
208641,S100VTE4,jppfs_cor:GolfCourses,コース勘定,stable,jppfs_cor:PropertyPlantAndEquipment
208642,S100VTE4,jppfs_cor:ProvisionOfAllowanceForDoubtfulAccountsSGA,貸倒引当金繰入額、販売費及び一般管理費,decrease_20,jppfs_cor:SellingGeneralAndAdministrativeExpenses
208643,S100VTE4,jpcrp030000-asr_E04681-000:CourseMaintenanceExpensesCOSExpOA,コース資材費,decrease_10,jppfs_cor:CostOfSales
208644,S100VTE4,jpcrp030000-asr_E04681-000:RawMaterialsCOSExpOA,原材料費,decrease_10,jppfs_cor:CostOfSales
208645,S100VTE4,jppfs_cor:InsuranceExpensesSGA,保険料、販売費及び一般管理費,decrease_10,jppfs_cor:CostOfSales
208646,S100VTE4,jppfs_cor:CostOfSales,売上原価,stable,jppfs_cor:GrossProfit
208647,S100VTE4,jppfs_cor:TravelingAndTransportationExpensesSGA,旅費及び交通費、販売費及び一般管理費,decrease_10,jppfs_cor:SellingGeneralAndAdministrativeExpenses
208648,S100VTE4,jppfs_cor:InsuranceIncomeEI,受取保険金、特別利益,new,jppfs_cor:ExtraordinaryIncome
208649,S100VTE4,jppfs_cor:EntertainmentExpensesSGA,交際費、販売費及び一般管理費,increase_20,jppfs_cor:SellingGeneralAndAdministrativeExpenses
208650,S100VTE4,jppfs_cor:InterestIncomeNOI,受取利息、営業外収益,new,jppfs_cor:NonOperatingIncome
208651,S100VTE4,jppfs_cor:ToolsFurnitureAndFixtures,工具、器具及び備品,stable,jppfs_cor:ToolsFurnitureAndFixturesNet
208652,S100VTE4,jppfs_cor:OfficeSuppliesExpensesSGA,事務用消耗品費、販売費及び一般管理費,increase_20,jppfs_cor:SellingGeneralAndAdministrativeExpenses
208653,S100VTE4,jppfs_cor:GainOnSalesOfNoncurrentAssetsEI,固定資産売却益、特別利益,decrease_20,jppfs_cor:ExtraordinaryIncome
208654,S100VTE4,jppfs_cor:ExtraordinaryIncome,特別利益,new,jppfs_cor:IncomeBeforeIncomeTaxes
208655,S100VTE4,jppfs_cor:LongTermPrepaidExpenses,長期前払費用,decrease_10,jppfs_cor:InvestmentsAndOtherAssets
208656,S100VTE4,jppfs_cor:CashAndDeposits,現金及び預金,increase_10,jppfs_cor:CurrentAssets
208657,S100VTE4,jppfs_cor:AllowanceForDoubtfulAccountsIOAByGroup,貸倒引当金、投資その他の資産、一括控除,decrease_20,jppfs_cor:InvestmentsAndOtherAssets
208658,S100VTE4,jppfs_cor:IncomeBeforeIncomeTaxes,税引前当期純利益又は税引前当期純損失（△）,increase_20,jppfs_cor:ProfitLoss
208659,S100VTE4,jppfs_cor:ExtraordinaryLoss,特別損失,decrease_20,jppfs_cor:IncomeBeforeIncomeTaxes
208660,S100VTE4,jppfs_cor:IncomeTaxes,法人税等,increase_20,jppfs_cor:ProfitLoss
208661,S100VTE4,jpcrp030000-asr_E04681-000:ComissionFeesCOSExpOA,諸手数料,decrease_20,jppfs_cor:CostOfSales
208662,S100VTE4,jppfs_cor:RetirementBenefitExpensesSGA,退職給付費用、販売費及び一般管理費,decrease_20,jppfs_cor:SellingGeneralAndAdministrativeExpenses
208663,S100VTE4,jppfs_cor:BeginningGoodsCOS,商品期首棚卸高、売上原価,increase_10,jppfs_cor:TotalBeginningAndPurchaseOfGoods
208664,S100VTE4,jppfs_cor:DeferredTaxLiabilities,繰延税金負債,decrease_20,jppfs_cor:NoncurrentLiabilities
208665,S100VTE4,jpcrp030000-asr_E04681-000:LongOverdueReceivablesIOA,長期滞留債権,decrease_20,jppfs_cor:InvestmentsAndOtherAssets
208666,S100VTE4,jppfs_cor:RentExpensesSGA,賃借料、販売費及び一般管理費,decrease_10,jppfs_cor:SellingGeneralAndAdministrativeExpenses
208667,S100VTE4,jppfs_cor:RepairExpensesSGA,修繕費、販売費及び一般管理費,decrease_20,jppfs_cor:CostOfSales
208668,S100VTE4,jppfs_cor:SubcontractExpensesSGA,外注費、販売費及び一般管理費,increase_20,jppfs_cor:CostOfSales
208669,S100VTE4,jppfs_cor:DividendsIncomeNOI,受取配当金、営業外収益,decrease_20,jppfs_cor:NonOperatingIncome
208670,S100VTE4,jpcrp030000-asr_E04681-000:PurchasedRawMaterialsCOSExpOA,当期原材料仕入高,decrease_10,jpcrp030000-asr_E04681-000:TotalBeginningAndPurchasedRawMaterialsCOSExpOA
208671,S100VTE4,jpcrp030000-asr_E04681-000:BeginningRawMaterialsCOSExpOA,原材料期首棚卸高,stable,jpcrp030000-asr_E04681-000:TotalBeginningAndPurchasedRawMaterialsCOSExpOA
208672,S100VTE4,jppfs_cor:Vehicles,車両運搬具,stable,jppfs_cor:VehiclesNet
208673,S100VTE4,jppfs_cor:Software,ソフトウエア,decrease_20,jppfs_cor:IntangibleAssets
208674,S100VTE4,jpcrp030000-asr_E04681-000:LongTermTimeDepositsIOA,長期性預金,stable,jppfs_cor:InvestmentsAndOtherAssets
208675,S100VTE4,jppfs_cor:SuppliesExpensesSGA,消耗品費、販売費及び一般管理費,increase_10,jppfs_cor:CostOfSales
208676,S100VTE4,jppfs_cor:MiscellaneousIncomeNOI,雑収入、営業外収益,decrease_20,jppfs_cor:NonOperatingIncome
208677,S100VTE4,jppfs_cor:TaxesAndDuesSGA,租税公課、販売費及び一般管理費,increase_20,jppfs_cor:SellingGeneralAndAdministrativeExpenses
208678,S100VTE4,jppfs_cor:GrossProfit,売上総利益又は売上総損失（△）,decrease_20,jppfs_cor:OperatingIncome
208679,S100VTE4,jppfs_cor:AnnualFeeIncomeRevOA,年会費収入、営業活動による収益,stable,jppfs_cor:NetSales
208680,S100VTE4,jppfs_cor:AccumulatedDepreciationToolsFurnitureAndFixtures,減価償却累計額、工具、器具及び備品,stable,jppfs_cor:ToolsFurnitureAndFixturesNet
208681,S100VTE4,jppfs_cor:TreasuryStock,自己株式,stable,jppfs_cor:ShareholdersEquity
208682,S100VTE4,jpcrp030000-asr_E04681-000:ShortTermTimeDepositsCA,定期預金,stable,jppfs_cor:CurrentAssets
208683,S100VTE4,jpcrp030000-asr_E04681-000:ProvisionForBonusesCOSExpOA,賞与引当金繰入額,increase_10,jppfs_cor:CostOfSales
208684,S100VTE4,jpcrp030000-asr_E04681-000:EndingRawMaterialsCOSExpOA,原材料期末棚卸高,stable,jpcrp030000-asr_E04681-000:RawMaterialsCOSExpOA
208685,S100VTE4,jppfs_cor:Buildings,建物,stable,jppfs_cor:BuildingsNet
208686,S100VTE4,jppfs_cor:SalariesAndAllowancesSGA,給料及び手当、販売費及び一般管理費,decrease_10,jppfs_cor:SellingGeneralAndAdministrativeExpenses
208687,S100VTE4,jppfs_cor:Land,土地,stable,jppfs_cor:PropertyPlantAndEquipment
208688,S100VTE4,jpcrp030000-asr_E04681-000:ReserveForBuildingsRE,建物準備金,increase_10,jppfs_cor:RetainedEarnings
208689,S100VTE4,jppfs_cor:Liabilities,負債,stable,jppfs_cor:LiabilitiesAndNetAssets
208690,S100VTE4,jppfs_cor:Merchandise,商品,decrease_20,jppfs_cor:CurrentAssets
208691,S100VTE4,jppfs_cor:LossOnRetirementOfNoncurrentAssetsEL,固定資産除却損、特別損失,new,jppfs_cor:ExtraordinaryLoss
208692,S100VTE4,jppfs_cor:LossOnDisasterEL,災害による損失、特別損失,decrease_20,jppfs_cor:ExtraordinaryLoss
208693,S100VTE4,jppfs_cor:IncomeTaxesCurrent,法人税、住民税及び事業税,increase_20,jppfs_cor:IncomeTaxes
208694,S100VTE4,jpcrp030000-asr_E04681-000:RetirementBenefitExpensesCOSExpOA,退職給付費用,decrease_20,jppfs_cor:CostOfSales
208695,S100VTE4,jppfs_cor:SellingGeneralAndAdministrativeExpenses,販売費及び一般管理費,decrease_10,jppfs_cor:OperatingIncome
208696,S100VTE4,jppfs_cor:ShareholdersEquity,株主資本,stable,jppfs_cor:NetAssets
208697,S100VTE4,jppfs_cor:PrepaidExpenses,前払費用,stable,jppfs_cor:CurrentAssets
208698,S100VTE4,jppfs_cor:NoncurrentLiabilities,固定負債,decrease_20,jppfs_cor:Liabilities
208699,S100VTE4,jppfs_cor:AccumulatedDepreciationVehicles,減価償却累計額、車両運搬具,stable,jppfs_cor:VehiclesNet
208700,S100VTE4,jppfs_cor:NoncurrentAssets,固定資産,stable,jppfs_cor:Assets
208701,S100VTE4,jpcrp030000-asr_E04681-000:SalesOfGoodsRevOA,商品売上収入,decrease_10,jppfs_cor:NetSales
208702,S100VTE4,jppfs_cor:GainOnSalesOfInvestmentSecuritiesEI,投資有価証券売却益、特別利益,new,jppfs_cor:ExtraordinaryIncome
208703,S100VTE4,jppfs_cor:RetainedEarningsBroughtForward,繰越利益剰余金,increase_10,jppfs_cor:RetainedEarnings
208704,S100VTE4,jppfs_cor:ProvisionForBonusesSGA,賞与引当金繰入額、販売費及び一般管理費,decrease_10,jppfs_cor:SellingGeneralAndAdministrativeExpenses
208705,S100VTE4,jpcrp030000-asr_E04681-000:DepositsOnAdmissionNCL,入会預り保証金,decrease_20,jppfs_cor:NoncurrentLiabilities
208706,S100VTE4,jppfs_cor:OrdinaryIncome,経常利益又は経常損失（△）,decrease_20,jppfs_cor:IncomeBeforeIncomeTaxes
208707,S100VTE4,jppfs_cor:AccumulatedDepreciationStructures,減価償却累計額、構築物,stable,jppfs_cor:StructuresNet
208708,S100VTE4,jpcrp030000-asr_E04681-000:CommunicationExpensesCOSExpOA,通信費,decrease_10,jppfs_cor:CostOfSales
208709,S100VTE4,jpcrp030000-asr_E04681-000:CompetitionExpensesCOSExpOA,競技費,increase_20,jppfs_cor:CostOfSales
208710,S100VTE4,jppfs_cor:OtherIOA,その他、投資その他の資産,stable,jppfs_cor:InvestmentsAndOtherAssets
208711,S100VTE4,jppfs_cor:ProvisionForDirectorsRetirementBenefitsSGA,役員退職慰労引当金繰入額、販売費及び一般管理費,new,jppfs_cor:SellingGeneralAndAdministrativeExpenses
208712,S100VTE4,jppfs_cor:IntangibleAssets,無形固定資産,decrease_20,jppfs_cor:NoncurrentAssets
208713,S100VTE4,jpcrp030000-asr_E04681-000:MiscellaneousExpensesCOSExpOA,雑費,stable,jppfs_cor:CostOfSales
208714,S100VTE4,jppfs_cor:ProvisionForRetirementBenefits,退職給付引当金,increase_10,jppfs_cor:NoncurrentLiabilities
208715,S100VTE4,jppfs_cor:OtherCapitalSurplus,その他資本剰余金,stable,jppfs_cor:CapitalSurplus
208716,S100VTE4,jppfs_cor:RawMaterialsAndSupplies,原材料及び貯蔵品,stable,jppfs_cor:CurrentAssets
208717,S100VTE4,jppfs_cor:OtherCA,その他、流動資産,new,jppfs_cor:CurrentAssets
208718,S100VTE4,jppfs_cor:InvestmentsAndOtherAssets,投資その他の資産,decrease_10,jppfs_cor:NoncurrentAssets
208719,S100VTE4,jppfs_cor:OtherCL,その他、流動負債,decrease_10,jppfs_cor:CurrentLiabilities
208720,S100VTE4,jpcrp030000-asr_E04681-000:DepreciationCOSExpOA,減価償却費,stable,jppfs_cor:CostOfSales
208721,S100VTE4,jppfs_cor:ValuationDifferenceOnAvailableForSaleSecurities,その他有価証券評価差額金,decrease_20,jppfs_cor:ValuationAndTranslationAdjustments
208722,S100VTE4,jppfs_cor:IncomeTaxesPayable,未払法人税等,increase_20,jppfs_cor:CurrentLiabilities
208723,S100VTE4,jppfs_cor:AccountsPayableTrade,買掛金,decrease_10,jppfs_cor:CurrentLiabilities
208724,S100VTE4,jpcrp030000-asr_E04681-000:WelfareExpensesCOSExpOA,福利厚生費,stable,jppfs_cor:CostOfSales
208725,S100VTE4,jppfs_cor:AdvancesReceived,前受金,stable,jppfs_cor:CurrentLiabilities
208726,S100VTE4,jppfs_cor:Structures,構築物,increase_10,jppfs_cor:StructuresNet
208727,S100VTE4,jppfs_cor:OtherIA,その他、無形固定資産,stable,jppfs_cor:IntangibleAssets
208728,S100VTE4,jppfs_cor:AccountsReceivableTrade,売掛金,decrease_10,jppfs_cor:CurrentAssets
208729,S100VTE4,jppfs_cor:CapitalStock,資本金,stable,jppfs_cor:ShareholdersEquity
208730,S100VTE4,jpcrp030000-asr_E04681-000:TotalBeginningAndPurchasedRawMaterialsCOSExpOA,合計,decrease_10,jpcrp030000-asr_E04681-000:RawMaterialsCOSExpOA
208731,S100VTE4,jpcrp030000-asr_E04681-000:GolfPlayRevenueRevOA,プレー収入,decrease_10,jppfs_cor:NetSales
208732,S100VTE4,jppfs_cor:AccountsPayableOther,未払金,increase_20,jppfs_cor:CurrentLiabilities
208733,S100VTE4,jpcrp030000-asr_E04681-000:TransportationExpensesCOSExpOA,旅費交通費,new,jppfs_cor:CostOfSales
208734,S100VTE4,jppfs_cor:NonOperatingIncome,営業外収益,decrease_20,jppfs_cor:OrdinaryIncome
208735,S100VTE4,jpcrp030000-asr_E04681-000:MedicalExpensesCOSExpOA,衛生管理費,decrease_10,jppfs_cor:CostOfSales
208736,S100VTE4,jppfs_cor:AccumulatedDepreciationBuildings,減価償却累計額、建物,stable,jppfs_cor:BuildingsNet
208737,S100VTE4,jppfs_cor:DepositsReceived,預り金,increase_10,jppfs_cor:CurrentLiabilities
208738,S100VTE4,jpcrp030000-asr_E04681-000:ContributionsSGA,寄附金,decrease_10,jppfs_cor:SellingGeneralAndAdministrativeExpenses
208739,S100VTE4,jpcrp030000-asr_E04681-000:RegistrationFeeRevenueRevOA,登録料収入,decrease_10,jppfs_cor:NetSales
208740,S100VTE4,jppfs_cor:InvestmentSecurities,投資有価証券,decrease_10,jppfs_cor:InvestmentsAndOtherAssets
208741,S100VTE4,jppfs_cor:IncomeTaxesDeferred,法人税等調整額,increase_20,jppfs_cor:IncomeTaxes
208742,S100VTE4,jppfs_cor:CostOfGoodsSold,商品売上原価,decrease_10,jppfs_cor:CostOfSales
208743,S100VTE4,jppfs_cor:AllowanceForDoubtfulAccountsCA,貸倒引当金、流動資産、一括控除,decrease_20,jppfs_cor:CurrentAssets
208744,S100VTE4,jppfs_cor:OtherRevenue2RevOA,その他の収入、営業活動による収益,increase_10,jppfs_cor:NetSales
208745,S100VTE4,jppfs_cor:WelfareExpensesSGA,福利厚生費、販売費及び一般管理費,decrease_10,jppfs_cor:SellingGeneralAndAdministrativeExpenses
208746,S100VTE4,jppfs_cor:CommunicationExpensesSGA,通信費、販売費及び一般管理費,decrease_10,jppfs_cor:SellingGeneralAndAdministrativeExpenses
208747,S100VTE4,jppfs_cor:InvestmentsInCapital,出資金,stable,jppfs_cor:InvestmentsAndOtherAssets
208748,S100VTE4,jppfs_cor:ValuationAndTranslationAdjustments,評価・換算差額等,decrease_20,jppfs_cor:NetAssets
208749,S100VTE4,jppfs_cor:NetSales,売上高,decrease_10,jppfs_cor:GrossProfit
208750,S100VTE4,jppfs_cor:ProfitLoss,当期純利益又は当期純損失（△）（平成26年3月28日財規等改正後）,increase_20,top_account
208751,S100VTE4,jppfs_cor:CostOfPurchasedGoods,当期商品仕入高,decrease_10,jppfs_cor:TotalBeginningAndPurchaseOfGoods
208752,S100VTE4,jppfs_cor:UtilitiesExpensesSGA,水道光熱費、販売費及び一般管理費,increase_20,jppfs_cor:CostOfSales
208753,S100VTE4,jpcrp030000-asr_E04681-000:RentExpensesCOSExpOA,賃借料,increase_10,jppfs_cor:CostOfSales
208754,S100VTE4,jpcrp030000-asr_E04681-000:RestaurantRevenueRevOA,レストラン収入,decrease_10,jppfs_cor:NetSales
208755,S100VTE4,jppfs_cor:GainOnBadDebtsRecoveredNOI,償却債権取立益、営業外収益,decrease_20,jppfs_cor:NonOperatingIncome
208756,S100VTE4,jppfs_cor:AdvertisingExpensesSGA,広告宣伝費、販売費及び一般管理費,decrease_10,jppfs_cor:SellingGeneralAndAdministrativeExpenses
208757,S100VTE4,jppfs_cor:OperatingIncome,営業利益又は営業損失（△）,decrease_20,jppfs_cor:OrdinaryIncome
208758,S100VTE4,jppfs_cor:CapitalSurplus,資本剰余金,stable,jppfs_cor:ShareholdersEquity
208759,S100VTE4,jpcrp030000-asr_E04681-000:TaxesAndDuesCOSExpOA,租税公課,increase_10,jppfs_cor:CostOfSales
208760,S100VTE4,jppfs_cor:ConstructionInProgress,建設仮勘定,stable,jppfs_cor:PropertyPlantAndEquipment
208761,S100VTE4,jppfs_cor:ProvisionForBonuses,賞与引当金,increase_10,jppfs_cor:CurrentLiabilities
208762,S100VTE4,jppfs_cor:ProvisionForDirectorsRetirementBenefits,役員退職慰労引当金,stable,jppfs_cor:NoncurrentLiabilities
208763,S100VTE4,jppfs_cor:RetainedEarnings,利益剰余金,increase_10,jppfs_cor:ShareholdersEquity
208764,S100VTE4,jpcrp030000-asr_E04681-000:FuelExpensesCOSExpOA,燃料費,stable,jppfs_cor:CostOfSales
208765,S100VTE4,jppfs_cor:DepreciationSGA,減価償却費、販売費及び一般管理費,increase_20,jppfs_cor:SellingGeneralAndAdministrativeExpenses
208766,S100VTE4,jppfs_cor:MiscellaneousExpensesSGA,雑費、販売費及び一般管理費,decrease_20,jppfs_cor:SellingGeneralAndAdministrativeExpenses
275981,S100UZSX,jppfs_cor:OtherNCL,その他、固定負債,increase_10,jppfs_cor:NoncurrentLiabilities
275982,S100UZSX,jppfs_cor:DeferredTaxAssets,繰延税金資産,increase_20,jppfs_cor:InvestmentsAndOtherAssets
275983,S100UZSX,jppfs_cor:IncomeBeforeIncomeTaxes,税引前当期純利益又は税引前当期純損失（△）,increase_10,jppfs_cor:ProfitLoss
275984,S100UZSX,jppfs_cor:LongTermLeaseDeposited,長期預り敷金,stable,jppfs_cor:NoncurrentLiabilities
275985,S100UZSX,jppfs_cor:RealEstateForSaleInProcess,仕掛販売用不動産,stable,jppfs_cor:CurrentAssets
275986,S100UZSX,jppfs_cor:ProfitLoss,当期純利益又は当期純損失（△）（平成26年3月28日財規等改正後）,increase_10,top_account
275987,S100UZSX,jppfs_cor:NetSales,売上高,increase_10,jppfs_cor:GrossProfit
275988,S100UZSX,jppfs_cor:AccountsPayableTrade,買掛金,increase_20,jppfs_cor:CurrentLiabilities
275989,S100UZSX,jppfs_cor:RealEstateForSale,販売用不動産,increase_20,jppfs_cor:CurrentAssets
275990,S100UZSX,jppfs_cor:InsurancePremiumsRefundedCancellationNOI,保険解約返戻金、営業外収益,decrease_20,jppfs_cor:NonOperatingIncome
275991,S100UZSX,jppfs_cor:CashAndDeposits,現金及び預金,increase_10,jppfs_cor:CurrentAssets
275992,S100UZSX,jppfs_cor:OperatingIncome,営業利益又は営業損失（△）,increase_10,jppfs_cor:OrdinaryIncome
275993,S100UZSX,jppfs_cor:InvestmentSecurities,投資有価証券,increase_10,jppfs_cor:InvestmentsAndOtherAssets
275994,S100UZSX,jppfs_cor:OrdinaryIncome,経常利益又は経常損失（△）,increase_10,jppfs_cor:IncomeBeforeIncomeTaxes
275995,S100UZSX,jppfs_cor:Goodwill,のれん,decrease_20,jppfs_cor:IntangibleAssets
275996,S100UZSX,jppfs_cor:CapitalSurplus,資本剰余金,increase_10,jppfs_cor:ShareholdersEquity
275997,S100UZSX,jppfs_cor:NonOperatingIncome,営業外収益,decrease_10,jppfs_cor:OrdinaryIncome
275998,S100UZSX,jppfs_cor:AllowanceForDoubtfulAccountsIOAByGroup,貸倒引当金、投資その他の資産、一括控除,increase_20,jppfs_cor:InvestmentsAndOtherAssets
275999,S100UZSX,jppfs_cor:NetDefinedBenefitLiability,退職給付に係る負債,increase_10,jppfs_cor:NoncurrentLiabilities
276000,S100UZSX,jppfs_cor:OtherIA,その他、無形固定資産,decrease_10,jppfs_cor:IntangibleAssets
276001,S100UZSX,jppfs_cor:ProfitLossAttributableToOwnersOfParent,親会社株主に帰属する当期純利益又は親会社株主に帰属する当期純損失（△）,increase_10,not_common_account
276002,S100UZSX,jppfs_cor:ValuationAndTranslationAdjustments,評価・換算差額等,decrease_10,jppfs_cor:NetAssets
276003,S100UZSX,jppfs_cor:OtherCA,その他、流動資産,stable,jppfs_cor:CurrentAssets
276004,S100UZSX,jppfs_cor:GrossProfit,売上総利益又は売上総損失（△）,increase_10,jppfs_cor:OperatingIncome
276005,S100UZSX,jppfs_cor:OtherIOA,その他、投資その他の資産,increase_10,jppfs_cor:InvestmentsAndOtherAssets
276006,S100UZSX,jppfs_cor:AccountsReceivableTrade,売掛金,increase_20,jppfs_cor:CurrentAssets
276007,S100UZSX,jppfs_cor:ValuationDifferenceOnAvailableForSaleSecurities,その他有価証券評価差額金,decrease_10,jppfs_cor:ValuationAndTranslationAdjustments
276008,S100UZSX,jppfs_cor:NonOperatingExpenses,営業外費用,increase_20,jppfs_cor:OrdinaryIncome
276009,S100UZSX,jppfs_cor:AccumulatedDepreciationAndImpairmentLossMachineryEquipmentAndVehicles,減価償却累計額及び減損損失累計額、機械装置及び運搬具,decrease_10,jppfs_cor:MachineryEquipmentAndVehiclesNet
276010,S100UZSX,jppfs_cor:GainOnSalesOfNoncurrentAssetsEI,固定資産売却益、特別利益,new,jppfs_cor:ExtraordinaryIncome
276011,S100UZSX,jppfs_cor:LossOnReductionOfNoncurrentAssetsEL,固定資産圧縮損、特別損失,new,jppfs_cor:ExtraordinaryLoss
276012,S100UZSX,jppfs_cor:AccumulatedDepreciationAndImpairmentLossBuildingsAndStructures,減価償却累計額及び減損損失累計額、建物及び構築物,increase_10,jppfs_cor:BuildingsAndStructuresNet
276013,S100UZSX,jppfs_cor:InsuranceIncomeNOI,受取保険金、営業外収益,increase_10,jppfs_cor:NonOperatingIncome
276014,S100UZSX,jppfs_cor:LossOnRetirementOfNoncurrentAssetsEL,固定資産除却損、特別損失,decrease_20,jppfs_cor:ExtraordinaryLoss
276015,S100UZSX,jppfs_cor:OtherCL,その他、流動負債,stable,jppfs_cor:CurrentLiabilities
276016,S100UZSX,jppfs_cor:OtherPPE,その他、有形固定資産,increase_20,jppfs_cor:OtherNetPPE
276017,S100UZSX,jpcrp030000-asr_E34256-000:DividendDistributionFromSilentPartnershipsNOE,匿名組合損益分配額,increase_20,jppfs_cor:NonOperatingExpenses
276018,S100UZSX,jppfs_cor:AccumulatedDepreciationAndImpairmentLossOtherPPE,減価償却累計額及び減損損失累計額、その他、有形固定資産,increase_10,jppfs_cor:OtherNetPPE
276019,S100UZSX,jppfs_cor:SettlementPackageNOE,和解金、営業外費用,stable,jppfs_cor:NonOperatingExpenses
276020,S100UZSX,jppfs_cor:ShortTermLoansPayable,短期借入金,decrease_10,jppfs_cor:CurrentLiabilities
276021,S100UZSX,jppfs_cor:LongTermLoansPayable,長期借入金,increase_20,jppfs_cor:NoncurrentLiabilities
276022,S100UZSX,jppfs_cor:ShareholdersEquity,株主資本,increase_10,jppfs_cor:NetAssets
276023,S100UZSX,jppfs_cor:CurrentPortionOfLongTermLoansPayable,１年内返済予定の長期借入金,increase_10,jppfs_cor:CurrentLiabilities
276024,S100UZSX,jppfs_cor:ProvisionForDirectorsRetirementBenefits,役員退職慰労引当金,increase_10,jppfs_cor:NoncurrentLiabilities
276025,S100UZSX,jppfs_cor:CurrentLiabilities,流動負債,increase_10,jppfs_cor:Liabilities
276026,S100UZSX,jppfs_cor:InterestIncomeNOI,受取利息、営業外収益,decrease_20,jppfs_cor:NonOperatingIncome
276027,S100UZSX,jpcrp030000-asr_E34256-000:TheftLossEL,盗難損失,decrease_20,jppfs_cor:ExtraordinaryLoss
276028,S100UZSX,jppfs_cor:TreasuryStock,自己株式,stable,jppfs_cor:ShareholdersEquity
276029,S100UZSX,jppfs_cor:CapitalStock,資本金,stable,jppfs_cor:ShareholdersEquity
276030,S100UZSX,jppfs_cor:CurrentAssets,流動資産,increase_20,jppfs_cor:Assets
276031,S100UZSX,jppfs_cor:IncomeTaxesCurrent,法人税、住民税及び事業税,increase_20,jppfs_cor:IncomeTaxes
276032,S100UZSX,jppfs_cor:ContractLiabilities,契約負債,increase_20,jppfs_cor:CurrentLiabilities
276033,S100UZSX,jppfs_cor:NoncurrentLiabilities,固定負債,increase_20,jppfs_cor:Liabilities
276034,S100UZSX,jppfs_cor:DividendsIncomeNOI,受取配当金、営業外収益,increase_10,jppfs_cor:NonOperatingIncome
276035,S100UZSX,jppfs_cor:ImpairmentLossEL,減損損失、特別損失,new,jppfs_cor:ExtraordinaryLoss
276036,S100UZSX,jppfs_cor:NoncurrentAssets,固定資産,stable,jppfs_cor:Assets
276037,S100UZSX,jppfs_cor:CostOfSales,売上原価,increase_10,jppfs_cor:GrossProfit
276038,S100UZSX,jppfs_cor:ExtraordinaryIncome,特別利益,increase_20,jppfs_cor:IncomeBeforeIncomeTaxes
276039,S100UZSX,jppfs_cor:InvestmentsAndOtherAssets,投資その他の資産,increase_10,jppfs_cor:NoncurrentAssets
276040,S100UZSX,jppfs_cor:IncomeTaxesPayable,未払法人税等,increase_20,jppfs_cor:CurrentLiabilities
276041,S100UZSX,jpcrp030000-asr_E34256-000:ProvisionForRentWarrantiesCL,家賃保証引当金,decrease_20,jppfs_cor:CurrentLiabilities
276042,S100UZSX,jppfs_cor:ExtraordinaryLoss,特別損失,increase_20,jppfs_cor:IncomeBeforeIncomeTaxes
276043,S100UZSX,jppfs_cor:AllowanceForDoubtfulAccountsCA,貸倒引当金、流動資産、一括控除,increase_10,jppfs_cor:CurrentAssets
276044,S100UZSX,jppfs_cor:IncomeTaxes,法人税等,increase_20,jppfs_cor:ProfitLoss
276045,S100UZSX,jppfs_cor:IncomeTaxesDeferred,法人税等調整額,increase_20,jppfs_cor:IncomeTaxes
276046,S100UZSX,jppfs_cor:OtherNOE,その他、営業外費用,new,jppfs_cor:NonOperatingExpenses
276047,S100UZSX,jppfs_cor:IntangibleAssets,無形固定資産,decrease_10,jppfs_cor:NoncurrentAssets
276048,S100UZSX,jppfs_cor:RetainedEarnings,利益剰余金,increase_10,jppfs_cor:ShareholdersEquity
276049,S100UZSX,jppfs_cor:PropertyPlantAndEquipment,有形固定資産,stable,jppfs_cor:NoncurrentAssets
276050,S100UZSX,jppfs_cor:BuildingsAndStructures,建物及び構築物,increase_20,jppfs_cor:BuildingsAndStructuresNet
276051,S100UZSX,jppfs_cor:Software,ソフトウエア,stable,jppfs_cor:IntangibleAssets
276052,S100UZSX,jppfs_cor:OtherNOI,その他、営業外収益,increase_10,jppfs_cor:NonOperatingIncome
276053,S100UZSX,jppfs_cor:CommissionFeeNOI,受取手数料、営業外収益,decrease_10,jppfs_cor:NonOperatingIncome
276054,S100UZSX,jppfs_cor:DepositsReceived,預り金,increase_10,jppfs_cor:CurrentLiabilities
276055,S100UZSX,jppfs_cor:InterestExpensesNOE,支払利息、営業外費用,increase_20,jppfs_cor:NonOperatingExpenses
276056,S100UZSX,jppfs_cor:SubsidyEI,補助金収入、特別利益,new,jppfs_cor:ExtraordinaryIncome
276057,S100UZSX,jppfs_cor:SellingGeneralAndAdministrativeExpenses,販売費及び一般管理費,increase_10,jppfs_cor:OperatingIncome
276058,S100UZSX,jppfs_cor:Liabilities,負債,increase_10,jppfs_cor:LiabilitiesAndNetAssets
276059,S100UZSX,jppfs_cor:GainOnReversalOfSubscriptionRightsToSharesEI,新株予約権戻入益、特別利益,new,jppfs_cor:ExtraordinaryIncome
276060,S100UZSX,jppfs_cor:Land,土地,increase_10,jppfs_cor:PropertyPlantAndEquipment
276061,S100UZSX,jpcrp030000-asr_E34256-000:InsuranceIncomeFromTheftEI,盗難関連受取保険金,decrease_20,jppfs_cor:ExtraordinaryIncome
276062,S100UZSX,jppfs_cor:ProvisionForBonuses,賞与引当金,stable,jppfs_cor:CurrentLiabilities
276063,S100UZSX,jppfs_cor:MachineryEquipmentAndVehicles,機械装置及び運搬具,decrease_20,jppfs_cor:MachineryEquipmentAndVehiclesNet
377547,S100TUBU,jppfs_cor:ShareholdersEquity,株主資本,decrease_10,jppfs_cor:NetAssets
377548,S100TUBU,jppfs_cor:NoncurrentAssets,固定資産,decrease_10,jppfs_cor:Assets
377549,S100TUBU,jppfs_cor:LongTermLoansPayable,長期借入金,new,jppfs_cor:NoncurrentLiabilities
377550,S100TUBU,jppfs_cor:NoncurrentLiabilities,固定負債,increase_20,jppfs_cor:Liabilities
377551,S100TUBU,jppfs_cor:OtherNOI,その他、営業外収益,decrease_20,jppfs_cor:NonOperatingIncome
377552,S100TUBU,jppfs_cor:MachineryEquipmentAndVehicles,機械装置及び運搬具,stable,jppfs_cor:MachineryEquipmentAndVehiclesNet
377553,S100TUBU,jppfs_cor:AccumulatedDepreciationOtherPPE,減価償却累計額、その他、有形固定資産,increase_20,jppfs_cor:OtherNetPPE
377554,S100TUBU,jppfs_cor:ProfitLossAttributableToOwnersOfParent,親会社株主に帰属する当期純利益又は親会社株主に帰属する当期純損失（△）,decrease_20,not_common_account
377555,S100TUBU,jppfs_cor:CompensationExpensesNOE,支払補償費、営業外費用,increase_20,jppfs_cor:NonOperatingExpenses
377556,S100TUBU,jppfs_cor:ToolsFurnitureAndFixtures,工具、器具及び備品,stable,jppfs_cor:ToolsFurnitureAndFixturesNet
377557,S100TUBU,jppfs_cor:TreasuryStock,自己株式,decrease_10,jppfs_cor:ShareholdersEquity
377558,S100TUBU,jppfs_cor:ForeignExchangeGainsNOI,為替差益、営業外収益,new,jppfs_cor:NonOperatingIncome
377559,S100TUBU,jppfs_cor:WorkInProcess,仕掛品,stable,jppfs_cor:CurrentAssets
377560,S100TUBU,jppfs_cor:InterestExpensesNOE,支払利息、営業外費用,decrease_20,jppfs_cor:NonOperatingExpenses
377561,S100TUBU,jppfs_cor:OtherNOE,その他、営業外費用,increase_10,jppfs_cor:NonOperatingExpenses
377562,S100TUBU,jppfs_cor:ForeignCurrencyTranslationAdjustment,為替換算調整勘定,increase_20,jppfs_cor:ValuationAndTranslationAdjustments
377563,S100TUBU,jppfs_cor:RestructuringLossEL,事業再編損、特別損失,new,jppfs_cor:ExtraordinaryLoss
377564,S100TUBU,jppfs_cor:NotesAndAccountsPayableTrade,支払手形及び買掛金,stable,jppfs_cor:CurrentLiabilities
377565,S100TUBU,jppfs_cor:NetDefinedBenefitLiability,退職給付に係る負債,decrease_20,jppfs_cor:NoncurrentLiabilities
377566,S100TUBU,jppfs_cor:SellingGeneralAndAdministrativeExpenses,販売費及び一般管理費,stable,jppfs_cor:OperatingIncome
377567,S100TUBU,jppfs_cor:PropertyPlantAndEquipment,有形固定資産,decrease_10,jppfs_cor:NoncurrentAssets
377568,S100TUBU,jppfs_cor:NotesReceivableTrade,受取手形,stable,jppfs_cor:CurrentAssets
377569,S100TUBU,jppfs_cor:CurrentLiabilities,流動負債,decrease_10,jppfs_cor:Liabilities
377570,S100TUBU,jppfs_cor:AccountsReceivableTrade,売掛金,stable,jppfs_cor:CurrentAssets
377571,S100TUBU,jppfs_cor:CapitalStock,資本金,stable,jppfs_cor:ShareholdersEquity
377572,S100TUBU,jppfs_cor:NonOperatingIncome,営業外収益,increase_20,jppfs_cor:OrdinaryIncome
377573,S100TUBU,jppfs_cor:NonOperatingExpenses,営業外費用,decrease_20,jppfs_cor:OrdinaryIncome
377574,S100TUBU,jppfs_cor:GrossProfit,売上総利益又は売上総損失（△）,decrease_10,jppfs_cor:OperatingIncome
377575,S100TUBU,jppfs_cor:SubscriptionRightsToShares,新株予約権,decrease_20,jppfs_cor:NetAssets
377576,S100TUBU,jppfs_cor:OtherCL,その他、流動負債,decrease_10,jppfs_cor:CurrentLiabilities
377577,S100TUBU,jppfs_cor:ImpairmentLossEL,減損損失、特別損失,increase_20,jppfs_cor:ExtraordinaryLoss
377578,S100TUBU,jppfs_cor:Liabilities,負債,stable,jppfs_cor:LiabilitiesAndNetAssets
377579,S100TUBU,jppfs_cor:Land,土地,decrease_10,jppfs_cor:PropertyPlantAndEquipment
377580,S100TUBU,jppfs_cor:IncomeTaxesDeferred,法人税等調整額,decrease_20,jppfs_cor:IncomeTaxes
377581,S100TUBU,jppfs_cor:IncomeTaxesCurrent,法人税、住民税及び事業税,decrease_20,jppfs_cor:IncomeTaxes
377582,S100TUBU,jppfs_cor:Goodwill,のれん,decrease_10,jppfs_cor:IntangibleAssets
377583,S100TUBU,jppfs_cor:GainOnSalesOfNoncurrentAssetsEI,固定資産売却益、特別利益,new,jppfs_cor:ExtraordinaryIncome
377584,S100TUBU,jppfs_cor:OtherIA,その他、無形固定資産,decrease_10,jppfs_cor:IntangibleAssets
377585,S100TUBU,jppfs_cor:OtherPPE,その他、有形固定資産,increase_10,jppfs_cor:OtherNetPPE
377586,S100TUBU,jppfs_cor:IncomeBeforeIncomeTaxes,税引前当期純利益又は税引前当期純損失（△）,decrease_20,jppfs_cor:ProfitLoss
377587,S100TUBU,jppfs_cor:CurrentPortionOfLongTermLoansPayable,１年内返済予定の長期借入金,increase_20,jppfs_cor:CurrentLiabilities
377588,S100TUBU,jppfs_cor:OperatingIncome,営業利益又は営業損失（△）,decrease_20,jppfs_cor:OrdinaryIncome
377589,S100TUBU,jppfs_cor:OrdinaryIncome,経常利益又は経常損失（△）,decrease_20,jppfs_cor:IncomeBeforeIncomeTaxes
377590,S100TUBU,jppfs_cor:LossOnSalesAndRetirementOfNoncurrentAssetsEL,固定資産除売却損、特別損失,decrease_20,jppfs_cor:ExtraordinaryLoss
377591,S100TUBU,jppfs_cor:CurrentAssets,流動資産,stable,jppfs_cor:Assets
377592,S100TUBU,jppfs_cor:ProfitLossAttributableToNonControllingInterests,非支配株主に帰属する当期純利益又は非支配株主に帰属する当期純損失（△）,decrease_10,not_common_account
377593,S100TUBU,jppfs_cor:OtherEL,その他、特別損失,new,jppfs_cor:ExtraordinaryLoss
377594,S100TUBU,jppfs_cor:InterestIncomeNOI,受取利息、営業外収益,increase_20,jppfs_cor:NonOperatingIncome
377595,S100TUBU,jppfs_cor:OtherCA,その他、流動資産,increase_20,jppfs_cor:CurrentAssets
377596,S100TUBU,jppfs_cor:CostOfSales,売上原価,decrease_10,jppfs_cor:GrossProfit
377597,S100TUBU,jppfs_cor:AccumulatedDepreciationToolsFurnitureAndFixtures,減価償却累計額、工具、器具及び備品,stable,jppfs_cor:ToolsFurnitureAndFixturesNet
377598,S100TUBU,jppfs_cor:BuildingsAndStructures,建物及び構築物,stable,jppfs_cor:BuildingsAndStructuresNet
377599,S100TUBU,jppfs_cor:NonControllingInterests,非支配株主持分,stable,jppfs_cor:NetAssets
377600,S100TUBU,jppfs_cor:AllowanceForDoubtfulAccountsCA,貸倒引当金、流動資産、一括控除,decrease_10,jppfs_cor:CurrentAssets
377601,S100TUBU,jppfs_cor:ExtraordinaryLoss,特別損失,new,jppfs_cor:IncomeBeforeIncomeTaxes
377602,S100TUBU,jppfs_cor:CashAndDeposits,現金及び預金,increase_10,jppfs_cor:CurrentAssets
377603,S100TUBU,jppfs_cor:ConstructionInProgress,建設仮勘定,decrease_20,jppfs_cor:PropertyPlantAndEquipment
377604,S100TUBU,jppfs_cor:InvestmentsAndOtherAssets,投資その他の資産,decrease_20,jppfs_cor:NoncurrentAssets
377605,S100TUBU,jppfs_cor:OtherNCL,その他、固定負債,decrease_10,jppfs_cor:NoncurrentLiabilities
377606,S100TUBU,jppfs_cor:ExtraordinaryIncome,特別利益,new,jppfs_cor:IncomeBeforeIncomeTaxes
377607,S100TUBU,jppfs_cor:IncomeTaxes,法人税等,decrease_20,jppfs_cor:ProfitLoss
377608,S100TUBU,jppfs_cor:DeferredTaxAssets,繰延税金資産,decrease_20,jppfs_cor:InvestmentsAndOtherAssets
377609,S100TUBU,jppfs_cor:RemeasurementsOfDefinedBenefitPlans,退職給付に係る調整累計額,decrease_20,jppfs_cor:ValuationAndTranslationAdjustments
377610,S100TUBU,jppfs_cor:OtherIOA,その他、投資その他の資産,decrease_10,jppfs_cor:InvestmentsAndOtherAssets
377611,S100TUBU,jppfs_cor:AccumulatedDepreciationMachineryEquipmentAndVehicles,減価償却累計額、機械装置及び運搬具,stable,jppfs_cor:MachineryEquipmentAndVehiclesNet
377612,S100TUBU,jppfs_cor:SubsidyIncomeNOI,補助金収入、営業外収益,increase_20,jppfs_cor:NonOperatingIncome
377613,S100TUBU,jppfs_cor:LossOnLiquidationOfSubsidiariesGeneralEL,子会社整理損、特別損失,new,jppfs_cor:ExtraordinaryLoss
377614,S100TUBU,jppfs_cor:AccumulatedDepreciationBuildingsAndStructures,減価償却累計額、建物及び構築物,stable,jppfs_cor:BuildingsAndStructuresNet
377615,S100TUBU,jppfs_cor:RetainedEarnings,利益剰余金,decrease_10,jppfs_cor:ShareholdersEquity
377616,S100TUBU,jppfs_cor:ProvisionForBonuses,賞与引当金,decrease_20,jppfs_cor:CurrentLiabilities
377617,S100TUBU,jppfs_cor:CapitalSurplus,資本剰余金,stable,jppfs_cor:ShareholdersEquity
377618,S100TUBU,jppfs_cor:IntangibleAssets,無形固定資産,decrease_10,jppfs_cor:NoncurrentAssets
377619,S100TUBU,jppfs_cor:ElectronicallyRecordedObligationsOperatingCL,電子記録債務、流動負債,decrease_10,jppfs_cor:CurrentLiabilities
377620,S100TUBU,jppfs_cor:AllowanceForDoubtfulAccountsIOAByGroup,貸倒引当金、投資その他の資産、一括控除,decrease_10,jppfs_cor:InvestmentsAndOtherAssets
377621,S100TUBU,jppfs_cor:IncomeTaxesPayable,未払法人税等,decrease_20,jppfs_cor:CurrentLiabilities
377622,S100TUBU,jppfs_cor:RawMaterialsAndSupplies,原材料及び貯蔵品,decrease_10,jppfs_cor:CurrentAssets
377623,S100TUBU,jppfs_cor:ValuationAndTranslationAdjustments,評価・換算差額等,increase_20,jppfs_cor:NetAssets
377624,S100TUBU,jppfs_cor:MerchandiseAndFinishedGoods,商品及び製品,decrease_10,jppfs_cor:CurrentAssets
377625,S100TUBU,jppfs_cor:ProfitLoss,当期純利益又は当期純損失（△）（平成26年3月28日財規等改正後）,decrease_20,top_account
377626,S100TUBU,jppfs_cor:NetSales,売上高,decrease_10,jppfs_cor:GrossProfit
377627,S100TUBU,jppfs_cor:RetirementBenefitExpensesEL,退職給付費用、特別損失,new,jppfs_cor:ExtraordinaryLoss
478167,S100TOTO,jppfs_cor:ValuationDifferenceOnAvailableForSaleSecurities,その他有価証券評価差額金,stable,jppfs_cor:ValuationAndTranslationAdjustments
478168,S100TOTO,jppfs_cor:IncomeBeforeIncomeTaxes,税引前当期純利益又は税引前当期純損失（△）,increase_20,jppfs_cor:ProfitLoss
478169,S100TOTO,jppfs_cor:CostOfSales,売上原価,stable,jppfs_cor:GrossProfit
478170,S100TOTO,jppfs_cor:OperatingIncome,営業利益又は営業損失（△）,increase_20,jppfs_cor:OrdinaryIncome
478171,S100TOTO,jppfs_cor:Land,土地,stable,jppfs_cor:PropertyPlantAndEquipment
478172,S100TOTO,jppfs_cor:ProfitLoss,当期純利益又は当期純損失（△）（平成26年3月28日財規等改正後）,increase_20,top_account
478173,S100TOTO,jppfs_cor:OtherCA,その他、流動資産,stable,jppfs_cor:CurrentAssets
478174,S100TOTO,jppfs_cor:RawMaterialsAndSupplies,原材料及び貯蔵品,increase_10,jppfs_cor:CurrentAssets
478175,S100TOTO,jppfs_cor:ExtraordinaryIncome,特別利益,new,jppfs_cor:IncomeBeforeIncomeTaxes
478176,S100TOTO,jppfs_cor:RentExpensesOnRealEstatesNOE,不動産賃貸費用、営業外費用,new,jppfs_cor:NonOperatingExpenses
478177,S100TOTO,jppfs_cor:IncomeTaxes,法人税等,increase_20,jppfs_cor:ProfitLoss
478178,S100TOTO,jppfs_cor:LossOnDisposalOfNoncurrentAssetsNOE,固定資産処分損、営業外費用,decrease_20,jppfs_cor:NonOperatingExpenses
478179,S100TOTO,jppfs_cor:OtherNCL,その他、固定負債,stable,jppfs_cor:NoncurrentLiabilities
478180,S100TOTO,jppfs_cor:ForeignCurrencyTranslationAdjustment,為替換算調整勘定,stable,jppfs_cor:ValuationAndTranslationAdjustments
478181,S100TOTO,jppfs_cor:InvestmentsAndOtherAssets,投資その他の資産,increase_10,jppfs_cor:NoncurrentAssets
478182,S100TOTO,jppfs_cor:OtherCL,その他、流動負債,increase_10,jppfs_cor:CurrentLiabilities
478183,S100TOTO,jppfs_cor:ValuationAndTranslationAdjustments,評価・換算差額等,increase_10,jppfs_cor:NetAssets
478184,S100TOTO,jppfs_cor:Liabilities,負債,decrease_10,jppfs_cor:LiabilitiesAndNetAssets
478185,S100TOTO,jppfs_cor:BuildingsAndStructures,建物及び構築物,stable,jppfs_cor:BuildingsAndStructuresNet
478186,S100TOTO,jppfs_cor:ShareholdersEquity,株主資本,increase_10,jppfs_cor:NetAssets
478187,S100TOTO,jppfs_cor:ProfitLossAttributableToOwnersOfParent,親会社株主に帰属する当期純利益又は親会社株主に帰属する当期純損失（△）,increase_20,not_common_account
478188,S100TOTO,jppfs_cor:CurrentLiabilities,流動負債,increase_20,jppfs_cor:Liabilities
478189,S100TOTO,jppfs_cor:CurrentAssets,流動資産,stable,jppfs_cor:Assets
478190,S100TOTO,jppfs_cor:OtherNetPPE,その他,increase_10,jppfs_cor:PropertyPlantAndEquipment
478191,S100TOTO,jppfs_cor:WorkInProcess,仕掛品,increase_10,jppfs_cor:CurrentAssets
478192,S100TOTO,jppfs_cor:MachineryEquipmentAndVehicles,機械装置及び運搬具,decrease_10,jppfs_cor:MachineryEquipmentAndVehiclesNet
478193,S100TOTO,jppfs_cor:TreasuryStock,自己株式,stable,jppfs_cor:ShareholdersEquity
478194,S100TOTO,jpcrp030000-asr_E35791-000:DistributorshipIA,販売権,decrease_20,jppfs_cor:IntangibleAssets
478195,S100TOTO,jppfs_cor:AccountsPayableOther,未払金,increase_10,jppfs_cor:CurrentLiabilities
478196,S100TOTO,jppfs_cor:AccountsPayableTrade,買掛金,increase_20,jppfs_cor:CurrentLiabilities
478197,S100TOTO,jppfs_cor:AccumulatedDepreciationMachineryEquipmentAndVehicles,減価償却累計額、機械装置及び運搬具,decrease_10,jppfs_cor:MachineryEquipmentAndVehiclesNet
478198,S100TOTO,jppfs_cor:AccountsReceivableTrade,売掛金,stable,jppfs_cor:CurrentAssets
478199,S100TOTO,jppfs_cor:CapitalStock,資本金,stable,jppfs_cor:ShareholdersEquity
478200,S100TOTO,jppfs_cor:OtherNOE,その他、営業外費用,new,jppfs_cor:NonOperatingExpenses
478201,S100TOTO,jppfs_cor:OtherNOI,その他、営業外収益,decrease_10,jppfs_cor:NonOperatingIncome
478202,S100TOTO,jppfs_cor:GrossProfit,売上総利益又は売上総損失（△）,increase_10,jppfs_cor:OperatingIncome
478203,S100TOTO,jppfs_cor:NoncurrentAssets,固定資産,stable,jppfs_cor:Assets
478204,S100TOTO,jppfs_cor:EquityInLossesOfAffiliatesNOE,持分法による投資損失、営業外費用,increase_20,jppfs_cor:NonOperatingExpenses
478205,S100TOTO,jppfs_cor:ShortTermLoansPayable,短期借入金,stable,jppfs_cor:CurrentLiabilities
478206,S100TOTO,jppfs_cor:ConstructionInProgress,建設仮勘定,increase_20,jppfs_cor:PropertyPlantAndEquipment
478207,S100TOTO,jppfs_cor:GainOnSalesOfInvestmentSecuritiesEI,投資有価証券売却益、特別利益,new,jppfs_cor:ExtraordinaryIncome
478208,S100TOTO,jppfs_cor:NoncurrentLiabilities,固定負債,decrease_20,jppfs_cor:Liabilities
478209,S100TOTO,jppfs_cor:PropertyPlantAndEquipment,有形固定資産,stable,jppfs_cor:NoncurrentAssets
478210,S100TOTO,jppfs_cor:ElectronicallyRecordedObligationsOperatingCL,電子記録債務、流動負債,increase_10,jppfs_cor:CurrentLiabilities
478211,S100TOTO,jppfs_cor:CapitalSurplus,資本剰余金,stable,jppfs_cor:ShareholdersEquity
478212,S100TOTO,jppfs_cor:LongTermLoansPayable,長期借入金,decrease_20,jppfs_cor:NoncurrentLiabilities
478213,S100TOTO,jppfs_cor:IntangibleAssets,無形固定資産,decrease_20,jppfs_cor:NoncurrentAssets
478214,S100TOTO,jppfs_cor:ProvisionForBonuses,賞与引当金,stable,jppfs_cor:CurrentLiabilities
478215,S100TOTO,jppfs_cor:SellingGeneralAndAdministrativeExpenses,販売費及び一般管理費,stable,jppfs_cor:OperatingIncome
478216,S100TOTO,jppfs_cor:ProvisionForDirectorsBonuses,役員賞与引当金,new,jppfs_cor:CurrentLiabilities
478217,S100TOTO,jppfs_cor:InterestExpensesNOE,支払利息、営業外費用,decrease_10,jppfs_cor:NonOperatingExpenses
478218,S100TOTO,jppfs_cor:InterestIncomeNOI,受取利息、営業外収益,new,jppfs_cor:NonOperatingIncome
478219,S100TOTO,jppfs_cor:RetainedEarnings,利益剰余金,increase_10,jppfs_cor:ShareholdersEquity
478220,S100TOTO,jppfs_cor:ForeignExchangeLossesNOE,為替差損、営業外費用,increase_10,jppfs_cor:NonOperatingExpenses
478221,S100TOTO,jppfs_cor:InvestmentSecurities,投資有価証券,increase_10,jppfs_cor:InvestmentsAndOtherAssets
478222,S100TOTO,jppfs_cor:OrdinaryIncome,経常利益又は経常損失（△）,increase_20,jppfs_cor:IncomeBeforeIncomeTaxes
478223,S100TOTO,jppfs_cor:RemeasurementsOfDefinedBenefitPlans,退職給付に係る調整累計額,increase_20,jppfs_cor:ValuationAndTranslationAdjustments
478224,S100TOTO,jppfs_cor:NonOperatingExpenses,営業外費用,increase_20,jppfs_cor:OrdinaryIncome
478225,S100TOTO,jppfs_cor:AccumulatedDepreciationOtherPPE,減価償却累計額、その他、有形固定資産,stable,jppfs_cor:OtherNetPPE
478226,S100TOTO,jppfs_cor:CurrentPortionOfLongTermLoansPayable,１年内返済予定の長期借入金,increase_20,jppfs_cor:CurrentLiabilities
478227,S100TOTO,jppfs_cor:DividendsIncomeNOI,受取配当金、営業外収益,stable,jppfs_cor:NonOperatingIncome
478228,S100TOTO,jppfs_cor:AccumulatedDepreciationBuildingsAndStructures,減価償却累計額、建物及び構築物,stable,jppfs_cor:BuildingsAndStructuresNet
478229,S100TOTO,jppfs_cor:IncomeTaxesPayable,未払法人税等,new,jppfs_cor:CurrentLiabilities
478230,S100TOTO,jppfs_cor:NetSales,売上高,stable,jppfs_cor:GrossProfit
478231,S100TOTO,jppfs_cor:IncomeTaxesCurrent,法人税、住民税及び事業税,new,jppfs_cor:IncomeTaxes
478232,S100TOTO,jppfs_cor:OtherIA,その他、無形固定資産,stable,jppfs_cor:IntangibleAssets
478233,S100TOTO,jpcrp030000-asr_E35791-000:ExpensesOfInactiveNonCurrentAssetsNOE,休止固定資産費用,increase_20,jppfs_cor:NonOperatingExpenses
478234,S100TOTO,jppfs_cor:AllowanceForDoubtfulAccountsIOAByGroup,貸倒引当金、投資その他の資産、一括控除,stable,jppfs_cor:InvestmentsAndOtherAssets
478235,S100TOTO,jppfs_cor:NonOperatingIncome,営業外収益,stable,jppfs_cor:OrdinaryIncome
478236,S100TOTO,jppfs_cor:ShortTermInvestmentSecurities,有価証券,stable,jppfs_cor:CurrentAssets
478237,S100TOTO,jppfs_cor:DeferredTaxAssets,繰延税金資産,increase_20,jppfs_cor:InvestmentsAndOtherAssets
478238,S100TOTO,jppfs_cor:OtherPPE,その他、有形固定資産,stable,jppfs_cor:OtherNetPPE
478239,S100TOTO,jppfs_cor:CashAndDeposits,現金及び預金,decrease_10,jppfs_cor:CurrentAssets
478240,S100TOTO,jppfs_cor:OtherIOA,その他、投資その他の資産,stable,jppfs_cor:InvestmentsAndOtherAssets
478241,S100TOTO,jppfs_cor:IncomeTaxesDeferred,法人税等調整額,decrease_20,jppfs_cor:IncomeTaxes
478242,S100TOTO,jppfs_cor:MerchandiseAndFinishedGoods,商品及び製品,increase_10,jppfs_cor:CurrentAssets
525280,S100THRE,jppfs_cor:InvestmentsAndOtherAssets,投資その他の資産,stable,jppfs_cor:NoncurrentAssets
525281,S100THRE,jppfs_cor:PropertyPlantAndEquipment,有形固定資産,stable,jppfs_cor:NoncurrentAssets
525282,S100THRE,jppfs_cor:ClaimsProvableInBankruptcyClaimsProvableInRehabilitationAndOther,破産更生債権等,stable,jppfs_cor:InvestmentsAndOtherAssets
525283,S100THRE,jppfs_cor:RetainedEarnings,利益剰余金,increase_20,jppfs_cor:ShareholdersEquity
525284,S100THRE,jppfs_cor:ValuationDifferenceOnAvailableForSaleSecurities,その他有価証券評価差額金,decrease_20,jppfs_cor:ValuationAndTranslationAdjustments
525285,S100THRE,jppfs_cor:ExtraordinaryIncome,特別利益,decrease_20,jppfs_cor:IncomeBeforeIncomeTaxes
525286,S100THRE,jppfs_cor:CurrentPortionOfLongTermLoansPayable,１年内返済予定の長期借入金,stable,jppfs_cor:CurrentLiabilities
525287,S100THRE,jppfs_cor:DeferredTaxAssets,繰延税金資産,increase_20,jppfs_cor:InvestmentsAndOtherAssets
525288,S100THRE,jppfs_cor:ConstructionInProgress,建設仮勘定,increase_20,jppfs_cor:PropertyPlantAndEquipment
525289,S100THRE,jppfs_cor:AllowanceForDoubtfulAccountsIOAByGroup,貸倒引当金、投資その他の資産、一括控除,stable,jppfs_cor:InvestmentsAndOtherAssets
525290,S100THRE,jppfs_cor:LeaseObligationsCL,リース債務、流動負債,decrease_10,jppfs_cor:CurrentLiabilities
525291,S100THRE,jppfs_cor:ElectronicallyRecordedObligationsOperatingCL,電子記録債務、流動負債,increase_10,jppfs_cor:CurrentLiabilities
525292,S100THRE,jppfs_cor:FiduciaryObligationFeeNOI,業務受託料、営業外収益,new,jppfs_cor:NonOperatingIncome
525293,S100THRE,jppfs_cor:OtherCA,その他、流動資産,decrease_20,jppfs_cor:CurrentAssets
525294,S100THRE,jppfs_cor:OtherCL,その他、流動負債,stable,jppfs_cor:CurrentLiabilities
525295,S100THRE,jppfs_cor:RawMaterialsAndSupplies,原材料及び貯蔵品,increase_10,jppfs_cor:CurrentAssets
525296,S100THRE,jppfs_cor:CapitalSurplus,資本剰余金,increase_20,jppfs_cor:ShareholdersEquity
525297,S100THRE,jppfs_cor:OtherIA,その他、無形固定資産,new,jppfs_cor:IntangibleAssets
525298,S100THRE,jppfs_cor:InsuranceIncomeNOI,受取保険金、営業外収益,increase_20,jppfs_cor:NonOperatingIncome
525299,S100THRE,jppfs_cor:LeaseObligationsNCL,リース債務、固定負債,stable,jppfs_cor:NoncurrentLiabilities
525300,S100THRE,jppfs_cor:TelephoneSubscriptionRight,電話加入権,stable,jppfs_cor:IntangibleAssets
525301,S100THRE,jppfs_cor:CostOfSales,売上原価,decrease_20,jppfs_cor:GrossProfit
525302,S100THRE,jppfs_cor:GrossProfit,売上総利益又は売上総損失（△）,increase_20,jppfs_cor:OperatingIncome
525303,S100THRE,jppfs_cor:NoncurrentAssets,固定資産,stable,jppfs_cor:Assets
525304,S100THRE,jppfs_cor:IncomeTaxesCurrent,法人税、住民税及び事業税,new,jppfs_cor:IncomeTaxes
525305,S100THRE,jppfs_cor:IntangibleAssets,無形固定資産,increase_20,jppfs_cor:NoncurrentAssets
525306,S100THRE,jppfs_cor:LongTermLoansPayable,長期借入金,increase_10,jppfs_cor:NoncurrentLiabilities
525307,S100THRE,jppfs_cor:OtherNOI,その他、営業外収益,decrease_20,jppfs_cor:NonOperatingIncome
525308,S100THRE,jppfs_cor:NotesAndAccountsPayableTrade,支払手形及び買掛金,decrease_10,jppfs_cor:CurrentLiabilities
525309,S100THRE,jppfs_cor:OperatingIncome,営業利益又は営業損失（△）,new,jppfs_cor:OrdinaryIncome
525310,S100THRE,jppfs_cor:OrdinaryIncome,経常利益又は経常損失（△）,new,jppfs_cor:IncomeBeforeIncomeTaxes
525311,S100THRE,jppfs_cor:AccruedExpenses,未払費用,stable,jppfs_cor:CurrentLiabilities
525312,S100THRE,jppfs_cor:InterestIncomeNOI,受取利息、営業外収益,decrease_10,jppfs_cor:NonOperatingIncome
525313,S100THRE,jppfs_cor:CashAndDeposits,現金及び預金,decrease_10,jppfs_cor:CurrentAssets
525314,S100THRE,jppfs_cor:IncomeTaxes,法人税等,increase_20,jppfs_cor:ProfitLoss
525315,S100THRE,jppfs_cor:NoncurrentLiabilities,固定負債,stable,jppfs_cor:Liabilities
525316,S100THRE,jppfs_cor:OtherIOA,その他、投資その他の資産,stable,jppfs_cor:InvestmentsAndOtherAssets
525317,S100THRE,jppfs_cor:ProfitLossAttributableToOwnersOfParent,親会社株主に帰属する当期純利益又は親会社株主に帰属する当期純損失（△）,decrease_20,not_common_account
525318,S100THRE,jppfs_cor:ShareholdersEquity,株主資本,increase_10,jppfs_cor:NetAssets
525319,S100THRE,jppfs_cor:TreasuryStock,自己株式,stable,jppfs_cor:ShareholdersEquity
525320,S100THRE,jppfs_cor:CapitalStock,資本金,decrease_20,jppfs_cor:ShareholdersEquity
525321,S100THRE,jppfs_cor:SellingGeneralAndAdministrativeExpenses,販売費及び一般管理費,stable,jppfs_cor:OperatingIncome
525322,S100THRE,jppfs_cor:NonOperatingIncome,営業外収益,increase_10,jppfs_cor:OrdinaryIncome
525323,S100THRE,jppfs_cor:ProfitLoss,当期純利益又は当期純損失（△）（平成26年3月28日財規等改正後）,decrease_20,top_account
525324,S100THRE,jppfs_cor:OtherNOE,その他、営業外費用,decrease_20,jppfs_cor:NonOperatingExpenses
525325,S100THRE,jppfs_cor:InvestmentSecurities,投資有価証券,stable,jppfs_cor:InvestmentsAndOtherAssets
525326,S100THRE,jppfs_cor:IncomeBeforeIncomeTaxes,税引前当期純利益又は税引前当期純損失（△）,decrease_20,jppfs_cor:ProfitLoss
525327,S100THRE,jppfs_cor:CurrentAssets,流動資産,stable,jppfs_cor:Assets
525328,S100THRE,jppfs_cor:CostsOnUncompletedConstructionContractsCNS,未成工事支出金、建設業,increase_20,jppfs_cor:CurrentAssets
525329,S100THRE,jppfs_cor:ValuationAndTranslationAdjustments,評価・換算差額等,decrease_20,jppfs_cor:NetAssets
525330,S100THRE,jppfs_cor:IncomeTaxesDeferred,法人税等調整額,decrease_20,jppfs_cor:IncomeTaxes
525331,S100THRE,jppfs_cor:NetSales,売上高,decrease_10,jppfs_cor:GrossProfit
525332,S100THRE,jppfs_cor:DividendsIncomeNOI,受取配当金、営業外収益,stable,jppfs_cor:NonOperatingIncome
525333,S100THRE,jppfs_cor:Land,土地,stable,jppfs_cor:PropertyPlantAndEquipment
525334,S100THRE,jppfs_cor:Liabilities,負債,stable,jppfs_cor:LiabilitiesAndNetAssets
525335,S100THRE,jppfs_cor:NonOperatingExpenses,営業外費用,decrease_10,jppfs_cor:OrdinaryIncome
525336,S100THRE,jppfs_cor:LeaseholdRight,借地権,stable,jppfs_cor:IntangibleAssets
525337,S100THRE,jppfs_cor:CurrentLiabilities,流動負債,decrease_10,jppfs_cor:Liabilities
525338,S100THRE,jppfs_cor:NetDefinedBenefitAsset,退職給付に係る資産,new,jppfs_cor:InvestmentsAndOtherAssets
525339,S100THRE,jppfs_cor:NotesAndAccountsReceivableTradeAndContractAssets,受取手形、売掛金及び契約資産,decrease_10,jppfs_cor:CurrentAssets
525340,S100THRE,jppfs_cor:IncomeTaxesPayable,未払法人税等,new,jppfs_cor:CurrentLiabilities
525341,S100THRE,jppfs_cor:Software,ソフトウエア,stable,jppfs_cor:IntangibleAssets
525342,S100THRE,jppfs_cor:LongTermAccountsPayableOther,長期未払金,stable,jppfs_cor:NoncurrentLiabilities
525343,S100THRE,jppfs_cor:InterestExpensesNOE,支払利息、営業外費用,decrease_10,jppfs_cor:NonOperatingExpenses
525344,S100THRE,jppfs_cor:GainOnSalesOfNoncurrentAssetsEI,固定資産売却益、特別利益,new,jppfs_cor:ExtraordinaryIncome
525345,S100THRE,jppfs_cor:InsurancePremiumsRefundedCancellationNOI,保険解約返戻金、営業外収益,decrease_20,jppfs_cor:NonOperatingIncome
627990,S100RRDP,jppfs_cor:ProvisionForDirectorsBonusesSGA,役員賞与引当金繰入額、販売費及び一般管理費,stable,jppfs_cor:SellingGeneralAndAdministrativeExpenses
627991,S100RRDP,jppfs_cor:SubsidyIncomeNOI,補助金収入、営業外収益,increase_20,jppfs_cor:NonOperatingIncome
627992,S100RRDP,jppfs_cor:OtherEL,その他、特別損失,new,jppfs_cor:ExtraordinaryLoss
627993,S100RRDP,jppfs_cor:NonOperatingExpenses,営業外費用,increase_10,jppfs_cor:OrdinaryIncome
627994,S100RRDP,jppfs_cor:ValuationDifferenceOnAvailableForSaleSecurities,その他有価証券評価差額金,increase_20,jppfs_cor:ValuationAndTranslationAdjustments
627995,S100RRDP,jppfs_cor:RemeasurementsOfDefinedBenefitPlans,退職給付に係る調整累計額,decrease_20,jppfs_cor:ValuationAndTranslationAdjustments
627996,S100RRDP,jppfs_cor:AccountsPayableTrade,買掛金,increase_10,jppfs_cor:CurrentLiabilities
627997,S100RRDP,jppfs_cor:AccountsReceivableTrade,売掛金,increase_10,jppfs_cor:CurrentAssets
627998,S100RRDP,jppfs_cor:CapitalStock,資本金,stable,jppfs_cor:ShareholdersEquity
627999,S100RRDP,jppfs_cor:ProvisionForPointCardCertificatesSGA,ポイント引当金繰入額、販売費及び一般管理費,stable,jppfs_cor:SellingGeneralAndAdministrativeExpenses
628000,S100RRDP,jppfs_cor:Supplies,貯蔵品,decrease_10,jppfs_cor:CurrentAssets
628001,S100RRDP,jppfs_cor:ProvisionForPointCardCertificatesCL,ポイント引当金、流動負債,stable,jppfs_cor:CurrentLiabilities
628002,S100RRDP,jppfs_cor:Goodwill,のれん,decrease_20,jppfs_cor:IntangibleAssets
628003,S100RRDP,jppfs_cor:NonOperatingIncome,営業外収益,increase_10,jppfs_cor:OrdinaryIncome
628004,S100RRDP,jppfs_cor:ProvisionForDirectorsBonuses,役員賞与引当金,stable,jppfs_cor:CurrentLiabilities
628005,S100RRDP,jppfs_cor:LeaseAndGuaranteeDeposits,敷金及び保証金,stable,jppfs_cor:InvestmentsAndOtherAssets
628006,S100RRDP,jppfs_cor:OtherIOA,その他、投資その他の資産,increase_20,jppfs_cor:InvestmentsAndOtherAssets
628007,S100RRDP,jppfs_cor:AssetRetirementObligationsNCL,資産除去債務、固定負債,stable,jppfs_cor:NoncurrentLiabilities
628008,S100RRDP,jppfs_cor:AssetRetirementObligationsCL,資産除去債務、流動負債,new,jppfs_cor:CurrentLiabilities
628009,S100RRDP,jppfs_cor:ProvisionForLossOnStoreClosing,店舗閉鎖損失引当金,new,jppfs_cor:CurrentLiabilities
628010,S100RRDP,jppfs_cor:NetSales,売上高,increase_10,jppfs_cor:GrossProfit
628011,S100RRDP,jppfs_cor:ProvisionForLossOnStoreClosingEL,店舗閉鎖損失引当金繰入額、特別損失,new,jppfs_cor:ExtraordinaryLoss
628012,S100RRDP,jppfs_cor:NetDefinedBenefitLiability,退職給付に係る負債,increase_10,jppfs_cor:NoncurrentLiabilities
628013,S100RRDP,jppfs_cor:RetirementBenefitExpensesSGA,退職給付費用、販売費及び一般管理費,increase_20,jppfs_cor:SellingGeneralAndAdministrativeExpenses
628014,S100RRDP,jppfs_cor:SalariesAndAllowancesSGA,給料及び手当、販売費及び一般管理費,increase_10,jppfs_cor:SellingGeneralAndAdministrativeExpenses
628015,S100RRDP,jppfs_cor:ProfitLoss,当期純利益又は当期純損失（△）（平成26年3月28日財規等改正後）,stable,top_account
628016,S100RRDP,jppfs_cor:OrdinaryIncome,経常利益又は経常損失（△）,stable,jppfs_cor:IncomeBeforeIncomeTaxes
628017,S100RRDP,jppfs_cor:IncomeTaxesDeferred,法人税等調整額,decrease_10,jppfs_cor:IncomeTaxes
628018,S100RRDP,jppfs_cor:IncomeTaxesCurrent,法人税、住民税及び事業税,stable,jppfs_cor:IncomeTaxes
628019,S100RRDP,jppfs_cor:CashAndDeposits,現金及び預金,decrease_10,jppfs_cor:CurrentAssets
628020,S100RRDP,jppfs_cor:GainOnDonationOfNoncurrentAssetsNOI,固定資産受贈益、営業外収益,decrease_20,jppfs_cor:NonOperatingIncome
628021,S100RRDP,jppfs_cor:RentIncomeNOI,受取賃貸料、営業外収益,stable,jppfs_cor:NonOperatingIncome
628022,S100RRDP,jppfs_cor:LossOnReductionOfNoncurrentAssetsEL,固定資産圧縮損、特別損失,increase_20,jppfs_cor:ExtraordinaryLoss
628023,S100RRDP,jppfs_cor:InvestmentSecurities,投資有価証券,increase_10,jppfs_cor:InvestmentsAndOtherAssets
628024,S100RRDP,jppfs_cor:OperatingIncome,営業利益又は営業損失（△）,stable,jppfs_cor:OrdinaryIncome
628025,S100RRDP,jppfs_cor:InvestmentsAndOtherAssets,投資その他の資産,increase_10,jppfs_cor:NoncurrentAssets
628026,S100RRDP,jppfs_cor:DepreciationSGA,減価償却費、販売費及び一般管理費,increase_10,jppfs_cor:SellingGeneralAndAdministrativeExpenses
628027,S100RRDP,jppfs_cor:BuildingsAndStructures,建物及び構築物,increase_10,jppfs_cor:BuildingsAndStructuresNet
628028,S100RRDP,jppfs_cor:CostOfSales,売上原価,increase_10,jppfs_cor:GrossProfit
628029,S100RRDP,jppfs_cor:ContractLiabilities,契約負債,stable,jppfs_cor:CurrentLiabilities
628030,S100RRDP,jppfs_cor:TreasuryStock,自己株式,stable,jppfs_cor:ShareholdersEquity
628031,S100RRDP,jppfs_cor:CurrentAssets,流動資産,stable,jppfs_cor:Assets
628032,S100RRDP,jppfs_cor:CurrentLiabilities,流動負債,increase_10,jppfs_cor:Liabilities
628033,S100RRDP,jppfs_cor:ImpairmentLossEL,減損損失、特別損失,increase_10,jppfs_cor:ExtraordinaryLoss
628034,S100RRDP,jppfs_cor:OtherNOE,その他、営業外費用,increase_20,jppfs_cor:NonOperatingExpenses
628035,S100RRDP,jppfs_cor:PropertyPlantAndEquipment,有形固定資産,increase_20,jppfs_cor:NoncurrentAssets
628036,S100RRDP,jppfs_cor:OtherNOI,その他、営業外収益,increase_10,jppfs_cor:NonOperatingIncome
628037,S100RRDP,jppfs_cor:NoncurrentAssets,固定資産,increase_20,jppfs_cor:Assets
628038,S100RRDP,jppfs_cor:OtherSGA,その他、販売費及び一般管理費,increase_10,jppfs_cor:SellingGeneralAndAdministrativeExpenses
628039,S100RRDP,jppfs_cor:RetainedEarnings,利益剰余金,increase_10,jppfs_cor:ShareholdersEquity
628040,S100RRDP,jppfs_cor:ShareholdersEquity,株主資本,increase_10,jppfs_cor:NetAssets
628041,S100RRDP,jppfs_cor:IncomeTaxesPayable,未払法人税等,increase_10,jppfs_cor:CurrentLiabilities
628042,S100RRDP,jppfs_cor:ExtraordinaryIncome,特別利益,increase_20,jppfs_cor:IncomeBeforeIncomeTaxes
628043,S100RRDP,jppfs_cor:IntangibleAssets,無形固定資産,stable,jppfs_cor:NoncurrentAssets
628044,S100RRDP,jppfs_cor:ExtraordinaryLoss,特別損失,increase_20,jppfs_cor:IncomeBeforeIncomeTaxes
628045,S100RRDP,jppfs_cor:IncomeTaxes,法人税等,increase_10,jppfs_cor:ProfitLoss
628046,S100RRDP,jppfs_cor:AccumulatedDepreciationOtherPPE,減価償却累計額、その他、有形固定資産,increase_10,jppfs_cor:OtherNetPPE
628047,S100RRDP,jppfs_cor:ProfitLossAttributableToOwnersOfParent,親会社株主に帰属する当期純利益又は親会社株主に帰属する当期純損失（△）,stable,not_common_account
628048,S100RRDP,jppfs_cor:OtherIA,その他、無形固定資産,increase_10,jppfs_cor:IntangibleAssets
628049,S100RRDP,jppfs_cor:OtherPPE,その他、有形固定資産,increase_10,jppfs_cor:OtherNetPPE
628050,S100RRDP,jppfs_cor:Liabilities,負債,increase_10,jppfs_cor:LiabilitiesAndNetAssets
628051,S100RRDP,jppfs_cor:Land,土地,increase_20,jppfs_cor:PropertyPlantAndEquipment
628052,S100RRDP,jppfs_cor:DeferredTaxAssets,繰延税金資産,increase_10,jppfs_cor:InvestmentsAndOtherAssets
628053,S100RRDP,jppfs_cor:OtherCL,その他、流動負債,increase_10,jppfs_cor:CurrentLiabilities
628054,S100RRDP,jppfs_cor:OtherNCL,その他、固定負債,increase_10,jppfs_cor:NoncurrentLiabilities
628055,S100RRDP,jppfs_cor:OtherCA,その他、流動資産,increase_10,jppfs_cor:CurrentAssets
628056,S100RRDP,jppfs_cor:ValuationAndTranslationAdjustments,評価・換算差額等,decrease_20,jppfs_cor:NetAssets
628057,S100RRDP,jppfs_cor:AccumulatedDepreciationBuildingsAndStructures,減価償却累計額、建物及び構築物,increase_10,jppfs_cor:BuildingsAndStructuresNet
628058,S100RRDP,jppfs_cor:NoncurrentLiabilities,固定負債,stable,jppfs_cor:Liabilities
628059,S100RRDP,jppfs_cor:RentExpensesNOE,賃貸費用、営業外費用,stable,jppfs_cor:NonOperatingExpenses
628060,S100RRDP,jppfs_cor:InterestIncomeNOI,受取利息、営業外収益,stable,jppfs_cor:NonOperatingIncome
628061,S100RRDP,jppfs_cor:LongTermLoansReceivable,長期貸付金,stable,jppfs_cor:InvestmentsAndOtherAssets
628062,S100RRDP,jppfs_cor:ProvisionForBonusesSGA,賞与引当金繰入額、販売費及び一般管理費,increase_10,jppfs_cor:SellingGeneralAndAdministrativeExpenses
628063,S100RRDP,jppfs_cor:LossOnAbandonmentOfGoodsNOE,商品廃棄損、営業外費用,new,jppfs_cor:NonOperatingExpenses
628064,S100RRDP,jppfs_cor:CapitalSurplus,資本剰余金,stable,jppfs_cor:ShareholdersEquity
628065,S100RRDP,jppfs_cor:IncomeBeforeIncomeTaxes,税引前当期純利益又は税引前当期純損失（△）,stable,jppfs_cor:ProfitLoss
628066,S100RRDP,jppfs_cor:DividendsIncomeNOI,受取配当金、営業外収益,stable,jppfs_cor:NonOperatingIncome
628067,S100RRDP,jppfs_cor:Merchandise,商品,increase_10,jppfs_cor:CurrentAssets
628068,S100RRDP,jpcrp030000-asr_E21606-000:ProvisionForLossOnSubleaseNCL,転貸損失引当金,decrease_10,jppfs_cor:NoncurrentLiabilities
628069,S100RRDP,jppfs_cor:ProvisionForBonuses,賞与引当金,increase_10,jppfs_cor:CurrentLiabilities
628070,S100RRDP,jppfs_cor:SellingGeneralAndAdministrativeExpenses,販売費及び一般管理費,increase_10,jppfs_cor:OperatingIncome
628071,S100RRDP,jppfs_cor:SubsidyEI,補助金収入、特別利益,increase_20,jppfs_cor:ExtraordinaryIncome
628072,S100RRDP,jppfs_cor:RentsSGA,地代家賃、販売費及び一般管理費,stable,jppfs_cor:SellingGeneralAndAdministrativeExpenses
628073,S100RRDP,jppfs_cor:AllowanceForDoubtfulAccountsIOAByGroup,貸倒引当金、投資その他の資産、一括控除,decrease_10,jppfs_cor:InvestmentsAndOtherAssets
628074,S100RRDP,jppfs_cor:CompensationExpensesNOE,支払補償費、営業外費用,increase_20,jppfs_cor:NonOperatingExpenses
628075,S100RRDP,jppfs_cor:GrossProfit,売上総利益又は売上総損失（△）,increase_10,jppfs_cor:OperatingIncome
632012,S100RH2N,jppfs_cor:AccumulatedDepreciationBuildings,減価償却累計額、建物,stable,jppfs_cor:BuildingsNet
632013,S100RH2N,jppfs_cor:Buildings,建物,stable,jppfs_cor:BuildingsNet
632014,S100RH2N,jppfs_cor:RawMaterialsAndSupplies,原材料及び貯蔵品,stable,jppfs_cor:CurrentAssets
632015,S100RH2N,jpcrp030000-asr_E04651-000:StationeryExpenseSGA,備品・消耗品費,increase_20,jppfs_cor:SellingGeneralAndAdministrativeExpenses
632016,S100RH2N,jpcrp030000-asr_E04651-000:CostOfRestaurantAndStallSalesCOS,食堂・売店売上原価,increase_10,jppfs_cor:GrossProfit
632017,S100RH2N,jppfs_cor:CurrentPortionOfLongTermLoansPayable,１年内返済予定の長期借入金,decrease_20,jppfs_cor:CurrentLiabilities
632018,S100RH2N,jppfs_cor:LeaseObligationsNCL,リース債務、固定負債,stable,jppfs_cor:NoncurrentLiabilities
632019,S100RH2N,jppfs_cor:LeaseObligationsCL,リース債務、流動負債,increase_10,jppfs_cor:CurrentLiabilities
632020,S100RH2N,jppfs_cor:AccumulatedDepreciationMachineryAndEquipment,減価償却累計額、機械及び装置,decrease_10,jppfs_cor:MachineryAndEquipmentNet
632021,S100RH2N,jppfs_cor:NetSales,売上高,increase_10,jppfs_cor:GrossProfit
632022,S100RH2N,jpcrp030000-asr_E04651-000:OthersSalesRevOA,雑売上,increase_20,jppfs_cor:NetSales
632023,S100RH2N,jppfs_cor:GuaranteeDepositsIOA,差入保証金、投資その他の資産,stable,jppfs_cor:InvestmentsAndOtherAssets
632024,S100RH2N,jppfs_cor:CurrentLiabilities,流動負債,decrease_10,jppfs_cor:Liabilities
632025,S100RH2N,jppfs_cor:IncomeTaxesDeferred,法人税等調整額,decrease_20,jppfs_cor:IncomeTaxes
632026,S100RH2N,jpcrp030000-asr_E04651-000:ToolFurnitureAndFixtures,什器備品,decrease_10,jpcrp030000-asr_E04651-000:FixturesAndFittingsNet
632027,S100RH2N,jppfs_cor:NonOperatingExpenses,営業外費用,decrease_10,jppfs_cor:OrdinaryIncome
632028,S100RH2N,jppfs_cor:SalariesAndAllowancesSGA,給料及び手当、販売費及び一般管理費,increase_10,jppfs_cor:SellingGeneralAndAdministrativeExpenses
632029,S100RH2N,jppfs_cor:RetirementBenefitExpensesSGA,退職給付費用、販売費及び一般管理費,increase_20,jppfs_cor:SellingGeneralAndAdministrativeExpenses
632030,S100RH2N,jppfs_cor:OtherCA,その他、流動資産,increase_20,jppfs_cor:CurrentAssets
632031,S100RH2N,jppfs_cor:ProvisionForRetirementBenefits,退職給付引当金,stable,jppfs_cor:NoncurrentLiabilities
632032,S100RH2N,jppfs_cor:CommissionFeeNOI,受取手数料、営業外収益,decrease_10,jppfs_cor:NonOperatingIncome
632033,S100RH2N,jppfs_cor:GeneralReserve,別途積立金,stable,jppfs_cor:RetainedEarnings
632034,S100RH2N,jppfs_cor:OperatingIncome,営業利益又は営業損失（△）,decrease_10,jppfs_cor:OrdinaryIncome
632035,S100RH2N,jppfs_cor:CashAndDeposits,現金及び預金,decrease_20,jppfs_cor:CurrentAssets
632036,S100RH2N,jppfs_cor:AccumulatedDepreciationVehicles,減価償却累計額、車両運搬具,increase_10,jppfs_cor:VehiclesNet
632037,S100RH2N,jppfs_cor:IncomeTaxesPayable,未払法人税等,decrease_20,jppfs_cor:CurrentLiabilities
632038,S100RH2N,jpcrp030000-asr_E04651-000:GolfCourseFeesRevOA,ゴルフ場売上,stable,jppfs_cor:NetSales
632039,S100RH2N,jppfs_cor:DeferredTaxAssets,繰延税金資産,decrease_10,jppfs_cor:InvestmentsAndOtherAssets
632040,S100RH2N,jppfs_cor:OtherCL,その他、流動負債,increase_10,jppfs_cor:CurrentLiabilities
632041,S100RH2N,jppfs_cor:SellingGeneralAndAdministrativeExpenses,販売費及び一般管理費,increase_10,jppfs_cor:OperatingIncome
632042,S100RH2N,jppfs_cor:Liabilities,負債,decrease_10,jppfs_cor:LiabilitiesAndNetAssets
632043,S100RH2N,jppfs_cor:InterestExpensesNOE,支払利息、営業外費用,decrease_20,jppfs_cor:NonOperatingExpenses
632044,S100RH2N,jppfs_cor:GolfCourses,コース勘定,stable,jppfs_cor:PropertyPlantAndEquipment
632045,S100RH2N,jppfs_cor:OperatingAccountsReceivableCA,営業未収入金、流動資産,stable,jppfs_cor:CurrentAssets
632046,S100RH2N,jppfs_cor:MiscellaneousIncomeNOI,雑収入、営業外収益,decrease_20,jppfs_cor:NonOperatingIncome
632047,S100RH2N,jppfs_cor:InterestIncomeNOI,受取利息、営業外収益,stable,jppfs_cor:NonOperatingIncome
632048,S100RH2N,jppfs_cor:DepositsReceivedFromMembers,会員預り金,stable,jppfs_cor:NoncurrentLiabilities
632049,S100RH2N,jppfs_cor:LongTermGuaranteeDeposited,長期預り保証金,stable,jppfs_cor:NoncurrentLiabilities
632050,S100RH2N,jppfs_cor:NoncurrentAssets,固定資産,stable,jppfs_cor:Assets
632051,S100RH2N,jppfs_cor:Merchandise,商品,decrease_10,jppfs_cor:CurrentAssets
632052,S100RH2N,jpcrp030000-asr_E04651-000:AccumulatedDepreciationFixturesAndFittings,減価償却累計額,decrease_20,jpcrp030000-asr_E04651-000:FixturesAndFittingsNet
632053,S100RH2N,jppfs_cor:RetainedEarningsBroughtForward,繰越利益剰余金,increase_10,jppfs_cor:RetainedEarnings
632054,S100RH2N,jpcrp030000-asr_E04651-000:AnnualMembershipFeesRevOA,年会費・ロッカー費収入,stable,jppfs_cor:NetSales
632055,S100RH2N,jppfs_cor:MiscellaneousLossNOE,雑損失、営業外費用,decrease_20,jppfs_cor:NonOperatingExpenses
632056,S100RH2N,jppfs_cor:LeaseAssetsIA,リース資産、無形固定資産,increase_20,jppfs_cor:IntangibleAssets
632057,S100RH2N,jppfs_cor:LeaseAssetsPPE,リース資産、有形固定資産,decrease_20,jppfs_cor:LeaseAssetsNetPPE
632058,S100RH2N,jppfs_cor:AccumulatedDepreciationStructures,減価償却累計額、構築物,stable,jppfs_cor:StructuresNet
632059,S100RH2N,jppfs_cor:LossOnRetirementOfNoncurrentAssetsNOE,固定資産除却損、営業外費用,new,jppfs_cor:NonOperatingExpenses
632060,S100RH2N,jppfs_cor:AssetRetirementObligationsNCL,資産除去債務、固定負債,stable,jppfs_cor:NoncurrentLiabilities
632061,S100RH2N,jppfs_cor:WelfareExpensesSGA,福利厚生費、販売費及び一般管理費,increase_10,jppfs_cor:SellingGeneralAndAdministrativeExpenses
632062,S100RH2N,jppfs_cor:TelephoneSubscriptionRight,電話加入権,stable,jppfs_cor:IntangibleAssets
632063,S100RH2N,jppfs_cor:IncomeTaxesCurrent,法人税、住民税及び事業税,decrease_20,jppfs_cor:IncomeTaxes
632064,S100RH2N,jppfs_cor:AccruedExpenses,未払費用,stable,jppfs_cor:CurrentLiabilities
632065,S100RH2N,jppfs_cor:OrdinaryIncome,経常利益又は経常損失（△）,decrease_10,jppfs_cor:IncomeBeforeIncomeTaxes
632066,S100RH2N,jppfs_cor:ShortTermLoansPayable,短期借入金,stable,jppfs_cor:CurrentLiabilities
632067,S100RH2N,jppfs_cor:CurrentAssets,流動資産,decrease_20,jppfs_cor:Assets
632068,S100RH2N,jpcrp030000-asr_E04651-000:OperatingManagementExpenseSGA,営業管理費,stable,jppfs_cor:SellingGeneralAndAdministrativeExpenses
632069,S100RH2N,jppfs_cor:Software,ソフトウエア,new,jppfs_cor:IntangibleAssets
632070,S100RH2N,jppfs_cor:PropertyPlantAndEquipment,有形固定資産,stable,jppfs_cor:NoncurrentAssets
632071,S100RH2N,jppfs_cor:LegalRetainedEarnings,利益準備金,stable,jppfs_cor:RetainedEarnings
632072,S100RH2N,jppfs_cor:LongTermLoansPayable,長期借入金,decrease_20,jppfs_cor:NoncurrentLiabilities
632073,S100RH2N,jppfs_cor:MachineryAndEquipment,機械及び装置,stable,jppfs_cor:MachineryAndEquipmentNet
632074,S100RH2N,jppfs_cor:AccumulatedDepreciationLeaseAssetsPPE,減価償却累計額、リース資産、有形固定資産,decrease_20,jppfs_cor:LeaseAssetsNetPPE
632075,S100RH2N,jpcrp030000-asr_E04651-000:GolfCourseManagementExpenseSGA,維持管理費,new,jppfs_cor:SellingGeneralAndAdministrativeExpenses
632076,S100RH2N,jppfs_cor:AccruedConsumptionTaxes,未払消費税等,decrease_10,jppfs_cor:CurrentLiabilities
632077,S100RH2N,jppfs_cor:Land,土地,stable,jppfs_cor:PropertyPlantAndEquipment
632078,S100RH2N,jppfs_cor:IncomeBeforeIncomeTaxes,税引前当期純利益又は税引前当期純損失（△）,decrease_10,jppfs_cor:ProfitLoss
632079,S100RH2N,jppfs_cor:AccountsPayableOther,未払金,increase_10,jppfs_cor:CurrentLiabilities
632080,S100RH2N,jppfs_cor:RentExpensesSGA,賃借料、販売費及び一般管理費,stable,jppfs_cor:SellingGeneralAndAdministrativeExpenses
632081,S100RH2N,jppfs_cor:OtherSGA,その他、販売費及び一般管理費,increase_10,jppfs_cor:SellingGeneralAndAdministrativeExpenses
632082,S100RH2N,jppfs_cor:AccountsPayableTrade,買掛金,stable,jppfs_cor:CurrentLiabilities
632083,S100RH2N,jppfs_cor:Structures,構築物,stable,jppfs_cor:StructuresNet
632084,S100RH2N,jpcrp030000-asr_E04651-000:DrivingRangeFeesRevOA,練習場売上,stable,jppfs_cor:NetSales
632085,S100RH2N,jppfs_cor:Vehicles,車両運搬具,stable,jppfs_cor:VehiclesNet
632086,S100RH2N,jppfs_cor:InvestmentsAndOtherAssets,投資その他の資産,stable,jppfs_cor:NoncurrentAssets
632087,S100RH2N,jppfs_cor:LeaseholdRight,借地権,stable,jppfs_cor:IntangibleAssets
632088,S100RH2N,jppfs_cor:ShareholdersEquity,株主資本,stable,jppfs_cor:NetAssets
632089,S100RH2N,jppfs_cor:CommissionFeeSGA,支払手数料、販売費及び一般管理費,stable,jppfs_cor:SellingGeneralAndAdministrativeExpenses
632090,S100RH2N,jpcrp030000-asr_E04651-000:RestaurantAndStallSalesInconeRevOA,食堂・売店売上,increase_10,jppfs_cor:NetSales
632091,S100RH2N,jppfs_cor:DepreciationSGA,減価償却費、販売費及び一般管理費,decrease_20,jppfs_cor:SellingGeneralAndAdministrativeExpenses
632092,S100RH2N,jppfs_cor:NoncurrentLiabilities,固定負債,decrease_10,jppfs_cor:Liabilities
632093,S100RH2N,jppfs_cor:GrossProfit,売上総利益又は売上総損失（△）,increase_10,jppfs_cor:OperatingIncome
632094,S100RH2N,jppfs_cor:ProfitLoss,当期純利益又は当期純損失（△）（平成26年3月28日財規等改正後）,decrease_10,top_account
632095,S100RH2N,jppfs_cor:TaxesAndDuesSGA,租税公課、販売費及び一般管理費,increase_10,jppfs_cor:SellingGeneralAndAdministrativeExpenses
632096,S100RH2N,jppfs_cor:CapitalStock,資本金,stable,jppfs_cor:ShareholdersEquity
632097,S100RH2N,jppfs_cor:DirectorsCompensationsSGA,役員報酬、販売費及び一般管理費,stable,jppfs_cor:SellingGeneralAndAdministrativeExpenses
632098,S100RH2N,jppfs_cor:OtherCapitalSurplus,その他資本剰余金,stable,jppfs_cor:CapitalSurplus
632099,S100RH2N,jppfs_cor:DepositsReceived,預り金,stable,jppfs_cor:CurrentLiabilities
632100,S100RH2N,jppfs_cor:PrepaidExpenses,前払費用,stable,jppfs_cor:CurrentAssets
632101,S100RH2N,jppfs_cor:CapitalSurplus,資本剰余金,stable,jppfs_cor:ShareholdersEquity
632102,S100RH2N,jppfs_cor:NonOperatingIncome,営業外収益,decrease_10,jppfs_cor:OrdinaryIncome
632103,S100RH2N,jppfs_cor:IntangibleAssets,無形固定資産,stable,jppfs_cor:NoncurrentAssets
632104,S100RH2N,jppfs_cor:RetainedEarnings,利益剰余金,stable,jppfs_cor:ShareholdersEquity
632105,S100RH2N,jppfs_cor:IncomeTaxes,法人税等,decrease_20,jppfs_cor:ProfitLoss
703233,S100R6JB,jppfs_cor:LongTermGuaranteeDeposited,長期預り保証金,stable,jppfs_cor:NoncurrentLiabilities
703234,S100R6JB,jppfs_cor:RetirementBenefitExpensesSGA,退職給付費用、販売費及び一般管理費,decrease_10,jppfs_cor:SellingGeneralAndAdministrativeExpenses
703235,S100R6JB,jppfs_cor:ProfitLoss,当期純利益又は当期純損失（△）（平成26年3月28日財規等改正後）,decrease_20,top_account
703236,S100R6JB,jppfs_cor:ProfitLossAttributableToOwnersOfParent,親会社株主に帰属する当期純利益又は親会社株主に帰属する当期純損失（△）,decrease_20,not_common_account
703237,S100R6JB,jppfs_cor:LongTermLoansPayable,長期借入金,increase_20,jppfs_cor:NoncurrentLiabilities
703238,S100R6JB,jppfs_cor:InvestmentsAndOtherAssets,投資その他の資産,increase_20,jppfs_cor:NoncurrentAssets
703239,S100R6JB,jppfs_cor:IncomeTaxesPayable,未払法人税等,new,jppfs_cor:CurrentLiabilities
703240,S100R6JB,jppfs_cor:LossOnRetirementOfNoncurrentAssetsEL,固定資産除却損、特別損失,decrease_20,jppfs_cor:ExtraordinaryLoss
703241,S100R6JB,jppfs_cor:OtherCL,その他、流動負債,stable,jppfs_cor:CurrentLiabilities
703242,S100R6JB,jppfs_cor:DeferredTaxAssets,繰延税金資産,increase_20,jppfs_cor:InvestmentsAndOtherAssets
703243,S100R6JB,jppfs_cor:Software,ソフトウエア,decrease_20,jppfs_cor:IntangibleAssets
703244,S100R6JB,jppfs_cor:IncomeTaxes,法人税等,decrease_20,jppfs_cor:ProfitLoss
703245,S100R6JB,jppfs_cor:ExtraordinaryLoss,特別損失,decrease_20,jppfs_cor:IncomeBeforeIncomeTaxes
703246,S100R6JB,jppfs_cor:RetainedEarnings,利益剰余金,decrease_20,jppfs_cor:ShareholdersEquity
703247,S100R6JB,jppfs_cor:OfficeWorkFeeNOI,受取事務手数料、営業外収益,decrease_10,jppfs_cor:NonOperatingIncome
703248,S100R6JB,jppfs_cor:RawMaterialsAndSupplies,原材料及び貯蔵品,decrease_20,jppfs_cor:CurrentAssets
703249,S100R6JB,jppfs_cor:OtherIA,その他、無形固定資産,stable,jppfs_cor:IntangibleAssets
703250,S100R6JB,jppfs_cor:TreasuryStock,自己株式,stable,jppfs_cor:ShareholdersEquity
703251,S100R6JB,jppfs_cor:MerchandiseAndFinishedGoods,商品及び製品,increase_10,jppfs_cor:CurrentAssets
703252,S100R6JB,jppfs_cor:ToolsFurnitureAndFixtures,工具、器具及び備品,decrease_10,jppfs_cor:ToolsFurnitureAndFixturesNet
703253,S100R6JB,jppfs_cor:InvestmentSecurities,投資有価証券,increase_20,jppfs_cor:InvestmentsAndOtherAssets
703254,S100R6JB,jppfs_cor:ContractLiabilities,契約負債,stable,jppfs_cor:CurrentLiabilities
703255,S100R6JB,jppfs_cor:CurrentAssets,流動資産,increase_20,jppfs_cor:Assets
703256,S100R6JB,jppfs_cor:NotesReceivableTrade,受取手形,stable,jppfs_cor:CurrentAssets
703257,S100R6JB,jppfs_cor:NoncurrentLiabilities,固定負債,increase_20,jppfs_cor:Liabilities
703258,S100R6JB,jppfs_cor:OrdinaryIncome,経常利益又は経常損失（△）,decrease_20,jppfs_cor:IncomeBeforeIncomeTaxes
703259,S100R6JB,jppfs_cor:AdvertisingExpensesSGA,広告宣伝費、販売費及び一般管理費,stable,jppfs_cor:SellingGeneralAndAdministrativeExpenses
703260,S100R6JB,jppfs_cor:LeaseAndGuaranteeDeposits,敷金及び保証金,stable,jppfs_cor:InvestmentsAndOtherAssets
703261,S100R6JB,jppfs_cor:SalesCommissionSGA,販売手数料、販売費及び一般管理費,increase_20,jppfs_cor:SellingGeneralAndAdministrativeExpenses
703262,S100R6JB,jppfs_cor:ProvisionForBonusesSGA,賞与引当金繰入額、販売費及び一般管理費,new,jppfs_cor:SellingGeneralAndAdministrativeExpenses
703263,S100R6JB,jppfs_cor:AllowanceForDoubtfulAccountsIOAByGroup,貸倒引当金、投資その他の資産、一括控除,decrease_10,jppfs_cor:InvestmentsAndOtherAssets
703264,S100R6JB,jppfs_cor:AssetRetirementObligationsNCL,資産除去債務、固定負債,stable,jppfs_cor:NoncurrentLiabilities
703265,S100R6JB,jppfs_cor:ShareholdersEquity,株主資本,increase_20,jppfs_cor:NetAssets
703266,S100R6JB,jppfs_cor:IncomeTaxesCurrent,法人税、住民税及び事業税,new,jppfs_cor:IncomeTaxes
703267,S100R6JB,jppfs_cor:AccumulatedDepreciationToolsFurnitureAndFixtures,減価償却累計額、工具、器具及び備品,decrease_20,jppfs_cor:ToolsFurnitureAndFixturesNet
703268,S100R6JB,jppfs_cor:CapitalSurplus,資本剰余金,stable,jppfs_cor:ShareholdersEquity
703269,S100R6JB,jppfs_cor:AccumulatedDepreciationMachineryEquipmentAndVehicles,減価償却累計額、機械装置及び運搬具,decrease_20,jppfs_cor:MachineryEquipmentAndVehiclesNet
703270,S100R6JB,jppfs_cor:ProvisionForBonuses,賞与引当金,new,jppfs_cor:CurrentLiabilities
703271,S100R6JB,jppfs_cor:DepreciationSGA,減価償却費、販売費及び一般管理費,decrease_10,jppfs_cor:SellingGeneralAndAdministrativeExpenses
703272,S100R6JB,jppfs_cor:CapitalStock,資本金,stable,jppfs_cor:ShareholdersEquity
703273,S100R6JB,jppfs_cor:CashAndDeposits,現金及び預金,increase_20,jppfs_cor:CurrentAssets
703274,S100R6JB,jppfs_cor:OperatingIncome,営業利益又は営業損失（△）,decrease_20,jppfs_cor:OrdinaryIncome
703275,S100R6JB,jppfs_cor:ProvisionOfAllowanceForDoubtfulAccountsSGA,貸倒引当金繰入額、販売費及び一般管理費,decrease_20,jppfs_cor:SellingGeneralAndAdministrativeExpenses
703276,S100R6JB,jppfs_cor:IntangibleAssets,無形固定資産,decrease_10,jppfs_cor:NoncurrentAssets
703277,S100R6JB,jppfs_cor:GainOnTransferOfBusinessEI,事業譲渡益、特別利益,decrease_20,jppfs_cor:ExtraordinaryIncome
703278,S100R6JB,jppfs_cor:IncomeBeforeIncomeTaxes,税引前当期純利益又は税引前当期純損失（△）,decrease_20,jppfs_cor:ProfitLoss
703279,S100R6JB,jppfs_cor:AccountsReceivableTrade,売掛金,increase_20,jppfs_cor:CurrentAssets
703280,S100R6JB,jppfs_cor:AllowanceForDoubtfulAccountsCA,貸倒引当金、流動資産、一括控除,increase_20,jppfs_cor:CurrentAssets
703281,S100R6JB,jppfs_cor:BuildingsAndStructures,建物及び構築物,stable,jppfs_cor:BuildingsAndStructuresNet
703282,S100R6JB,jppfs_cor:InterestExpensesNOE,支払利息、営業外費用,increase_10,jppfs_cor:NonOperatingExpenses
703283,S100R6JB,jppfs_cor:OtherIOA,その他、投資その他の資産,stable,jppfs_cor:InvestmentsAndOtherAssets
703284,S100R6JB,jppfs_cor:NoncurrentAssets,固定資産,increase_10,jppfs_cor:Assets
703285,S100R6JB,jppfs_cor:CurrentLiabilities,流動負債,decrease_20,jppfs_cor:Liabilities
703286,S100R6JB,jppfs_cor:ValuationDifferenceOnAvailableForSaleSecurities,その他有価証券評価差額金,new,jppfs_cor:ValuationAndTranslationAdjustments
703287,S100R6JB,jppfs_cor:CommissionFeeNOI,受取手数料、営業外収益,new,jppfs_cor:NonOperatingIncome
703288,S100R6JB,jppfs_cor:DividendsIncomeNOI,受取配当金、営業外収益,increase_20,jppfs_cor:NonOperatingIncome
703289,S100R6JB,jppfs_cor:AccumulatedDepreciationBuildingsAndStructures,減価償却累計額、建物及び構築物,stable,jppfs_cor:BuildingsAndStructuresNet
703290,S100R6JB,jppfs_cor:NonOperatingIncome,営業外収益,increase_20,jppfs_cor:OrdinaryIncome
703291,S100R6JB,jppfs_cor:NetSales,売上高,increase_20,jppfs_cor:GrossProfit
703292,S100R6JB,jppfs_cor:SuppliesExpensesSGA,消耗品費、販売費及び一般管理費,increase_10,jppfs_cor:SellingGeneralAndAdministrativeExpenses
703293,S100R6JB,jppfs_cor:NonOperatingExpenses,営業外費用,stable,jppfs_cor:OrdinaryIncome
703294,S100R6JB,jppfs_cor:NotesAndAccountsPayableTrade,支払手形及び買掛金,increase_20,jppfs_cor:CurrentLiabilities
703295,S100R6JB,jppfs_cor:IncomeTaxesDeferred,法人税等調整額,decrease_20,jppfs_cor:IncomeTaxes
703296,S100R6JB,jppfs_cor:TaxesAndDuesSGA,租税公課、販売費及び一般管理費,increase_10,jppfs_cor:SellingGeneralAndAdministrativeExpenses
703297,S100R6JB,jppfs_cor:GrossProfit,売上総利益又は売上総損失（△）,increase_20,jppfs_cor:OperatingIncome
703298,S100R6JB,jppfs_cor:DirectorsCompensationsSGA,役員報酬、販売費及び一般管理費,stable,jppfs_cor:SellingGeneralAndAdministrativeExpenses
703299,S100R6JB,jppfs_cor:TravelingAndTransportationExpensesSGA,旅費及び交通費、販売費及び一般管理費,increase_20,jppfs_cor:SellingGeneralAndAdministrativeExpenses
703300,S100R6JB,jppfs_cor:AccruedExpenses,未払費用,increase_10,jppfs_cor:CurrentLiabilities
703301,S100R6JB,jppfs_cor:CurrentPortionOfLongTermLoansPayable,１年内返済予定の長期借入金,decrease_20,jppfs_cor:CurrentLiabilities
703302,S100R6JB,jppfs_cor:AccountsPayableOther,未払金,stable,jppfs_cor:CurrentLiabilities
703303,S100R6JB,jppfs_cor:OtherNCL,その他、固定負債,stable,jppfs_cor:NoncurrentLiabilities
703304,S100R6JB,jppfs_cor:RepairExpensesSGA,修繕費、販売費及び一般管理費,increase_10,jppfs_cor:SellingGeneralAndAdministrativeExpenses
703305,S100R6JB,jppfs_cor:PackingAndTransportationExpensesSGA,荷造運搬費、販売費及び一般管理費,increase_10,jppfs_cor:SellingGeneralAndAdministrativeExpenses
703306,S100R6JB,jppfs_cor:ExtraordinaryIncome,特別利益,decrease_20,jppfs_cor:IncomeBeforeIncomeTaxes
703307,S100R6JB,jppfs_cor:CostOfSales,売上原価,increase_20,jppfs_cor:GrossProfit
703308,S100R6JB,jppfs_cor:RentExpensesSGA,賃借料、販売費及び一般管理費,increase_10,jppfs_cor:SellingGeneralAndAdministrativeExpenses
703309,S100R6JB,jppfs_cor:SellingGeneralAndAdministrativeExpenses,販売費及び一般管理費,increase_10,jppfs_cor:OperatingIncome
703310,S100R6JB,jppfs_cor:PropertyPlantAndEquipment,有形固定資産,stable,jppfs_cor:NoncurrentAssets
703311,S100R6JB,jppfs_cor:MachineryEquipmentAndVehicles,機械装置及び運搬具,decrease_20,jppfs_cor:MachineryEquipmentAndVehiclesNet
703312,S100R6JB,jppfs_cor:Liabilities,負債,stable,jppfs_cor:LiabilitiesAndNetAssets
703313,S100R6JB,jppfs_cor:ValuationAndTranslationAdjustments,評価・換算差額等,new,jppfs_cor:NetAssets
703314,S100R6JB,jppfs_cor:OtherSGA,その他、販売費及び一般管理費,stable,jppfs_cor:SellingGeneralAndAdministrativeExpenses
703315,S100R6JB,jppfs_cor:UtilitiesExpensesSGA,水道光熱費、販売費及び一般管理費,stable,jppfs_cor:SellingGeneralAndAdministrativeExpenses
703316,S100R6JB,jppfs_cor:SubsidyIncome2EI,助成金収入、特別利益,decrease_20,jppfs_cor:ExtraordinaryIncome
703317,S100R6JB,jppfs_cor:OtherNOI,その他、営業外収益,decrease_20,jppfs_cor:NonOperatingIncome
703318,S100R6JB,jppfs_cor:InterestIncomeNOI,受取利息、営業外収益,decrease_20,jppfs_cor:NonOperatingIncome
703319,S100R6JB,jppfs_cor:OtherCA,その他、流動資産,decrease_20,jppfs_cor:CurrentAssets
703320,S100R6JB,jppfs_cor:Land,土地,stable,jppfs_cor:PropertyPlantAndEquipment
703321,S100R6JB,jppfs_cor:OtherNOE,その他、営業外費用,decrease_20,jppfs_cor:NonOperatingExpenses
703322,S100R6JB,jppfs_cor:WelfareExpensesSGA,福利厚生費、販売費及び一般管理費,increase_10,jppfs_cor:SellingGeneralAndAdministrativeExpenses
703323,S100R6JB,jpcrp030000-asr_E02787-000:SalaryAndBonusSGA,給与賞与,stable,jppfs_cor:SellingGeneralAndAdministrativeExpenses
712271,S100R62U,jppfs_cor:OrdinaryIncome,経常利益又は経常損失（△）,decrease_10,jppfs_cor:IncomeBeforeIncomeTaxes
712272,S100R62U,jppfs_cor:ComprehensiveIncomeAttributableToNonControllingInterests,非支配株主に係る包括利益、包括利益,new,not_common_account
712273,S100R62U,jppfs_cor:OtherNCL,その他、固定負債,decrease_20,jppfs_cor:NoncurrentLiabilities
712274,S100R62U,jppfs_cor:ValuationDifferenceOnAvailableForSaleSecuritiesNetOfTaxOCI,その他有価証券評価差額金（税引後）、その他の包括利益,decrease_20,jppfs_cor:OtherComprehensiveIncome
712275,S100R62U,jppfs_cor:ForeignCurrencyTranslationAdjustment,為替換算調整勘定,increase_20,jppfs_cor:ValuationAndTranslationAdjustments
712276,S100R62U,jppfs_cor:Land,土地,stable,jppfs_cor:PropertyPlantAndEquipment
712277,S100R62U,jppfs_cor:AllowanceForDoubtfulAccountsIOAByGroup,貸倒引当金、投資その他の資産、一括控除,increase_20,jppfs_cor:InvestmentsAndOtherAssets
712278,S100R62U,jppfs_cor:InterestExpensesNOE,支払利息、営業外費用,decrease_10,jppfs_cor:NonOperatingExpenses
712279,S100R62U,jppfs_cor:GainOnSalesOfInvestmentSecuritiesEI,投資有価証券売却益、特別利益,new,jppfs_cor:ExtraordinaryIncome
712280,S100R62U,jppfs_cor:RetainedEarnings,利益剰余金,stable,jppfs_cor:ShareholdersEquity
712281,S100R62U,jppfs_cor:ShortTermLoansPayable,短期借入金,increase_20,jppfs_cor:CurrentLiabilities
712282,S100R62U,jppfs_cor:IntangibleAssets,無形固定資産,increase_10,jppfs_cor:NoncurrentAssets
712283,S100R62U,jppfs_cor:SellingGeneralAndAdministrativeExpenses,販売費及び一般管理費,increase_10,jppfs_cor:OperatingIncome
712284,S100R62U,jppfs_cor:CapitalStock,資本金,stable,jppfs_cor:ShareholdersEquity
712285,S100R62U,jppfs_cor:NonOperatingIncome,営業外収益,increase_10,jppfs_cor:OrdinaryIncome
712286,S100R62U,jppfs_cor:ProvisionForDirectorsBonuses,役員賞与引当金,decrease_10,jppfs_cor:CurrentLiabilities
712287,S100R62U,jppfs_cor:ProfitLossAttributableToNonControllingInterests,非支配株主に帰属する当期純利益又は非支配株主に帰属する当期純損失（△）,decrease_20,not_common_account
712288,S100R62U,jppfs_cor:ProfitLossAttributableToOwnersOfParent,親会社株主に帰属する当期純利益又は親会社株主に帰属する当期純損失（△）,decrease_20,not_common_account
712289,S100R62U,jppfs_cor:ImpairmentLossEL,減損損失、特別損失,new,jppfs_cor:ExtraordinaryLoss
712290,S100R62U,jppfs_cor:OtherNOI,その他、営業外収益,decrease_10,jppfs_cor:NonOperatingIncome
712291,S100R62U,jppfs_cor:OtherNOE,その他、営業外費用,decrease_20,jppfs_cor:NonOperatingExpenses
712292,S100R62U,jppfs_cor:Liabilities,負債,increase_20,jppfs_cor:LiabilitiesAndNetAssets
712293,S100R62U,jppfs_cor:ComprehensiveIncomeAttributableToOwnersOfTheParent,親会社株主に係る包括利益、包括利益,decrease_20,not_common_account
712294,S100R62U,jppfs_cor:ConstructionInProgress,建設仮勘定,new,jppfs_cor:PropertyPlantAndEquipment
712295,S100R62U,jppfs_cor:PropertyPlantAndEquipment,有形固定資産,increase_10,jppfs_cor:NoncurrentAssets
712296,S100R62U,jppfs_cor:GainOnSalesOfNoncurrentAssetsEI,固定資産売却益、特別利益,decrease_20,jppfs_cor:ExtraordinaryIncome
712297,S100R62U,jppfs_cor:InsurancePremiumsRefundedCancellationNOI,保険解約返戻金、営業外収益,decrease_20,jppfs_cor:NonOperatingIncome
712298,S100R62U,jppfs_cor:IncomeTaxes,法人税等,decrease_10,jppfs_cor:ProfitLoss
712299,S100R62U,jppfs_cor:OtherIA,その他、無形固定資産,increase_10,jppfs_cor:IntangibleAssets
712300,S100R62U,jppfs_cor:OperatingIncome,営業利益又は営業損失（△）,decrease_10,jppfs_cor:OrdinaryIncome
712301,S100R62U,jppfs_cor:LossOnSalesAndRetirementOfNoncurrentAssetsEL,固定資産除売却損、特別損失,new,jppfs_cor:ExtraordinaryLoss
712302,S100R62U,jppfs_cor:NetSales,売上高,stable,jppfs_cor:GrossProfit
712303,S100R62U,jppfs_cor:AllowanceForDoubtfulAccountsCA,貸倒引当金、流動資産、一括控除,increase_20,jppfs_cor:CurrentAssets
712304,S100R62U,jppfs_cor:LeaseObligationsNCL,リース債務、固定負債,increase_10,jppfs_cor:NoncurrentLiabilities
712305,S100R62U,jppfs_cor:IncomeTaxesCurrent,法人税、住民税及び事業税,increase_10,jppfs_cor:IncomeTaxes
712306,S100R62U,jppfs_cor:RawMaterialsAndSupplies,原材料及び貯蔵品,increase_20,jppfs_cor:CurrentAssets
712307,S100R62U,jppfs_cor:MerchandiseAndFinishedGoods,商品及び製品,increase_20,jppfs_cor:CurrentAssets
712308,S100R62U,jppfs_cor:ValuationAndTranslationAdjustments,評価・換算差額等,increase_20,jppfs_cor:NetAssets
712309,S100R62U,jppfs_cor:CashAndDeposits,現金及び預金,increase_10,jppfs_cor:CurrentAssets
712310,S100R62U,jppfs_cor:OtherCA,その他、流動資産,increase_20,jppfs_cor:CurrentAssets
712311,S100R62U,jppfs_cor:OtherCL,その他、流動負債,increase_20,jppfs_cor:CurrentLiabilities
712312,S100R62U,jppfs_cor:ForeignCurrencyTranslationAdjustmentNetOfTaxOCI,為替換算調整勘定（税引後）、その他の包括利益,decrease_10,jppfs_cor:OtherComprehensiveIncome
712313,S100R62U,jppfs_cor:ForeignExchangeGainsNOI,為替差益、営業外収益,increase_20,jppfs_cor:NonOperatingIncome
712314,S100R62U,jppfs_cor:InvestmentsAndOtherAssets,投資その他の資産,increase_10,jppfs_cor:NoncurrentAssets
712315,S100R62U,jppfs_cor:LeaseObligationsCL,リース債務、流動負債,increase_20,jppfs_cor:CurrentLiabilities
712316,S100R62U,jppfs_cor:IncomeTaxesPayable,未払法人税等,increase_20,jppfs_cor:CurrentLiabilities
712317,S100R62U,jppfs_cor:InterestIncomeNOI,受取利息、営業外収益,increase_20,jppfs_cor:NonOperatingIncome
712318,S100R62U,jppfs_cor:DeferredTaxLiabilities,繰延税金負債,increase_20,jppfs_cor:NoncurrentLiabilities
712319,S100R62U,jppfs_cor:InvestmentSecurities,投資有価証券,stable,jppfs_cor:InvestmentsAndOtherAssets
712320,S100R62U,jppfs_cor:IncomeBeforeIncomeTaxes,税引前当期純利益又は税引前当期純損失（△）,decrease_20,jppfs_cor:ProfitLoss
712321,S100R62U,jppfs_cor:NotesAndAccountsReceivableTrade,受取手形及び売掛金,increase_10,jppfs_cor:CurrentAssets
712322,S100R62U,jppfs_cor:TreasuryStock,自己株式,stable,jppfs_cor:ShareholdersEquity
712323,S100R62U,jppfs_cor:SubsidyIncomeNOIBounty,助成金収入、営業外収益,decrease_20,jppfs_cor:NonOperatingIncome
712324,S100R62U,jppfs_cor:NoncurrentAssets,固定資産,increase_10,jppfs_cor:Assets
712325,S100R62U,jppfs_cor:ProfitLoss,当期純利益又は当期純損失（△）（平成26年3月28日財規等改正後）,decrease_20,jppfs_cor:ComprehensiveIncome
712326,S100R62U,jppfs_cor:ContractAssets,契約資産,increase_20,jppfs_cor:CurrentAssets
712327,S100R62U,jppfs_cor:NotesAndAccountsPayableTrade,支払手形及び買掛金,increase_20,jppfs_cor:CurrentLiabilities
712328,S100R62U,jppfs_cor:OtherComprehensiveIncome,その他の包括利益,decrease_10,jppfs_cor:ComprehensiveIncome
712329,S100R62U,jppfs_cor:CapitalSurplus,資本剰余金,stable,jppfs_cor:ShareholdersEquity
712330,S100R62U,jppfs_cor:CurrentAssets,流動資産,increase_10,jppfs_cor:Assets
712331,S100R62U,jppfs_cor:IncomeTaxesDeferred,法人税等調整額,decrease_20,jppfs_cor:IncomeTaxes
712332,S100R62U,jppfs_cor:LossOnValuationOfMembershipEL,会員権評価損、特別損失,new,jppfs_cor:ExtraordinaryLoss
712333,S100R62U,jppfs_cor:NetDefinedBenefitLiability,退職給付に係る負債,increase_10,jppfs_cor:NoncurrentLiabilities
712334,S100R62U,jppfs_cor:DeferredTaxAssets,繰延税金資産,increase_20,jppfs_cor:InvestmentsAndOtherAssets
712335,S100R62U,jppfs_cor:ProvisionForShareBasedRemunerationForDirectorsAndOtherOfficersNCL,役員株式給付引当金、固定負債,increase_20,jppfs_cor:NoncurrentLiabilities
712336,S100R62U,jppfs_cor:DividendsIncomeNOI,受取配当金、営業外収益,increase_10,jppfs_cor:NonOperatingIncome
712337,S100R62U,jppfs_cor:ComprehensiveIncome,包括利益,decrease_20,not_common_account
712338,S100R62U,jppfs_cor:WorkInProcess,仕掛品,increase_20,jppfs_cor:CurrentAssets
712339,S100R62U,jppfs_cor:ShareholdersEquity,株主資本,stable,jppfs_cor:NetAssets
712340,S100R62U,jppfs_cor:SubsidyIncomeNOI,補助金収入、営業外収益,new,jppfs_cor:NonOperatingIncome
712341,S100R62U,jppfs_cor:OtherIOA,その他、投資その他の資産,stable,jppfs_cor:InvestmentsAndOtherAssets
712342,S100R62U,jppfs_cor:ExtraordinaryLoss,特別損失,new,jppfs_cor:IncomeBeforeIncomeTaxes
712343,S100R62U,jppfs_cor:CurrentLiabilities,流動負債,increase_20,jppfs_cor:Liabilities
712344,S100R62U,jppfs_cor:ProvisionForProductWarranties,製品保証引当金,decrease_10,jppfs_cor:CurrentLiabilities
712345,S100R62U,jppfs_cor:LossOnSalesOfInvestmentSecuritiesEL,投資有価証券売却損、特別損失,new,jppfs_cor:ExtraordinaryLoss
712346,S100R62U,jppfs_cor:LongTermLoansPayable,長期借入金,stable,jppfs_cor:NoncurrentLiabilities
712347,S100R62U,jppfs_cor:NonOperatingExpenses,営業外費用,decrease_10,jppfs_cor:OrdinaryIncome
712348,S100R62U,jppfs_cor:ValuationDifferenceOnAvailableForSaleSecurities,その他有価証券評価差額金,increase_10,jppfs_cor:ValuationAndTranslationAdjustments
712349,S100R62U,jppfs_cor:NoncurrentLiabilities,固定負債,stable,jppfs_cor:Liabilities
712350,S100R62U,jppfs_cor:CostOfSales,売上原価,stable,jppfs_cor:GrossProfit
712351,S100R62U,jpcrp030000-asr_E01694-000:CommissionForCommitmentLineNOE,コミットメントライン手数料,stable,jppfs_cor:NonOperatingExpenses
712352,S100R62U,jppfs_cor:ContractLiabilities,契約負債,increase_20,jppfs_cor:CurrentLiabilities
712353,S100R62U,jppfs_cor:GrossProfit,売上総利益又は売上総損失（△）,stable,jppfs_cor:OperatingIncome
712354,S100R62U,jppfs_cor:ExtraordinaryIncome,特別利益,increase_20,jppfs_cor:IncomeBeforeIncomeTaxes
712355,S100R62U,jpcrp030000-asr_E01694-000:LossRelatedToCOVID19EL,新型コロナウイルス感染症関連損失,new,jppfs_cor:ExtraordinaryLoss
714672,S100R5Y8,jppfs_cor:OtherPPE,その他、有形固定資産,increase_10,jppfs_cor:OtherNetPPE
714673,S100R5Y8,jppfs_cor:InterestExpensesNOE,支払利息、営業外費用,decrease_20,jppfs_cor:NonOperatingExpenses
714674,S100R5Y8,jppfs_cor:NetSales,売上高,increase_10,jppfs_cor:GrossProfit
714675,S100R5Y8,jppfs_cor:DividendsIncomeNOI,受取配当金、営業外収益,increase_20,jppfs_cor:NonOperatingIncome
714676,S100R5Y8,jppfs_cor:SellingGeneralAndAdministrativeExpenses,販売費及び一般管理費,increase_10,jppfs_cor:OperatingIncome
714677,S100R5Y8,jppfs_cor:InterestIncomeNOI,受取利息、営業外収益,increase_20,jppfs_cor:NonOperatingIncome
714678,S100R5Y8,jppfs_cor:ForeignExchangeGainsNOI,為替差益、営業外収益,decrease_10,jppfs_cor:NonOperatingIncome
714679,S100R5Y8,jppfs_cor:OtherIA,その他、無形固定資産,stable,jppfs_cor:IntangibleAssets
714680,S100R5Y8,jppfs_cor:CommissionFeeNOI,受取手数料、営業外収益,increase_10,jppfs_cor:NonOperatingIncome
714681,S100R5Y8,jppfs_cor:CommissionFeeNOE,支払手数料、営業外費用,decrease_20,jppfs_cor:NonOperatingExpenses
714682,S100R5Y8,jppfs_cor:AssetRetirementObligationsNCL,資産除去債務、固定負債,increase_20,jppfs_cor:NoncurrentLiabilities
714683,S100R5Y8,jppfs_cor:CapitalSurplus,資本剰余金,stable,jppfs_cor:ShareholdersEquity
714684,S100R5Y8,jppfs_cor:RentIncomeNOI,受取賃貸料、営業外収益,increase_20,jppfs_cor:NonOperatingIncome
714685,S100R5Y8,jppfs_cor:SubsidyIncomeNOIBounty,助成金収入、営業外収益,increase_20,jppfs_cor:NonOperatingIncome
714686,S100R5Y8,jppfs_cor:ProfitLossAttributableToNonControllingInterests,非支配株主に帰属する当期純利益又は非支配株主に帰属する当期純損失（△）,new,not_common_account
714687,S100R5Y8,jppfs_cor:IncomeBeforeIncomeTaxes,税引前当期純利益又は税引前当期純損失（△）,increase_20,jppfs_cor:ProfitLoss
714688,S100R5Y8,jppfs_cor:GrossProfit,売上総利益又は売上総損失（△）,increase_10,jppfs_cor:OperatingIncome
714689,S100R5Y8,jppfs_cor:CashAndDeposits,現金及び預金,increase_10,jppfs_cor:CurrentAssets
714690,S100R5Y8,jppfs_cor:ProfitLossAttributableToOwnersOfParent,親会社株主に帰属する当期純利益又は親会社株主に帰属する当期純損失（△）,increase_20,not_common_account
714691,S100R5Y8,jppfs_cor:ProvisionForDirectorsBonuses,役員賞与引当金,increase_20,jppfs_cor:CurrentLiabilities
714692,S100R5Y8,jppfs_cor:PropertyPlantAndEquipment,有形固定資産,increase_10,jppfs_cor:NoncurrentAssets
714693,S100R5Y8,jpcrp030000-asr_E05236-000:CustomerRelatedAssetsIA,顧客関連資産,decrease_10,jppfs_cor:IntangibleAssets
714694,S100R5Y8,jppfs_cor:CostOfSales,売上原価,increase_10,jppfs_cor:GrossProfit
714695,S100R5Y8,jppfs_cor:CapitalStock,資本金,stable,jppfs_cor:ShareholdersEquity
714696,S100R5Y8,jppfs_cor:Goodwill,のれん,decrease_10,jppfs_cor:IntangibleAssets
714697,S100R5Y8,jppfs_cor:WorkInProcess,仕掛品,stable,jppfs_cor:CurrentAssets
714698,S100R5Y8,jppfs_cor:AllowanceForDoubtfulAccountsIOAByGroup,貸倒引当金、投資その他の資産、一括控除,increase_20,jppfs_cor:InvestmentsAndOtherAssets
714699,S100R5Y8,jppfs_cor:OperatingIncome,営業利益又は営業損失（△）,increase_10,jppfs_cor:OrdinaryIncome
714700,S100R5Y8,jppfs_cor:OrdinaryIncome,経常利益又は経常損失（△）,increase_10,jppfs_cor:IncomeBeforeIncomeTaxes
714701,S100R5Y8,jppfs_cor:IncomeTaxes,法人税等,increase_10,jppfs_cor:ProfitLoss
714702,S100R5Y8,jppfs_cor:Liabilities,負債,stable,jppfs_cor:LiabilitiesAndNetAssets
714703,S100R5Y8,jppfs_cor:Land,土地,stable,jppfs_cor:PropertyPlantAndEquipment
714704,S100R5Y8,jppfs_cor:ProvisionForBonuses,賞与引当金,increase_10,jppfs_cor:CurrentLiabilities
714705,S100R5Y8,jppfs_cor:RetainedEarnings,利益剰余金,increase_20,jppfs_cor:ShareholdersEquity
714706,S100R5Y8,jppfs_cor:ProvisionForShareBasedRemunerationForDirectorsAndOtherOfficersNCL,役員株式給付引当金、固定負債,increase_10,jppfs_cor:NoncurrentLiabilities
714707,S100R5Y8,jppfs_cor:NotesAndAccountsReceivableTradeAndContractAssets,受取手形、売掛金及び契約資産,increase_10,jppfs_cor:CurrentAssets
714708,S100R5Y8,jppfs_cor:GuaranteeDepositsIOA,差入保証金、投資その他の資産,stable,jppfs_cor:InvestmentsAndOtherAssets
714709,S100R5Y8,jppfs_cor:ProvisionForLossOnConstructionContracts,工事損失引当金,decrease_20,jppfs_cor:CurrentLiabilities
714710,S100R5Y8,jppfs_cor:InvestmentSecurities,投資有価証券,increase_10,jppfs_cor:InvestmentsAndOtherAssets
714711,S100R5Y8,jppfs_cor:BuildingsAndStructures,建物及び構築物,increase_10,jppfs_cor:BuildingsAndStructuresNet
714712,S100R5Y8,jppfs_cor:OtherIOA,その他、投資その他の資産,stable,jppfs_cor:InvestmentsAndOtherAssets
714713,S100R5Y8,jppfs_cor:NetDefinedBenefitAsset,退職給付に係る資産,stable,jppfs_cor:InvestmentsAndOtherAssets
714714,S100R5Y8,jppfs_cor:NotesAndAccountsPayableTrade,支払手形及び買掛金,increase_10,jppfs_cor:CurrentLiabilities
714715,S100R5Y8,jppfs_cor:AllowanceForDoubtfulAccountsCA,貸倒引当金、流動資産、一括控除,increase_20,jppfs_cor:CurrentAssets
714716,S100R5Y8,jppfs_cor:IncomeTaxesDeferred,法人税等調整額,decrease_20,jppfs_cor:IncomeTaxes
714717,S100R5Y8,jppfs_cor:ProvisionOfAllowanceForDoubtfulAccountsNOE,貸倒引当金繰入額、営業外費用,new,jppfs_cor:NonOperatingExpenses
714718,S100R5Y8,jppfs_cor:ValuationAndTranslationAdjustments,評価・換算差額等,increase_20,jppfs_cor:NetAssets
714719,S100R5Y8,jppfs_cor:RawMaterialsAndSupplies,原材料及び貯蔵品,increase_20,jppfs_cor:CurrentAssets
714720,S100R5Y8,jppfs_cor:MerchandiseAndFinishedGoods,商品及び製品,increase_10,jppfs_cor:CurrentAssets
714721,S100R5Y8,jppfs_cor:DeferredTaxAssets,繰延税金資産,stable,jppfs_cor:InvestmentsAndOtherAssets
714722,S100R5Y8,jppfs_cor:DeferredTaxLiabilities,繰延税金負債,increase_10,jppfs_cor:NoncurrentLiabilities
714723,S100R5Y8,jppfs_cor:IncomeTaxesPayable,未払法人税等,decrease_10,jppfs_cor:CurrentLiabilities
714724,S100R5Y8,jppfs_cor:NonOperatingExpenses,営業外費用,decrease_20,jppfs_cor:OrdinaryIncome
714725,S100R5Y8,jppfs_cor:IntangibleAssets,無形固定資産,decrease_10,jppfs_cor:NoncurrentAssets
714726,S100R5Y8,jppfs_cor:OtherNOE,その他、営業外費用,increase_20,jppfs_cor:NonOperatingExpenses
714727,S100R5Y8,jppfs_cor:Software,ソフトウエア,decrease_10,jppfs_cor:IntangibleAssets
714728,S100R5Y8,jppfs_cor:OtherNOI,その他、営業外収益,decrease_20,jppfs_cor:NonOperatingIncome
714729,S100R5Y8,jppfs_cor:AccumulatedDepreciationBuildingsAndStructures,減価償却累計額、建物及び構築物,increase_10,jppfs_cor:BuildingsAndStructuresNet
714730,S100R5Y8,jppfs_cor:NonOperatingIncome,営業外収益,increase_10,jppfs_cor:OrdinaryIncome
714731,S100R5Y8,jppfs_cor:InvestmentsAndOtherAssets,投資その他の資産,stable,jppfs_cor:NoncurrentAssets
714732,S100R5Y8,jppfs_cor:ProfitLoss,当期純利益又は当期純損失（△）（平成26年3月28日財規等改正後）,increase_20,top_account
714733,S100R5Y8,jppfs_cor:OtherCA,その他、流動資産,increase_20,jppfs_cor:CurrentAssets
714734,S100R5Y8,jppfs_cor:OtherCL,その他、流動負債,increase_10,jppfs_cor:CurrentLiabilities
714735,S100R5Y8,jppfs_cor:OtherNCL,その他、固定負債,stable,jppfs_cor:NoncurrentLiabilities
714736,S100R5Y8,jppfs_cor:NetDefinedBenefitLiability,退職給付に係る負債,stable,jppfs_cor:NoncurrentLiabilities
714737,S100R5Y8,jppfs_cor:AccumulatedDepreciationOtherPPE,減価償却累計額、その他、有形固定資産,increase_10,jppfs_cor:OtherNetPPE
714738,S100R5Y8,jppfs_cor:CurrentAssets,流動資産,increase_10,jppfs_cor:Assets
714739,S100R5Y8,jppfs_cor:ValuationDifferenceOnAvailableForSaleSecurities,その他有価証券評価差額金,increase_10,jppfs_cor:ValuationAndTranslationAdjustments
714740,S100R5Y8,jppfs_cor:ContractLiabilities,契約負債,decrease_10,jppfs_cor:CurrentLiabilities
714741,S100R5Y8,jppfs_cor:IncomeTaxesCurrent,法人税、住民税及び事業税,decrease_10,jppfs_cor:IncomeTaxes
714742,S100R5Y8,jppfs_cor:ShareholdersEquity,株主資本,increase_10,jppfs_cor:NetAssets
714743,S100R5Y8,jppfs_cor:TreasuryStock,自己株式,stable,jppfs_cor:ShareholdersEquity
714744,S100R5Y8,jppfs_cor:CurrentLiabilities,流動負債,stable,jppfs_cor:Liabilities
714745,S100R5Y8,jppfs_cor:NoncurrentAssets,固定資産,stable,jppfs_cor:Assets
714746,S100R5Y8,jppfs_cor:ForeignCurrencyTranslationAdjustment,為替換算調整勘定,decrease_20,jppfs_cor:ValuationAndTranslationAdjustments
714747,S100R5Y8,jppfs_cor:NoncurrentLiabilities,固定負債,increase_10,jppfs_cor:Liabilities
714748,S100R5Y8,jppfs_cor:RemeasurementsOfDefinedBenefitPlans,退職給付に係る調整累計額,decrease_20,jppfs_cor:ValuationAndTranslationAdjustments
733517,S100R4TK,jppfs_cor:IncomeTaxesPayable,未払法人税等,stable,jppfs_cor:CurrentLiabilities
733518,S100R4TK,jppfs_cor:CostsOnUncompletedConstructionContractsCNS,未成工事支出金、建設業,decrease_10,jppfs_cor:CurrentAssets
733519,S100R4TK,jppfs_cor:NoncurrentAssets,固定資産,stable,jppfs_cor:Assets
733520,S100R4TK,jppfs_cor:NotesReceivableAccountsReceivableFromCompletedConstructionContractsAndOtherCNS,受取手形・完成工事未収入金等、建設業,increase_10,jppfs_cor:CurrentAssets
733521,S100R4TK,jppfs_cor:IntangibleAssets,無形固定資産,stable,jppfs_cor:NoncurrentAssets
733522,S100R4TK,jppfs_cor:ProvisionForLossOnDisasterCL,災害損失引当金、流動負債,decrease_20,jppfs_cor:CurrentLiabilities
733523,S100R4TK,jppfs_cor:ElectronicallyRecordedObligationsOperatingCL,電子記録債務、流動負債,increase_10,jppfs_cor:CurrentLiabilities
733524,S100R4TK,jppfs_cor:RemeasurementsOfDefinedBenefitPlans,退職給付に係る調整累計額,stable,jppfs_cor:ValuationAndTranslationAdjustments
733525,S100R4TK,jppfs_cor:IncomeTaxesCurrent,法人税、住民税及び事業税,stable,jppfs_cor:IncomeTaxes
733526,S100R4TK,jppfs_cor:BuildingsAndStructures,建物及び構築物,stable,jppfs_cor:PropertyPlantAndEquipment
733527,S100R4TK,jppfs_cor:NoncurrentLiabilities,固定負債,stable,jppfs_cor:Liabilities
733528,S100R4TK,jppfs_cor:ShareholdersEquity,株主資本,stable,jppfs_cor:NetAssets
733529,S100R4TK,jppfs_cor:ForeignExchangeGainsNOI,為替差益、営業外収益,new,jppfs_cor:NonOperatingIncome
733530,S100R4TK,jppfs_cor:OtherCA,その他、流動資産,stable,jppfs_cor:CurrentAssets
733531,S100R4TK,jppfs_cor:OtherCL,その他、流動負債,stable,jppfs_cor:CurrentLiabilities
733532,S100R4TK,jppfs_cor:OtherNCL,その他、固定負債,decrease_20,jppfs_cor:NoncurrentLiabilities
733533,S100R4TK,jppfs_cor:InterestIncomeNOI,受取利息、営業外収益,increase_10,jppfs_cor:NonOperatingIncome
733534,S100R4TK,jppfs_cor:OtherIOA,その他、投資その他の資産,increase_20,jppfs_cor:InvestmentsAndOtherAssets
733535,S100R4TK,jppfs_cor:ProvisionForLossOnConstructionContracts,工事損失引当金,decrease_20,jppfs_cor:CurrentLiabilities
733536,S100R4TK,jppfs_cor:AdvancesReceivedOnUncompletedConstructionContractsCNS,未成工事受入金、建設業,increase_20,jppfs_cor:CurrentLiabilities
733537,S100R4TK,jppfs_cor:ProvisionForDirectorsBonuses,役員賞与引当金,stable,jppfs_cor:CurrentLiabilities
733538,S100R4TK,jppfs_cor:SellingGeneralAndAdministrativeExpenses,販売費及び一般管理費,stable,jppfs_cor:OperatingIncome
733539,S100R4TK,jppfs_cor:ForeignCurrencyTranslationAdjustment,為替換算調整勘定,new,jppfs_cor:ValuationAndTranslationAdjustments
733540,S100R4TK,jppfs_cor:NetDefinedBenefitLiability,退職給付に係る負債,stable,jppfs_cor:NoncurrentLiabilities
733541,S100R4TK,jppfs_cor:ProvisionOfAllowanceForDoubtfulAccountsNOE,貸倒引当金繰入額、営業外費用,new,jppfs_cor:NonOperatingExpenses
733542,S100R4TK,jppfs_cor:LongTermLoansPayable,長期借入金,decrease_10,jppfs_cor:NoncurrentLiabilities
733543,S100R4TK,jppfs_cor:MachineryVehiclesToolsFurnitureAndFixtures,機械、運搬具及び工具器具備品,stable,jppfs_cor:PropertyPlantAndEquipment
733544,S100R4TK,jppfs_cor:LossOnValuationOfInvestmentSecuritiesEL,投資有価証券評価損、特別損失,increase_20,jppfs_cor:ExtraordinaryLoss
733545,S100R4TK,jppfs_cor:GrossProfit,売上総利益又は売上総損失（△）,stable,jppfs_cor:OperatingIncome
733546,S100R4TK,jppfs_cor:CostOfSales,売上原価,stable,jppfs_cor:GrossProfit
733547,S100R4TK,jppfs_cor:OrdinaryIncome,経常利益又は経常損失（△）,stable,jppfs_cor:IncomeBeforeIncomeTaxes
733548,S100R4TK,jppfs_cor:Goodwill,のれん,stable,jppfs_cor:IntangibleAssets
733549,S100R4TK,jppfs_cor:GainOnSalesOfNoncurrentAssetsEI,固定資産売却益、特別利益,new,jppfs_cor:ExtraordinaryIncome
733550,S100R4TK,jppfs_cor:CurrentAssets,流動資産,stable,jppfs_cor:Assets
733551,S100R4TK,jppfs_cor:OperatingIncome,営業利益又は営業損失（△）,stable,jppfs_cor:OrdinaryIncome
733552,S100R4TK,jppfs_cor:CapitalSurplus,資本剰余金,stable,jppfs_cor:ShareholdersEquity
733553,S100R4TK,jppfs_cor:AllowanceForDoubtfulAccountsCA,貸倒引当金、流動資産、一括控除,new,jppfs_cor:CurrentAssets
733554,S100R4TK,jppfs_cor:PropertyPlantAndEquipment,有形固定資産,stable,jppfs_cor:NoncurrentAssets
733555,S100R4TK,jppfs_cor:NetDefinedBenefitAsset,退職給付に係る資産,stable,jppfs_cor:InvestmentsAndOtherAssets
733556,S100R4TK,jppfs_cor:IncomeBeforeIncomeTaxes,税引前当期純利益又は税引前当期純損失（△）,stable,jppfs_cor:ProfitLoss
733557,S100R4TK,jppfs_cor:ProvisionForDirectorsRetirementBenefits,役員退職慰労引当金,decrease_20,jppfs_cor:NoncurrentLiabilities
733558,S100R4TK,jppfs_cor:Land,土地,stable,jppfs_cor:PropertyPlantAndEquipment
733559,S100R4TK,jppfs_cor:RetainedEarnings,利益剰余金,stable,jppfs_cor:ShareholdersEquity
733560,S100R4TK,jppfs_cor:InvestmentSecurities,投資有価証券,stable,jppfs_cor:InvestmentsAndOtherAssets
733561,S100R4TK,jppfs_cor:RevaluationReserveForLand,土地再評価差額金,stable,jppfs_cor:ValuationAndTranslationAdjustments
733562,S100R4TK,jppfs_cor:NonOperatingExpenses,営業外費用,decrease_20,jppfs_cor:OrdinaryIncome
733563,S100R4TK,jppfs_cor:OtherNOE,その他、営業外費用,decrease_20,jppfs_cor:NonOperatingExpenses
733564,S100R4TK,jppfs_cor:OtherNOI,その他、営業外収益,increase_10,jppfs_cor:NonOperatingIncome
733565,S100R4TK,jppfs_cor:ImpairmentLossEL,減損損失、特別損失,stable,jppfs_cor:ExtraordinaryLoss
733566,S100R4TK,jpcrp030000-asr_E00137-000:IdleAssetsExpensesNOE,遊休資産諸費用,increase_20,jppfs_cor:NonOperatingExpenses
733567,S100R4TK,jppfs_cor:CurrentLiabilities,流動負債,stable,jppfs_cor:Liabilities
733568,S100R4TK,jpcrp030000-asr_E00137-000:LossOnRemovalNoncurrentAssetsEL,固定資産撤去費,decrease_20,jppfs_cor:ExtraordinaryLoss
733569,S100R4TK,jppfs_cor:ProfitLossAttributableToOwnersOfParent,親会社株主に帰属する当期純利益又は親会社株主に帰属する当期純損失（△）,stable,not_common_account
733570,S100R4TK,jppfs_cor:TreasuryStock,自己株式,decrease_10,jppfs_cor:ShareholdersEquity
733571,S100R4TK,jppfs_cor:IncomeTaxesDeferred,法人税等調整額,decrease_20,jppfs_cor:IncomeTaxes
733572,S100R4TK,jppfs_cor:ProfitLossAttributableToNonControllingInterests,非支配株主に帰属する当期純利益又は非支配株主に帰属する当期純損失（△）,decrease_10,not_common_account
733573,S100R4TK,jppfs_cor:DepositsPaid,預け金,decrease_20,jppfs_cor:CurrentAssets
733574,S100R4TK,jppfs_cor:NotesPayableAccountsPayableForConstructionContractsAndOtherCNS,支払手形・工事未払金等、建設業,increase_10,jppfs_cor:CurrentLiabilities
733575,S100R4TK,jppfs_cor:DeferredTaxAssets,繰延税金資産,stable,jppfs_cor:InvestmentsAndOtherAssets
733576,S100R4TK,jppfs_cor:Liabilities,負債,stable,jppfs_cor:LiabilitiesAndNetAssets
733577,S100R4TK,jppfs_cor:CapitalStock,資本金,stable,jppfs_cor:ShareholdersEquity
733578,S100R4TK,jppfs_cor:InterestExpensesNOE,支払利息、営業外費用,decrease_20,jppfs_cor:NonOperatingExpenses
733579,S100R4TK,jppfs_cor:OtherIA,その他、無形固定資産,increase_10,jppfs_cor:IntangibleAssets
733580,S100R4TK,jppfs_cor:NonOperatingIncome,営業外収益,increase_20,jppfs_cor:OrdinaryIncome
733581,S100R4TK,jppfs_cor:CommissionFeeNOI,受取手数料、営業外収益,increase_20,jppfs_cor:NonOperatingIncome
733582,S100R4TK,jppfs_cor:ShortTermLoansPayable,短期借入金,decrease_20,jppfs_cor:CurrentLiabilities
733583,S100R4TK,jppfs_cor:LeaseReceivablesAndInvestmentAssetsCA,リース債権及びリース投資資産、流動資産,increase_10,jppfs_cor:CurrentAssets
733584,S100R4TK,jppfs_cor:AllowanceForDoubtfulAccountsIOAByGroup,貸倒引当金、投資その他の資産、一括控除,increase_20,jppfs_cor:InvestmentsAndOtherAssets
733585,S100R4TK,jppfs_cor:AccumulatedDepreciationPPEByGroup,減価償却累計額、有形固定資産、一括控除,stable,jppfs_cor:PropertyPlantAndEquipment
733586,S100R4TK,jppfs_cor:DeferredTaxLiabilitiesForLandRevaluation,再評価に係る繰延税金負債,stable,jppfs_cor:NoncurrentLiabilities
733587,S100R4TK,jppfs_cor:OtherPPE,その他、有形固定資産,increase_20,jppfs_cor:PropertyPlantAndEquipment
733588,S100R4TK,jppfs_cor:NetSales,売上高,stable,jppfs_cor:GrossProfit
733589,S100R4TK,jppfs_cor:CashAndDeposits,現金及び預金,increase_10,jppfs_cor:CurrentAssets
733590,S100R4TK,jppfs_cor:InvestmentsAndOtherAssets,投資その他の資産,increase_10,jppfs_cor:NoncurrentAssets
733591,S100R4TK,jppfs_cor:IncomeTaxes,法人税等,increase_10,jppfs_cor:ProfitLoss
733592,S100R4TK,jppfs_cor:ExtraordinaryIncome,特別利益,decrease_20,jppfs_cor:IncomeBeforeIncomeTaxes
733593,S100R4TK,jppfs_cor:ExtraordinaryLoss,特別損失,decrease_20,jppfs_cor:IncomeBeforeIncomeTaxes
733594,S100R4TK,jppfs_cor:LossOnRetirementOfNoncurrentAssetsEL,固定資産除却損、特別損失,increase_20,jppfs_cor:ExtraordinaryLoss
733595,S100R4TK,jppfs_cor:RentIncomeNOI,受取賃貸料、営業外収益,decrease_10,jppfs_cor:NonOperatingIncome
733596,S100R4TK,jppfs_cor:ValuationAndTranslationAdjustments,評価・換算差額等,decrease_20,jppfs_cor:NetAssets
733597,S100R4TK,jppfs_cor:ValuationDifferenceOnAvailableForSaleSecurities,その他有価証券評価差額金,increase_20,jppfs_cor:ValuationAndTranslationAdjustments
733598,S100R4TK,jppfs_cor:LossOnSalesOfNoncurrentAssetsEL,固定資産売却損、特別損失,increase_20,jppfs_cor:ExtraordinaryLoss
733599,S100R4TK,jppfs_cor:ProfitLoss,当期純利益又は当期純損失（△）（平成26年3月28日財規等改正後）,stable,top_account
826805,S100QYE0,jppfs_cor:Liabilities,負債,increase_10,jppfs_cor:LiabilitiesAndNetAssets
826806,S100QYE0,jppfs_cor:RawMaterialsAndSupplies,原材料及び貯蔵品,increase_10,jppfs_cor:CurrentAssets
826807,S100QYE0,jppfs_cor:RetirementBenefitExpensesSGA,退職給付費用、販売費及び一般管理費,increase_10,jppfs_cor:SellingGeneralAndAdministrativeExpenses
826808,S100QYE0,jppfs_cor:GrossProfit,売上総利益又は売上総損失（△）,stable,jppfs_cor:OperatingIncome
826809,S100QYE0,jppfs_cor:DeferredTaxLiabilitiesForLandRevaluation,再評価に係る繰延税金負債,stable,jppfs_cor:NoncurrentLiabilities
826810,S100QYE0,jppfs_cor:AllowanceForDoubtfulAccountsIOAByGroup,貸倒引当金、投資その他の資産、一括控除,stable,jppfs_cor:InvestmentsAndOtherAssets
826811,S100QYE0,jppfs_cor:AllowanceForDoubtfulAccountsCA,貸倒引当金、流動資産、一括控除,decrease_20,jppfs_cor:CurrentAssets
826812,S100QYE0,jppfs_cor:InvestmentsAndOtherAssets,投資その他の資産,increase_10,jppfs_cor:NoncurrentAssets
826813,S100QYE0,jppfs_cor:RevaluationReserveForLand,土地再評価差額金,stable,jppfs_cor:ValuationAndTranslationAdjustments
826814,S100QYE0,jppfs_cor:Land,土地,stable,jppfs_cor:PropertyPlantAndEquipment
826815,S100QYE0,jppfs_cor:NotesAndAccountsReceivableTradeAndContractAssets,受取手形、売掛金及び契約資産,new,jppfs_cor:CurrentAssets
826816,S100QYE0,jppfs_cor:ShareholdersEquity,株主資本,stable,jppfs_cor:NetAssets
826817,S100QYE0,jppfs_cor:AccumulatedDepreciationMachineryEquipmentAndVehicles,減価償却累計額、機械装置及び運搬具,stable,jppfs_cor:MachineryEquipmentAndVehiclesNet
826818,S100QYE0,jppfs_cor:MachineryEquipmentAndVehicles,機械装置及び運搬具,stable,jppfs_cor:MachineryEquipmentAndVehiclesNet
826819,S100QYE0,jppfs_cor:ProvisionForDirectorsRetirementBenefits,役員退職慰労引当金,decrease_10,jppfs_cor:NoncurrentLiabilities
826820,S100QYE0,jppfs_cor:NetDefinedBenefitLiability,退職給付に係る負債,stable,jppfs_cor:NoncurrentLiabilities
826821,S100QYE0,jppfs_cor:NotesAndAccountsPayableTrade,支払手形及び買掛金,increase_10,jppfs_cor:CurrentLiabilities
826822,S100QYE0,jppfs_cor:ValuationAndTranslationAdjustments,評価・換算差額等,decrease_20,jppfs_cor:NetAssets
826823,S100QYE0,jppfs_cor:OtherNetPPE,その他,stable,jppfs_cor:PropertyPlantAndEquipment
826824,S100QYE0,jppfs_cor:LongTermTimeDeposits,長期預金,stable,jppfs_cor:InvestmentsAndOtherAssets
826825,S100QYE0,jppfs_cor:ExtraordinaryLoss,特別損失,decrease_20,jppfs_cor:IncomeBeforeIncomeTaxes
826826,S100QYE0,jppfs_cor:NoncurrentAssets,固定資産,stable,jppfs_cor:Assets
826827,S100QYE0,jppfs_cor:TreasuryStock,自己株式,stable,jppfs_cor:ShareholdersEquity
826828,S100QYE0,jppfs_cor:NoncurrentLiabilities,固定負債,stable,jppfs_cor:Liabilities
826829,S100QYE0,jppfs_cor:CommissionFeeNOI,受取手数料、営業外収益,increase_20,jppfs_cor:NonOperatingIncome
826830,S100QYE0,jppfs_cor:CostOfSales,売上原価,increase_10,jppfs_cor:GrossProfit
826831,S100QYE0,jppfs_cor:AccumulatedDepreciationBuildingsAndStructures,減価償却累計額、建物及び構築物,stable,jppfs_cor:BuildingsAndStructuresNet
826832,S100QYE0,jppfs_cor:CapitalStock,資本金,stable,jppfs_cor:ShareholdersEquity
826833,S100QYE0,jppfs_cor:BondIssuanceCostNOE,社債発行費、営業外費用,increase_20,jppfs_cor:NonOperatingExpenses
826834,S100QYE0,jppfs_cor:LongTermLoansPayable,長期借入金,decrease_20,jppfs_cor:NoncurrentLiabilities
826835,S100QYE0,jppfs_cor:ProfitLossAttributableToOwnersOfParent,親会社株主に帰属する当期純利益又は親会社株主に帰属する当期純損失（△）,increase_10,not_common_account
826836,S100QYE0,jppfs_cor:SalariesAndAllowancesSGA,給料及び手当、販売費及び一般管理費,stable,jppfs_cor:SellingGeneralAndAdministrativeExpenses
826837,S100QYE0,jppfs_cor:NetDefinedBenefitAsset,退職給付に係る資産,increase_20,jppfs_cor:InvestmentsAndOtherAssets
826838,S100QYE0,jppfs_cor:RemeasurementsOfDefinedBenefitPlans,退職給付に係る調整累計額,increase_20,jppfs_cor:ValuationAndTranslationAdjustments
826839,S100QYE0,jppfs_cor:IncomeBeforeIncomeTaxes,税引前当期純利益又は税引前当期純損失（△）,increase_10,jppfs_cor:ProfitLoss
826840,S100QYE0,jppfs_cor:NonOperatingIncome,営業外収益,increase_10,jppfs_cor:OrdinaryIncome
826841,S100QYE0,jppfs_cor:CashAndDeposits,現金及び預金,increase_10,jppfs_cor:CurrentAssets
826842,S100QYE0,jppfs_cor:OtherIOA,その他、投資その他の資産,increase_10,jppfs_cor:InvestmentsAndOtherAssets
826843,S100QYE0,jppfs_cor:InvestmentSecurities,投資有価証券,increase_10,jppfs_cor:InvestmentsAndOtherAssets
826844,S100QYE0,jppfs_cor:IntangibleAssets,無形固定資産,decrease_10,jppfs_cor:NoncurrentAssets
826845,S100QYE0,jppfs_cor:FreightageExpensesSGA,運賃、販売費及び一般管理費,stable,jppfs_cor:SellingGeneralAndAdministrativeExpenses
826846,S100QYE0,jppfs_cor:ShortTermLoansPayable,短期借入金,stable,jppfs_cor:CurrentLiabilities
826847,S100QYE0,jppfs_cor:IncomeTaxesCurrent,法人税、住民税及び事業税,increase_10,jppfs_cor:IncomeTaxes
826848,S100QYE0,jppfs_cor:OperatingIncome,営業利益又は営業損失（△）,stable,jppfs_cor:OrdinaryIncome
826849,S100QYE0,jppfs_cor:OrdinaryIncome,経常利益又は経常損失（△）,increase_10,jppfs_cor:IncomeBeforeIncomeTaxes
826850,S100QYE0,jppfs_cor:LossOnRetirementOfNoncurrentAssetsNOE,固定資産除却損、営業外費用,decrease_20,jppfs_cor:NonOperatingExpenses
826851,S100QYE0,jppfs_cor:GainOnSalesOfScraps1NOI,作業くず売却益、営業外収益,stable,jppfs_cor:NonOperatingIncome
826852,S100QYE0,jppfs_cor:ProvisionOfAllowanceForDoubtfulAccountsSGA,貸倒引当金繰入額、販売費及び一般管理費,decrease_20,jppfs_cor:SellingGeneralAndAdministrativeExpenses
826853,S100QYE0,jppfs_cor:CommissionForInsuranceOfficeWorkNOI,保険事務手数料、営業外収益,decrease_10,jppfs_cor:NonOperatingIncome
826854,S100QYE0,jppfs_cor:CapitalSurplus,資本剰余金,stable,jppfs_cor:ShareholdersEquity
826855,S100QYE0,jppfs_cor:OtherNCL,その他、固定負債,stable,jppfs_cor:NoncurrentLiabilities
826856,S100QYE0,jppfs_cor:ProfitLoss,当期純利益又は当期純損失（△）（平成26年3月28日財規等改正後）,increase_10,top_account
826857,S100QYE0,jppfs_cor:ConstructionInProgress,建設仮勘定,increase_20,jppfs_cor:PropertyPlantAndEquipment
826858,S100QYE0,jppfs_cor:ProfitLossAttributableToNonControllingInterests,非支配株主に帰属する当期純利益又は非支配株主に帰属する当期純損失（△）,decrease_10,not_common_account
826859,S100QYE0,jppfs_cor:RetainedEarnings,利益剰余金,stable,jppfs_cor:ShareholdersEquity
826860,S100QYE0,jppfs_cor:CurrentPortionOfLongTermLoansPayable,１年内返済予定の長期借入金,stable,jppfs_cor:CurrentLiabilities
826861,S100QYE0,jppfs_cor:OtherCA,その他、流動資産,increase_10,jppfs_cor:CurrentAssets
826862,S100QYE0,jpcrp030000-asr_E02002-000:ProvisionForEmployeeStockOwnershipPlanTrust,株式付与引当金,increase_10,jppfs_cor:NoncurrentLiabilities
826863,S100QYE0,jppfs_cor:BuildingsAndStructures,建物及び構築物,stable,jppfs_cor:BuildingsAndStructuresNet
826864,S100QYE0,jppfs_cor:CurrentAssets,流動資産,increase_10,jppfs_cor:Assets
826865,S100QYE0,jppfs_cor:CurrentLiabilities,流動負債,increase_10,jppfs_cor:Liabilities
826866,S100QYE0,jppfs_cor:DirectorsCompensationsSGA,役員報酬、販売費及び一般管理費,decrease_10,jppfs_cor:SellingGeneralAndAdministrativeExpenses
826867,S100QYE0,jppfs_cor:IncomeTaxesPayable,未払法人税等,increase_10,jppfs_cor:CurrentLiabilities
826868,S100QYE0,jppfs_cor:OtherCL,その他、流動負債,stable,jppfs_cor:CurrentLiabilities
826869,S100QYE0,jppfs_cor:IncomeTaxesDeferred,法人税等調整額,increase_20,jppfs_cor:IncomeTaxes
826870,S100QYE0,jppfs_cor:MerchandiseAndFinishedGoods,商品及び製品,increase_10,jppfs_cor:CurrentAssets
826871,S100QYE0,jppfs_cor:DeferredTaxAssets,繰延税金資産,stable,jppfs_cor:InvestmentsAndOtherAssets
826872,S100QYE0,jppfs_cor:DividendsIncomeNOI,受取配当金、営業外収益,increase_10,jppfs_cor:NonOperatingIncome
826873,S100QYE0,jppfs_cor:ValuationDifferenceOnAvailableForSaleSecurities,その他有価証券評価差額金,increase_20,jppfs_cor:ValuationAndTranslationAdjustments
826874,S100QYE0,jppfs_cor:NonOperatingExpenses,営業外費用,decrease_20,jppfs_cor:OrdinaryIncome
826875,S100QYE0,jppfs_cor:ProvisionForDirectorsRetirementBenefitsSGA,役員退職慰労引当金繰入額、販売費及び一般管理費,decrease_10,jppfs_cor:SellingGeneralAndAdministrativeExpenses
826876,S100QYE0,jpcrp030000-asr_E02002-000:ProvisionForEmployeeStockOwnershipPlanTrustSGA,株式付与引当金繰入額,decrease_10,jppfs_cor:SellingGeneralAndAdministrativeExpenses
826877,S100QYE0,jppfs_cor:InterestExpensesNOE,支払利息、営業外費用,stable,jppfs_cor:NonOperatingExpenses
826878,S100QYE0,jppfs_cor:OtherSGA,その他、販売費及び一般管理費,stable,jppfs_cor:SellingGeneralAndAdministrativeExpenses
826879,S100QYE0,jppfs_cor:AccumulatedDepreciationOtherPPE,減価償却累計額、その他、有形固定資産,stable,jppfs_cor:OtherNetPPE
826880,S100QYE0,jppfs_cor:OtherNOI,その他、営業外収益,stable,jppfs_cor:NonOperatingIncome
826881,S100QYE0,jppfs_cor:NetSales,売上高,increase_10,jppfs_cor:GrossProfit
826882,S100QYE0,jppfs_cor:ImpairmentLossEL,減損損失、特別損失,decrease_20,jppfs_cor:ExtraordinaryLoss
826883,S100QYE0,jppfs_cor:SellingGeneralAndAdministrativeExpenses,販売費及び一般管理費,stable,jppfs_cor:OperatingIncome
826884,S100QYE0,jppfs_cor:InterestIncomeNOI,受取利息、営業外収益,stable,jppfs_cor:NonOperatingIncome
826885,S100QYE0,jppfs_cor:PropertyPlantAndEquipment,有形固定資産,stable,jppfs_cor:NoncurrentAssets
826886,S100QYE0,jppfs_cor:IncomeTaxes,法人税等,increase_10,jppfs_cor:ProfitLoss
826887,S100QYE0,jppfs_cor:OtherPPE,その他、有形固定資産,stable,jppfs_cor:OtherNetPPE
826888,S100QYE0,jppfs_cor:OtherNOE,その他、営業外費用,new,jppfs_cor:NonOperatingExpenses
826889,S100QYE0,jppfs_cor:ElectronicallyRecordedObligationsOperatingCL,電子記録債務、流動負債,increase_10,jppfs_cor:CurrentLiabilities
826890,S100QYDM,jppfs_cor:GainOnSalesOfNoncurrentAssetsEI,固定資産売却益、特別利益,new,jppfs_cor:ExtraordinaryIncome
826891,S100QYDM,jppfs_cor:AccountsReceivableCARWY,未収金、流動資産、鉄道事業,increase_20,jppfs_cor:CurrentAssets
826892,S100QYDM,jppfs_cor:LossOnRetirementOfNoncurrentAssetsEL,固定資産除却損、特別損失,new,jppfs_cor:ExtraordinaryLoss
826893,S100QYDM,jpcrp030000-asr_E04137-000:OperatingExpensesMarineTransportationRWY,船舶運航事業営業費,increase_10,jpcrp030000-asr_E04137-000:OperatingIncomeMarineTransportationRWY
826894,S100QYDM,jppfs_cor:OperatingExpensesRailwayRWY,鉄道事業営業費、鉄道事業,stable,jppfs_cor:OperatingIncomeRailwayRWY
826895,S100QYDM,jpcrp030000-asr_E04137-000:ProvisionForLossOnDismantlingCostsOfFixedAssetsNCL,固定資産撤去費用引当金,stable,jppfs_cor:NoncurrentLiabilities
826896,S100QYDM,jppfs_cor:IntangibleAssetsNCARWY,無形固定資産、鉄道事業固定資産,decrease_20,jppfs_cor:NoncurrentAssetsRailwayRWY
826897,S100QYDM,jppfs_cor:MiscellaneousIncomeNOIRWY,雑収入、営業外収益、鉄道事業,increase_20,jppfs_cor:NonOperatingIncome
826898,S100QYDM,jppfs_cor:MiscellaneousIncomeOfTransportationORRWY,運輸雑収、営業収益、鉄道事業,decrease_10,jppfs_cor:OperatingRevenueRailwayRWY
826899,S100QYDM,jpcrp030000-asr_E04137-000:OperatingIncomeHotelRWY,ホテル事業営業利益,increase_20,jppfs_cor:OperatingIncomeTotalBusiness
826900,S100QYDM,jpcrp030000-asr_E04137-000:GeneralAndAdministrativeExpensesOEAdvertising,一般管理費,decrease_20,jpcrp030000-asr_E04137-000:OperatingExpensesAdvertisingRWY
826901,S100QYDM,jppfs_cor:ProfitLoss,当期純利益又は当期純損失（△）（平成26年3月28日財規等改正後）,decrease_20,jppfs_cor:ComprehensiveIncome
826902,S100QYDM,jpcrp030000-asr_E04137-000:DepreciationOEHotel,減価償却費,decrease_10,jpcrp030000-asr_E04137-000:OperatingExpensesHotelRWY
826903,S100QYDM,jppfs_cor:DividendsIncomeNOI,受取配当金、営業外収益,increase_10,jppfs_cor:NonOperatingIncome
826904,S100QYDM,jppfs_cor:MiscellaneousExpensesNOERWY,雑支出、営業外費用、鉄道事業,stable,jppfs_cor:NonOperatingExpenses
826905,S100QYDM,jpcrp030000-asr_E04137-000:MiscellaneousIncomeORMarineTransportation,雑収入,stable,jpcrp030000-asr_E04137-000:OperatingRevenueMarineTransportationRWY
826906,S100QYDM,jppfs_cor:OperatingIncomeOtherRWY,その他事業営業利益又はその他事業営業損失（△）、鉄道事業,stable,jppfs_cor:OperatingIncomeTotalBusiness
826907,S100QYDM,jppfs_cor:GeneralAndAdministrativeExpensesOERWY,一般管理費、営業費、鉄道事業,stable,jppfs_cor:OperatingExpensesRailwayRWY
826908,S100QYDM,jppfs_cor:TransportationOperatingExpensesOERWY,運送営業費、営業費、鉄道事業,stable,jppfs_cor:OperatingExpensesRailwayRWY
826909,S100QYDM,jppfs_cor:AccumulatedDepreciationPPERailway,減価償却累計額、鉄道事業有形固定資産,stable,jppfs_cor:PropertyPlantAndEquipmentNetNCARailway
826910,S100QYDM,jppfs_cor:GeneralAndAdministrativeExpensesOERealEstate,一般管理費、営業費、不動産事業、鉄道事業,new,jppfs_cor:OperatingExpensesRealEstateRWY
826911,S100QYDM,jppfs_cor:OperatingRevenueRealEstateRWY,不動産事業営業収益、鉄道事業,new,jppfs_cor:OperatingIncomeRealEstateRWY
826912,S100QYDM,jppfs_cor:PrepaidFaresReceivedCLRWY,前受運賃、流動負債、鉄道事業,increase_10,jppfs_cor:CurrentLiabilities
826913,S100QYDM,jpcrp030000-asr_E04137-000:LossOnSalesOfVehiclesNOE,車両売却損,decrease_20,jppfs_cor:NonOperatingExpenses
826914,S100QYDM,jppfs_cor:ValuationAndTranslationAdjustments,評価・換算差額等,stable,jppfs_cor:NetAssets
826915,S100QYDM,jpcrp030000-asr_E04137-000:ProvisiomForLossAboutSmariCardCL,スマートカード終了損失引当金,decrease_10,jppfs_cor:CurrentLiabilities
826916,S100QYDM,jppfs_cor:RevenueGoodsSalesOROther,物品販売業収入、営業収益、その他事業、鉄道事業,increase_20,jppfs_cor:OperatingRevenueOtherRWY
826917,S100QYDM,jppfs_cor:RevaluationReserveForLand,土地再評価差額金,stable,jppfs_cor:ValuationAndTranslationAdjustments
826918,S100QYDM,jpcrp030000-asr_E04137-000:OperatingRevenueGeneralPassengerAutomobileTrafficRWY,自動車運送事業営業収益,stable,jpcrp030000-asr_E04137-000:CarTransportationBusinessOperatingIncomeLoss
826919,S100QYDM,jpcrp030000-asr_E04137-000:GeneralAndAdministrativeExpensesOEGeneralPassengerAutomobileTraffic,一般管理費,stable,jpcrp030000-asr_E04137-000:OperatingExpensesGeneralPassengerAutomobileTrafficRWY
826920,S100QYDM,jppfs_cor:PropertyPlantAndEquipmentNCAAffiliatedRWY,有形固定資産、各事業関連固定資産、鉄道事業,stable,jppfs_cor:PropertyPlantAndEquipmentNetNCAAffiliatedRWY
826921,S100QYDM,jppfs_cor:IntangibleAssetsAffiliatedRWY,無形固定資産、各事業関連固定資産、鉄道事業,stable,jppfs_cor:NoncurrentAssetsAffiliatedRWY
826922,S100QYDM,jppfs_cor:LossOnReductionOfNoncurrentAssetsEL,固定資産圧縮損、特別損失,increase_20,jppfs_cor:ExtraordinaryLoss
826923,S100QYDM,jppfs_cor:RevenueRealEstateORRealEstate,不動産事業収入、営業収益、不動産事業、鉄道事業,new,jppfs_cor:OperatingRevenueRealEstateRWY
826924,S100QYDM,jpcrp030000-asr_E04137-000:NoncurrentAssetsGeneralPassengerAutomobileTrafficRWY,自動車運送事業固定資産,decrease_10,jppfs_cor:NoncurrentAssets
826925,S100QYDM,jppfs_cor:OrdinaryIncome,経常利益又は経常損失（△）,decrease_20,jppfs_cor:IncomeBeforeIncomeTaxes
826926,S100QYDM,jppfs_cor:OperatingRevenueRailwayRWY,鉄道事業営業収益、鉄道事業,increase_10,jppfs_cor:OperatingIncomeRailwayRWY
826927,S100QYDM,jppfs_cor:Liabilities,負債,stable,jppfs_cor:LiabilitiesAndNetAssets
826928,S100QYDM,jppfs_cor:AccumulatedDepreciationNCAAffiliatedRWY,減価償却累計額、各事業関連固定資産、鉄道事業,stable,jppfs_cor:PropertyPlantAndEquipmentNetNCAAffiliatedRWY
826929,S100QYDM,jppfs_cor:SubsidyEIRWY,補助金、特別利益、鉄道事業,increase_20,jppfs_cor:ExtraordinaryIncome
826930,S100QYDM,jpcrp030000-asr_E04137-000:GeneralAndAdministrativeExpensesOEAirCargo,一般管理費,decrease_20,jpcrp030000-asr_E04137-000:OperatingExpensesAirCargoRWY
826931,S100QYDM,jppfs_cor:DepreciationOERealEstate,減価償却費、営業費、不動産事業、鉄道事業,stable,jppfs_cor:OperatingExpensesRealEstateRWY
826932,S100QYDM,jpcrp030000-asr_E04137-000:PropertyPlantAndEquipmentHotelRailway,有形固定資産,stable,jpcrp030000-asr_E04137-000:PropertyPlantAndEquipmentNetHotelRailway
826933,S100QYDM,jppfs_cor:ComprehensiveIncomeAttributableToOwnersOfTheParent,親会社株主に係る包括利益、包括利益,decrease_20,not_common_account
826934,S100QYDM,jppfs_cor:InterLineFaresReceivedCLRWY,預り連絡運賃、流動負債、鉄道事業,decrease_20,jppfs_cor:CurrentLiabilities
826935,S100QYDM,jppfs_cor:OperatingIncomeRealEstateRWY,不動産事業営業利益又は不動産事業営業損失（△）、鉄道事業,decrease_20,jppfs_cor:OperatingIncomeTotalBusiness
826936,S100QYDM,jppfs_cor:AccruedConsumptionTaxes,未払消費税等,new,jppfs_cor:CurrentLiabilities
826937,S100QYDM,jppfs_cor:DepositsReceived,預り金,stable,jppfs_cor:CurrentLiabilities
826938,S100QYDM,jppfs_cor:OtherCA,その他、流動資産,increase_20,jppfs_cor:CurrentAssets
826939,S100QYDM,jppfs_cor:OtherNCL,その他、固定負債,stable,jppfs_cor:NoncurrentLiabilities
826940,S100QYDM,jpcrp030000-asr_E04137-000:NoncurrentAssetsMarineTransportationRWY,船舶運航事業固定資産,decrease_10,jppfs_cor:NoncurrentAssets
826941,S100QYDM,jppfs_cor:ValuationDifferenceOnAvailableForSaleSecurities,その他有価証券評価差額金,increase_10,jppfs_cor:ValuationAndTranslationAdjustments
826942,S100QYDM,jpcrp030000-asr_E04137-000:AccumulatedDepreciationAdvertisingRailway,減価償却累計額,stable,jpcrp030000-asr_E04137-000:PropertyPlantAndEquipmentNetAdvertisingRailway
826943,S100QYDM,jpcrp030000-asr_E04137-000:AccumulatedDepreciationMarineTransportationRailway,減価償却累計額,stable,jpcrp030000-asr_E04137-000:PropertyPlantAndEquipmentNetMarineTransportationRailway
826944,S100QYDM,jpcrp030000-asr_E04137-000:MiscellaneousIncomeORHotel,雑収入,stable,jpcrp030000-asr_E04137-000:OperatingRevenueHotelRWY
826945,S100QYDM,jpcrp030000-asr_E04137-000:AccumulatedDepreciationHotelRailway,減価償却累計額,stable,jpcrp030000-asr_E04137-000:PropertyPlantAndEquipmentNetHotelRailway
826946,S100QYDM,jppfs_cor:ConstructionInProgressRWY,建設仮勘定、鉄道事業,stable,jppfs_cor:NoncurrentAssets
826947,S100QYDM,jpcrp030000-asr_E04137-000:AccumulatedDepreciationGeneralPassengerAutomobileTrafficRailway,減価償却累計額,stable,jpcrp030000-asr_E04137-000:PropertyPlantAndEquipmentNetGeneralPassengerAutomobileTrafficRailway
826948,S100QYDM,jppfs_cor:RemeasurementsOfDefinedBenefitPlans,退職給付に係る調整累計額,decrease_20,jppfs_cor:ValuationAndTranslationAdjustments
826949,S100QYDM,jppfs_cor:OtherIOA,その他、投資その他の資産,stable,jppfs_cor:InvestmentsAndOtherAssets
826950,S100QYDM,jppfs_cor:LossOnSalesOfNoncurrentAssetsEL,固定資産売却損、特別損失,decrease_20,jppfs_cor:ExtraordinaryLoss
826951,S100QYDM,jpcrp030000-asr_E04137-000:AccumulatedDepreciationAirCargoRailway,減価償却累計額,stable,jpcrp030000-asr_E04137-000:PropertyPlantAndEquipmentNetAirCargoRailway
826952,S100QYDM,jpcrp030000-asr_E04137-000:LossOnRetirementOfVehiclesNOE,車両除却損,new,jppfs_cor:NonOperatingExpenses
826953,S100QYDM,jpcrp030000-asr_E04137-000:OperatingRevenueMarineTransportationRWY,船舶運航事業営業収益,increase_20,jpcrp030000-asr_E04137-000:OperatingIncomeMarineTransportationRWY
826954,S100QYDM,jppfs_cor:TaxesOERealEstate,諸税、営業費、不動産事業、鉄道事業,decrease_20,jppfs_cor:OperatingExpensesRealEstateRWY
826955,S100QYDM,jppfs_cor:CapitalStock,資本金,stable,jppfs_cor:ShareholdersEquity
826956,S100QYDM,jppfs_cor:InvestmentsInCapital,出資金,stable,jppfs_cor:InvestmentsAndOtherAssets
826957,S100QYDM,jppfs_cor:DeferredTaxLiabilitiesForLandRevaluation,再評価に係る繰延税金負債,stable,jppfs_cor:NoncurrentLiabilities
826958,S100QYDM,jppfs_cor:AdvancesReceived,前受金,increase_20,jppfs_cor:CurrentLiabilities
826959,S100QYDM,jppfs_cor:ClaimsProvableInBankruptcyClaimsProvableInRehabilitationAndOther,破産更生債権等,increase_10,jppfs_cor:InvestmentsAndOtherAssets
826960,S100QYDM,jppfs_cor:InvestmentsAndOtherAssets,投資その他の資産,increase_10,jppfs_cor:NoncurrentAssets
826961,S100QYDM,jppfs_cor:OperatingRevenueOtherRWY,その他事業営業収益、鉄道事業,increase_20,jppfs_cor:OperatingIncomeOtherRWY
826962,S100QYDM,jppfs_cor:Merchandise,商品,increase_10,jppfs_cor:CurrentAssets
826963,S100QYDM,jppfs_cor:AccountsPayableOther,未払金,increase_10,jppfs_cor:CurrentLiabilities
826964,S100QYDM,jppfs_cor:InvestmentSecurities,投資有価証券,increase_10,jppfs_cor:InvestmentsAndOtherAssets
826965,S100QYDM,jppfs_cor:RailwayFaresReceivablesCARWY,未収運賃、流動資産、鉄道事業,increase_20,jppfs_cor:CurrentAssets
826966,S100QYDM,jppfs_cor:DepreciationOERWY,減価償却費、営業費、鉄道事業,decrease_10,jppfs_cor:OperatingExpensesRailwayRWY
826967,S100QYDM,jpcrp030000-asr_E04137-000:OperatingExpensesGeneralPassengerAutomobileTrafficRWY,自動車運送事業営業費,decrease_10,jpcrp030000-asr_E04137-000:CarTransportationBusinessOperatingIncomeLoss
826968,S100QYDM,jppfs_cor:FiduciaryObligationFeeNOI,業務受託料、営業外収益,increase_10,jppfs_cor:NonOperatingIncome
826969,S100QYDM,jppfs_cor:AllowanceForDoubtfulAccountsIOAByGroup,貸倒引当金、投資その他の資産、一括控除,increase_20,jppfs_cor:InvestmentsAndOtherAssets
826970,S100QYDM,jpcrp030000-asr_E04137-000:RevenueProductionORAdvertising,製作料収入,decrease_10,jpcrp030000-asr_E04137-000:OperatingRevenueAdvertisingRWY
826971,S100QYDM,jppfs_cor:PrepaidExpenses,前払費用,decrease_10,jppfs_cor:CurrentAssets
826972,S100QYDM,jpcrp030000-asr_E04137-000:CarTransportationBusinessOperatingIncomeLoss,自動車運送事業営業損失（△）,decrease_20,jppfs_cor:OperatingIncomeTotalBusiness
826973,S100QYDM,jpcrp030000-asr_E04137-000:OperatingIncomeMarineTransportationRWY,船舶運航事業営業利益,decrease_20,jppfs_cor:OperatingIncomeTotalBusiness
826974,S100QYDM,jppfs_cor:Supplies,貯蔵品,stable,jppfs_cor:CurrentAssets
826975,S100QYDM,jppfs_cor:RemeasurementsOfDefinedBenefitPlansNetOfTaxOCI,退職給付に係る調整額（税引後）、その他の包括利益,decrease_20,jppfs_cor:OtherComprehensiveIncome
826976,S100QYDM,jppfs_cor:NotesReceivableTrade,受取手形,stable,jppfs_cor:CurrentAssets
826977,S100QYDM,jppfs_cor:LongTermPrepaidExpenses,長期前払費用,decrease_20,jppfs_cor:InvestmentsAndOtherAssets
826978,S100QYDM,jpcrp030000-asr_E04137-000:GeneralAndAdministrativeExpensesOEHotel,一般管理費,increase_20,jpcrp030000-asr_E04137-000:OperatingExpensesHotelRWY
826979,S100QYDM,jppfs_cor:DeferredTaxLiabilities,繰延税金負債,decrease_10,jppfs_cor:NoncurrentLiabilities
826980,S100QYDM,jppfs_cor:AllowanceForDoubtfulAccountsCA,貸倒引当金、流動資産、一括控除,increase_20,jppfs_cor:CurrentAssets
826981,S100QYDM,jppfs_cor:RevenueOtherBusinessOROther,その他の事業収入、営業収益、その他事業、鉄道事業,decrease_10,jppfs_cor:OperatingRevenueOtherRWY
826982,S100QYDM,jppfs_cor:NotesPayableFacilities,設備関係支払手形,increase_20,jpcrp030000-asr_E04137-000:TotalOtherCL
826983,S100QYDM,jpcrp030000-asr_E04137-000:CostOfSalesAndMaterialExpensesOEHotel,売上原価及び材料費,increase_20,jpcrp030000-asr_E04137-000:OperatingExpensesHotelRWY
826984,S100QYDM,jppfs_cor:PropertyPlantAndEquipmentNCARailway,有形固定資産、鉄道事業固定資産,stable,jppfs_cor:PropertyPlantAndEquipmentNetNCARailway
826985,S100QYDM,jpcrp030000-asr_E04137-000:OperatingIncomeAdvertisingRWY,広告業営業利益,increase_10,jppfs_cor:OperatingIncomeTotalBusiness
826986,S100QYDM,jpcrp030000-asr_E04137-000:OperatingRevenueAdvertisingRWY,広告業営業収益,stable,jpcrp030000-asr_E04137-000:OperatingIncomeAdvertisingRWY
826987,S100QYDM,jppfs_cor:NoncurrentAssetsAffiliatedRWY,各事業関連固定資産、鉄道事業,increase_10,jppfs_cor:NoncurrentAssets
826988,S100QYDM,jpcrp030000-asr_E04137-000:SubsidyIncomeOperatingRevenueAutomobileTraffic,補助金収入,decrease_10,jpcrp030000-asr_E04137-000:OperatingRevenueGeneralPassengerAutomobileTrafficRWY
826989,S100QYDM,jpcrp030000-asr_E04137-000:TaxesOEGeneralPassengerAutomobileTraffic,諸税,decrease_20,jpcrp030000-asr_E04137-000:OperatingExpensesGeneralPassengerAutomobileTrafficRWY
826990,S100QYDM,jppfs_cor:IncomeBeforeIncomeTaxes,税引前当期純利益又は税引前当期純損失（△）,decrease_20,jppfs_cor:ProfitLoss
826991,S100QYDM,jppfs_cor:InsuranceIncomeNOI,受取保険金、営業外収益,decrease_20,jppfs_cor:NonOperatingIncome
826992,S100QYDM,jpcrp030000-asr_E04137-000:TransportationOperatingExpensesOEMarineTransportation,運送営業費,increase_10,jpcrp030000-asr_E04137-000:OperatingExpensesMarineTransportationRWY
826993,S100QYDM,jppfs_cor:RetainedEarnings,利益剰余金,decrease_10,jppfs_cor:ShareholdersEquity
826994,S100QYDM,jpcrp030000-asr_E04137-000:OperatingExpensesAdvertisingRWY,広告業営業費,decrease_10,jpcrp030000-asr_E04137-000:OperatingIncomeAdvertisingRWY
826995,S100QYDM,jppfs_cor:CapitalSurplus,資本剰余金,stable,jppfs_cor:ShareholdersEquity
826996,S100QYDM,jpcrp030000-asr_E04137-000:TaxesOEHotel,諸税,stable,jpcrp030000-asr_E04137-000:OperatingExpensesHotelRWY
826997,S100QYDM,jpcrp030000-asr_E04137-000:OperatingExpensesAdvertisingRWYAdvertising,広告業営業費,decrease_10,jpcrp030000-asr_E04137-000:OperatingExpensesAdvertisingRWY
826998,S100QYDM,jpcrp030000-asr_E04137-000:TaxesOEAirCargo,諸税,increase_10,jpcrp030000-asr_E04137-000:OperatingExpensesAirCargoRWY
826999,S100QYDM,jppfs_cor:CashAndDeposits,現金及び預金,increase_20,jppfs_cor:CurrentAssets
827000,S100QYDM,jpcrp030000-asr_E04137-000:RevenueAdvertisingORAdvertising,掲出料収入,stable,jpcrp030000-asr_E04137-000:OperatingRevenueAdvertisingRWY
827001,S100QYDM,jpcrp030000-asr_E04137-000:PassengerTransportationORGeneralPassengerAutomobileTraffic,旅客運輸収入,increase_10,jpcrp030000-asr_E04137-000:OperatingRevenueGeneralPassengerAutomobileTrafficRWY
827002,S100QYDM,jpcrp030000-asr_E04137-000:TaxesOEAdvertising,諸税,increase_10,jpcrp030000-asr_E04137-000:OperatingExpensesAdvertisingRWY
827003,S100QYDM,jpcrp030000-asr_E04137-000:TotalOtherCL,その他合計,increase_20,jppfs_cor:CurrentLiabilities
827004,S100QYDM,jpcrp030000-asr_E04137-000:PropertyPlantAndEquipmentAirCargoRailway,有形固定資産,stable,jpcrp030000-asr_E04137-000:PropertyPlantAndEquipmentNetAirCargoRailway
827005,S100QYDM,jpcrp030000-asr_E04137-000:ShortTermLoansPayableCL,短期借入金,increase_20,jppfs_cor:CurrentLiabilities
827006,S100QYDM,jppfs_cor:ProfitLossAttributableToOwnersOfParent,親会社株主に帰属する当期純利益又は親会社株主に帰属する当期純損失（△）,decrease_20,not_common_account
827007,S100QYDM,jpcrp030000-asr_E04137-000:IntangibleAssetsGeneralPassengerAutomobileTrafficRWY,無形固定資産,decrease_20,jpcrp030000-asr_E04137-000:NoncurrentAssetsGeneralPassengerAutomobileTrafficRWY
827008,S100QYDM,jppfs_cor:ImpairmentLossEL,減損損失、特別損失,decrease_20,jppfs_cor:ExtraordinaryLoss
827009,S100QYDM,jppfs_cor:ProvisionForDirectorsRetirementBenefits,役員退職慰労引当金,increase_20,jppfs_cor:NoncurrentLiabilities
827010,S100QYDM,jppfs_cor:IncomeTaxesDeferred,法人税等調整額,decrease_20,jppfs_cor:IncomeTaxes
827011,S100QYDM,jppfs_cor:NetDefinedBenefitLiability,退職給付に係る負債,decrease_10,jppfs_cor:NoncurrentLiabilities
827012,S100QYDM,jppfs_cor:IncomeTaxesPayable,未払法人税等,stable,jppfs_cor:CurrentLiabilities
827013,S100QYDM,jppfs_cor:ShortTermLoansPayable,短期借入金,increase_20,jpcrp030000-asr_E04137-000:ShortTermLoansPayableCL
827014,S100QYDM,jpcrp030000-asr_E04137-000:DepreciationOEAirCargo,減価償却費,decrease_20,jpcrp030000-asr_E04137-000:OperatingExpensesAirCargoRWY
827015,S100QYDM,jpcrp030000-asr_E04137-000:GeneralAndAdministrativeExpensesOEMarineTransportation,一般管理費,increase_10,jpcrp030000-asr_E04137-000:OperatingExpensesMarineTransportationRWY
827016,S100QYDM,jppfs_cor:PassengerTransportationORRWY,旅客運輸収入、営業収益、鉄道事業,increase_20,jppfs_cor:OperatingRevenueRailwayRWY
827017,S100QYDM,jppfs_cor:NoncurrentAssetsAdvertisingOtherRWY,広告業固定資産、その他事業、鉄道事業,decrease_20,jppfs_cor:NoncurrentAssets
827018,S100QYDM,jppfs_cor:NoncurrentAssets,固定資産,stable,jppfs_cor:Assets
827019,S100QYDM,jppfs_cor:NoncurrentLiabilities,固定負債,stable,jppfs_cor:Liabilities
827020,S100QYDM,jppfs_cor:NotesPayableTrade,支払手形,increase_20,jppfs_cor:CurrentLiabilities
827021,S100QYDM,jppfs_cor:LongTermLoansPayable,長期借入金,decrease_10,jppfs_cor:NoncurrentLiabilities
827022,S100QYDM,jppfs_cor:AccruedExpenses,未払費用,stable,jppfs_cor:CurrentLiabilities
827023,S100QYDM,jpcrp030000-asr_E04137-000:RevenueVegetablesAndFruitsORAirCargo,青果取扱収入,stable,jpcrp030000-asr_E04137-000:OperatingRevenueAirCargoRWY
827024,S100QYDM,jppfs_cor:GainOnSalesOfGoodsNOIRWY,物品売却益、営業外収益、鉄道事業,decrease_20,jppfs_cor:NonOperatingIncome
827025,S100QYDM,jppfs_cor:OtherEL,その他、特別損失,increase_10,jppfs_cor:ExtraordinaryLoss
827026,S100QYDM,jppfs_cor:NonOperatingIncome,営業外収益,decrease_20,jppfs_cor:OrdinaryIncome
827027,S100QYDM,jpcrp030000-asr_E04137-000:RevenueFishORAirCargo,鮮魚取扱収入,decrease_10,jpcrp030000-asr_E04137-000:OperatingRevenueAirCargoRWY
827028,S100QYDM,jppfs_cor:OtherEI,その他、特別利益,decrease_10,jppfs_cor:ExtraordinaryIncome
827029,S100QYDM,jppfs_cor:LongTermAdvancesReceived,長期前受金,stable,jppfs_cor:NoncurrentLiabilities
827030,S100QYDM,jppfs_cor:IncomeTaxes,法人税等,decrease_20,jppfs_cor:ProfitLoss
827031,S100QYDM,jppfs_cor:OperatingIncomeTotalBusiness,全事業営業利益又は全事業営業損失（△）,decrease_20,jppfs_cor:OrdinaryIncome
827032,S100QYDM,jpcrp030000-asr_E04137-000:PropertyPlantAndEquipmentMarineTransportationRailway,有形固定資産,stable,jpcrp030000-asr_E04137-000:PropertyPlantAndEquipmentNetMarineTransportationRailway
827033,S100QYDM,jpcrp030000-asr_E04137-000:PropertyPlantAndEquipmentGeneralPassengerAutomobileTrafficRailway,有形固定資産,stable,jpcrp030000-asr_E04137-000:PropertyPlantAndEquipmentNetGeneralPassengerAutomobileTrafficRailway
827034,S100QYDM,jppfs_cor:ProvisionForBonuses,賞与引当金,stable,jppfs_cor:CurrentLiabilities
827035,S100QYDM,jppfs_cor:OtherComprehensiveIncome,その他の包括利益,decrease_20,jppfs_cor:ComprehensiveIncome
827036,S100QYDM,jpcrp030000-asr_E04137-000:GainOnSalesOfVehiclesNOI,車両売却益,new,jppfs_cor:NonOperatingIncome
827037,S100QYDM,jpcrp030000-asr_E04137-000:OperatingIncomeLossAirCargoRWY,航空貨物業営業利益又は航空貨物業営業損失（△）,decrease_10,jppfs_cor:OperatingIncomeTotalBusiness
827038,S100QYDM,jpcrp030000-asr_E04137-000:SubsidyIncomeORRWY,補助金収入,increase_20,jppfs_cor:OperatingRevenueRailwayRWY
827039,S100QYDM,jppfs_cor:NetDefinedBenefitAsset,退職給付に係る資産,increase_20,jppfs_cor:InvestmentsAndOtherAssets
827040,S100QYDM,jpcrp030000-asr_E04137-000:OperatingRevenueHotelRWY,ホテル事業営業収益,increase_20,jpcrp030000-asr_E04137-000:OperatingIncomeHotelRWY
827041,S100QYDM,jppfs_cor:CurrentAssets,流動資産,increase_20,jppfs_cor:Assets
827042,S100QYDM,jpcrp030000-asr_E04137-000:TaxesOEMarineTransportation,諸税,decrease_20,jpcrp030000-asr_E04137-000:OperatingExpensesMarineTransportationRWY
827043,S100QYDM,jppfs_cor:AccumulatedDepreciationRealEstateRWY,減価償却累計額、不動産事業、鉄道事業,increase_20,jppfs_cor:PropertyPlantAndEquipmentNetRealEstateRWY
827044,S100QYDM,jpcrp030000-asr_E04137-000:GeneralAndAdministrativeExpensesOEOther,一般管理費,increase_10,jppfs_cor:OperatingExpensesOtherRWY
827045,S100QYDM,jppfs_cor:CurrentLiabilities,流動負債,increase_20,jppfs_cor:Liabilities
827046,S100QYDM,jppfs_cor:TaxesOERWY,諸税、営業費、鉄道事業,stable,jppfs_cor:OperatingExpensesRailwayRWY
827047,S100QYDM,jppfs_cor:ComprehensiveIncome,包括利益,decrease_20,not_common_account
827048,S100QYDM,jppfs_cor:PropertyPlantAndEquipmentRealEstateRWY,有形固定資産、不動産事業、鉄道事業,stable,jppfs_cor:PropertyPlantAndEquipmentNetRealEstateRWY
827049,S100QYDM,jppfs_cor:OperatingExpensesOtherRWY,その他事業営業費、鉄道事業,increase_20,jppfs_cor:OperatingIncomeOtherRWY
827050,S100QYDM,jpcrp030000-asr_E04137-000:DepreciationOEAdvertising,減価償却費,decrease_10,jpcrp030000-asr_E04137-000:OperatingExpensesAdvertisingRWY
827051,S100QYDM,jppfs_cor:InterestExpensesNOE,支払利息、営業外費用,increase_10,jppfs_cor:NonOperatingExpenses
827052,S100QYDM,jppfs_cor:OperatingIncomeRailwayRWY,鉄道事業営業利益又は鉄道事業営業損失（△）、鉄道事業,decrease_20,jppfs_cor:OperatingIncomeTotalBusiness
827053,S100QYDM,jppfs_cor:ValuationDifferenceOnAvailableForSaleSecuritiesNetOfTaxOCI,その他有価証券評価差額金（税引後）、その他の包括利益,increase_10,jppfs_cor:OtherComprehensiveIncome
827054,S100QYDM,jppfs_cor:InterestIncomeNOI,受取利息、営業外収益,decrease_20,jppfs_cor:NonOperatingIncome
827055,S100QYDM,jppfs_cor:RevenueOtherORRealEstate,その他の収入、営業収益、不動産事業、鉄道事業,new,jppfs_cor:OperatingRevenueRealEstateRWY
827056,S100QYDM,jppfs_cor:NonOperatingExpenses,営業外費用,decrease_10,jppfs_cor:OrdinaryIncome
827057,S100QYDM,jppfs_cor:CurrentPortionOfLongTermLoansPayable,１年内返済予定の長期借入金,increase_10,jpcrp030000-asr_E04137-000:ShortTermLoansPayableCL
827058,S100QYDM,jpcrp030000-asr_E04137-000:OperatingExpensesHotelRWY,ホテル事業営業費,increase_10,jpcrp030000-asr_E04137-000:OperatingIncomeHotelRWY
827059,S100QYDM,jppfs_cor:ShareholdersEquity,株主資本,decrease_20,jppfs_cor:NetAssets
827060,S100QYDM,jppfs_cor:OperatingExpensesRealEstateRWY,不動産事業営業費、鉄道事業,decrease_10,jppfs_cor:OperatingIncomeRealEstateRWY
827061,S100QYDM,jppfs_cor:NoncurrentAssetsRailwayRWY,鉄道事業固定資産、鉄道事業,stable,jppfs_cor:NoncurrentAssets
827062,S100QYDM,jpcrp030000-asr_E04137-000:OperatingExpensesOtherOEOther,その他事業営業費,increase_20,jppfs_cor:OperatingExpensesOtherRWY
827063,S100QYDM,jpcrp030000-asr_E04137-000:OperatingExpensesAirCargoOEAirCargo,航空貨物業営業費,stable,jpcrp030000-asr_E04137-000:OperatingExpensesAirCargoRWY
827064,S100QYDM,jppfs_cor:TaxesOEOther,諸税、営業費、その他事業、鉄道事業,decrease_20,jppfs_cor:OperatingExpensesOtherRWY
827065,S100QYDM,jppfs_cor:ExtraordinaryIncome,特別利益,increase_20,jppfs_cor:IncomeBeforeIncomeTaxes
827066,S100QYDM,jppfs_cor:AccountsPayableFacilities,設備関係未払金,decrease_20,jpcrp030000-asr_E04137-000:TotalOtherCL
827067,S100QYDM,jpcrp030000-asr_E04137-000:PropertyPlantAndEquipmentAdvertisingRailway,有形固定資産,stable,jpcrp030000-asr_E04137-000:PropertyPlantAndEquipmentNetAdvertisingRailway
827068,S100QYDM,jpcrp030000-asr_E04137-000:MiscellaneousIncomeORGeneralPassengerAutomobileTraffic,雑収入,increase_20,jpcrp030000-asr_E04137-000:OperatingRevenueGeneralPassengerAutomobileTrafficRWY
827069,S100QYDM,jppfs_cor:IncomeTaxesCurrent,法人税、住民税及び事業税,stable,jppfs_cor:IncomeTaxes
827070,S100QYDM,jpcrp030000-asr_E04137-000:OperatingRevenueAirCargoRWY,航空貨物業営業収益,stable,jpcrp030000-asr_E04137-000:OperatingIncomeLossAirCargoRWY
827071,S100QYDM,jpcrp030000-asr_E04137-000:IntangibleAssetsMarineTransportationRWY,無形固定資産,decrease_20,jpcrp030000-asr_E04137-000:NoncurrentAssetsMarineTransportationRWY
827072,S100QYDM,jpcrp030000-asr_E04137-000:OperatingExpensesHotelOEHotel,ホテル事業営業費,increase_10,jpcrp030000-asr_E04137-000:OperatingExpensesHotelRWY
827073,S100QYDM,jpcrp030000-asr_E04137-000:OperatingExpensesAirCargoRWY,航空貨物業営業費,stable,jpcrp030000-asr_E04137-000:OperatingIncomeLossAirCargoRWY
827074,S100QYDM,jpcrp030000-asr_E04137-000:DepreciationOEMarineTransportation,減価償却費,increase_20,jpcrp030000-asr_E04137-000:OperatingExpensesMarineTransportationRWY
827075,S100QYDM,jpcrp030000-asr_E04137-000:RevenueRoomRatesORHotel,室料収入,increase_20,jpcrp030000-asr_E04137-000:OperatingRevenueHotelRWY
827076,S100QYDM,jpcrp030000-asr_E04137-000:NoncurrentAssetsHotelRWY,ホテル事業固定資産,stable,jppfs_cor:NoncurrentAssets
827077,S100QYDM,jppfs_cor:NoncurrentAssetsRealEstateHotelRWY,不動産事業固定資産、不動産事業、鉄道事業,stable,jppfs_cor:NoncurrentAssets
827078,S100QYDM,jpcrp030000-asr_E04137-000:TransportationIncomeORMarineTransportation,運送収入,increase_20,jpcrp030000-asr_E04137-000:OperatingRevenueMarineTransportationRWY
827079,S100QYDM,jppfs_cor:NoncurrentAssetsAirCargoOtherRWY,航空貨物業固定資産、その他事業、鉄道事業,decrease_20,jppfs_cor:NoncurrentAssets
827080,S100QYDM,jpcrp030000-asr_E04137-000:DepreciationOEGeneralPassengerAutomobileTraffic,減価償却費,decrease_20,jpcrp030000-asr_E04137-000:OperatingExpensesGeneralPassengerAutomobileTrafficRWY
827081,S100QYDM,jppfs_cor:OperatingIncomeLeaseOERealEstate,賃貸事業営業費、営業費、不動産事業、鉄道事業,new,jppfs_cor:OperatingExpensesRealEstateRWY
827082,S100QYDM,jpcrp030000-asr_E04137-000:TransportationOperatingExpensesOEGeneralPassengerAutomobileTraffic,運送費,stable,jpcrp030000-asr_E04137-000:OperatingExpensesGeneralPassengerAutomobileTrafficRWY
827083,S100QYDM,jppfs_cor:ExtraordinaryLoss,特別損失,increase_20,jppfs_cor:IncomeBeforeIncomeTaxes
850457,S100QSEH,jppfs_cor:PrepaidExpenses,前払費用,stable,jppfs_cor:CurrentAssets
850458,S100QSEH,jppfs_cor:OtherEL,その他、特別損失,decrease_20,jppfs_cor:ExtraordinaryLoss
850459,S100QSEH,jpcrp030000-asr_E03302-000:SubsidyIncome2EI,助成金収入,decrease_20,jppfs_cor:ExtraordinaryIncome
850460,S100QSEH,jppfs_cor:AccountsReceivableTrade,売掛金,stable,jppfs_cor:CurrentAssets
850461,S100QSEH,jppfs_cor:ToolsFurnitureAndFixtures,工具、器具及び備品,stable,jppfs_cor:ToolsFurnitureAndFixturesNet
850462,S100QSEH,jppfs_cor:OperatingGrossProfit,営業総利益又は営業総損失（△）,stable,jppfs_cor:OperatingIncome
850463,S100QSEH,jppfs_cor:ValuationDifferenceOnAvailableForSaleSecurities,その他有価証券評価差額金,increase_10,jppfs_cor:ValuationAndTranslationAdjustments
850464,S100QSEH,jppfs_cor:AccountsPayableTrade,買掛金,stable,jppfs_cor:CurrentLiabilities
850465,S100QSEH,jppfs_cor:OrdinaryIncome,経常利益又は経常損失（△）,decrease_10,jppfs_cor:IncomeBeforeIncomeTaxes
850466,S100QSEH,jppfs_cor:ShareholdersEquity,株主資本,stable,jppfs_cor:NetAssets
850467,S100QSEH,jppfs_cor:CashAndDeposits,現金及び預金,increase_10,jppfs_cor:CurrentAssets
850468,S100QSEH,jppfs_cor:SuppliesExpensesSGA,消耗品費、販売費及び一般管理費,increase_10,jppfs_cor:SellingGeneralAndAdministrativeExpenses
850469,S100QSEH,jppfs_cor:GrossProfit,売上総利益又は売上総損失（△）,stable,jppfs_cor:OperatingGrossProfit
850470,S100QSEH,jppfs_cor:AccruedConsumptionTaxes,未払消費税等,decrease_20,jppfs_cor:CurrentLiabilities
850471,S100QSEH,jppfs_cor:OtherIOA,その他、投資その他の資産,decrease_20,jppfs_cor:InvestmentsAndOtherAssets
850472,S100QSEH,jppfs_cor:GainOnSalesOfInvestmentSecuritiesEI,投資有価証券売却益、特別利益,new,jppfs_cor:ExtraordinaryIncome
850473,S100QSEH,jppfs_cor:OtherCA,その他、流動資産,stable,jppfs_cor:CurrentAssets
850474,S100QSEH,jpcrp030000-asr_E03302-000:ProvisionOfTheReserveForDirectorsRemunerationBasedOnPerformance,役員業績報酬引当金繰入額,decrease_20,jppfs_cor:SellingGeneralAndAdministrativeExpenses
850475,S100QSEH,jppfs_cor:EndingMerchandiseAndFinishedGoodsCOS,商品及び製品期末棚卸高、売上原価,increase_10,jppfs_cor:CostOfSales
850476,S100QSEH,jpcrp030000-asr_E03302-000:PartTimersSalariesSGA,パートアルバイト給料,stable,jppfs_cor:SellingGeneralAndAdministrativeExpenses
850477,S100QSEH,jppfs_cor:RentExpensesOnRealEstatesNOE,不動産賃貸費用、営業外費用,increase_10,jppfs_cor:NonOperatingExpenses
850478,S100QSEH,jppfs_cor:OtherCL,その他、流動負債,decrease_10,jppfs_cor:CurrentLiabilities
850479,S100QSEH,jppfs_cor:OtherCapitalSurplus,その他資本剰余金,stable,jppfs_cor:CapitalSurplus
850480,S100QSEH,jppfs_cor:InvestmentsAndOtherAssets,投資その他の資産,stable,jppfs_cor:NoncurrentAssets
850481,S100QSEH,jpcrp030000-asr_E03302-000:RepaymentMoneyNOI,返還金,new,jppfs_cor:NonOperatingIncome
850482,S100QSEH,jpcrp030000-asr_E03302-000:TotalCOS,合計,stable,jppfs_cor:CostOfSales
850483,S100QSEH,jppfs_cor:Software,ソフトウエア,decrease_10,jppfs_cor:IntangibleAssets
850484,S100QSEH,jppfs_cor:DirectorsCompensationsSGA,役員報酬、販売費及び一般管理費,decrease_10,jppfs_cor:SellingGeneralAndAdministrativeExpenses
850485,S100QSEH,jppfs_cor:OperatingIncome,営業利益又は営業損失（△）,decrease_10,jppfs_cor:OrdinaryIncome
850486,S100QSEH,jppfs_cor:AccountsPayableOther,未払金,stable,jppfs_cor:CurrentLiabilities
850487,S100QSEH,jppfs_cor:LegalWelfareExpensesSGA,法定福利費、販売費及び一般管理費,stable,jppfs_cor:SellingGeneralAndAdministrativeExpenses
850488,S100QSEH,jppfs_cor:RentExpensesSGA,賃借料、販売費及び一般管理費,stable,jppfs_cor:SellingGeneralAndAdministrativeExpenses
850489,S100QSEH,jppfs_cor:IncomeBeforeIncomeTaxes,税引前当期純利益又は税引前当期純損失（△）,decrease_20,jppfs_cor:ProfitLoss
850490,S100QSEH,jppfs_cor:PrepaidPensionCostIOA,前払年金費用、投資その他の資産,increase_10,jppfs_cor:InvestmentsAndOtherAssets
850491,S100QSEH,jppfs_cor:Vehicles,車両運搬具,stable,jppfs_cor:VehiclesNet
850492,S100QSEH,jppfs_cor:InterestExpensesNOE,支払利息、営業外費用,decrease_10,jppfs_cor:NonOperatingExpenses
850493,S100QSEH,jppfs_cor:RetainedEarnings,利益剰余金,increase_10,jppfs_cor:ShareholdersEquity
850494,S100QSEH,jppfs_cor:HouseRentIncomeNOI,受取家賃、営業外収益,stable,jppfs_cor:NonOperatingIncome
850495,S100QSEH,jppfs_cor:ReversalOfAllowanceForDoubtfulAccountsNOI,貸倒引当金戻入額、営業外収益,increase_20,jppfs_cor:NonOperatingIncome
850496,S100QSEH,jppfs_cor:LongTermLoansPayable,長期借入金,decrease_20,jppfs_cor:NoncurrentLiabilities
850497,S100QSEH,jppfs_cor:ProvisionForBonuses,賞与引当金,decrease_20,jppfs_cor:CurrentLiabilities
850498,S100QSEH,jppfs_cor:MerchandiseAndFinishedGoods,商品及び製品,increase_10,jppfs_cor:CurrentAssets
850499,S100QSEH,jppfs_cor:LegalRetainedEarnings,利益準備金,stable,jppfs_cor:RetainedEarnings
850500,S100QSEH,jppfs_cor:AccumulatedDepreciationToolsFurnitureAndFixtures,減価償却累計額、工具、器具及び備品,increase_10,jppfs_cor:ToolsFurnitureAndFixturesNet
850501,S100QSEH,jppfs_cor:CapitalSurplus,資本剰余金,stable,jppfs_cor:ShareholdersEquity
850502,S100QSEH,jppfs_cor:GeneralReserve,別途積立金,stable,jppfs_cor:RetainedEarnings
850503,S100QSEH,jppfs_cor:LegalCapitalSurplus,資本準備金,stable,jppfs_cor:CapitalSurplus
850504,S100QSEH,jppfs_cor:AccountsReceivableOther,未収入金,increase_10,jppfs_cor:CurrentAssets
850505,S100QSEH,jppfs_cor:TreasuryStock,自己株式,new,jppfs_cor:ShareholdersEquity
850506,S100QSEH,jppfs_cor:AllowanceForDoubtfulAccountsIOAByGroup,貸倒引当金、投資その他の資産、一括控除,decrease_20,jppfs_cor:InvestmentsAndOtherAssets
850507,S100QSEH,jppfs_cor:WelfareExpensesSGA,福利厚生費、販売費及び一般管理費,decrease_20,jppfs_cor:SellingGeneralAndAdministrativeExpenses
850508,S100QSEH,jpcrp030000-asr_E03302-000:CashOverAndShortNOE,現金過不足,decrease_20,jppfs_cor:NonOperatingExpenses
850509,S100QSEH,jpcrp030000-asr_E03302-000:LossByCorrespondingToNewInfectiousDiseaseEL,新型感染症対応による損失,new,jppfs_cor:ExtraordinaryLoss
850510,S100QSEH,jppfs_cor:MachineryAndEquipment,機械及び装置,stable,jppfs_cor:MachineryAndEquipmentNet
850511,S100QSEH,jppfs_cor:OtherSGA,その他、販売費及び一般管理費,increase_10,jppfs_cor:SellingGeneralAndAdministrativeExpenses
850512,S100QSEH,jppfs_cor:CostOfProductsManufactured,当期製品製造原価,stable,jpcrp030000-asr_E03302-000:TotalCOS
850513,S100QSEH,jppfs_cor:CurrentAssets,流動資産,stable,jppfs_cor:Assets
850514,S100QSEH,jppfs_cor:LossOnRetirementOfNoncurrentAssetsEL,固定資産除却損、特別損失,decrease_20,jppfs_cor:ExtraordinaryLoss
850515,S100QSEH,jpcrp030000-asr_E03302-000:RealEstateForRentIOA,賃貸不動産,stable,jpcrp030000-asr_E03302-000:RealEstateForRentNetIOA
850516,S100QSEH,jppfs_cor:IncomeTaxesCurrent,法人税、住民税及び事業税,decrease_10,jppfs_cor:IncomeTaxes
850517,S100QSEH,jppfs_cor:AllowanceForDoubtfulAccountsCA,貸倒引当金、流動資産、一括控除,increase_10,jppfs_cor:CurrentAssets
850518,S100QSEH,jppfs_cor:InterestIncomeNOI,受取利息、営業外収益,increase_20,jppfs_cor:NonOperatingIncome
850519,S100QSEH,jppfs_cor:CurrentLiabilities,流動負債,decrease_10,jppfs_cor:Liabilities
850520,S100QSEH,jppfs_cor:RetainedEarningsBroughtForward,繰越利益剰余金,increase_10,jppfs_cor:RetainedEarnings
850521,S100QSEH,jppfs_cor:LongTermPrepaidExpenses,長期前払費用,increase_10,jppfs_cor:InvestmentsAndOtherAssets
850522,S100QSEH,jpcrp030000-asr_E03302-000:LeaseExpensesSGA,リース料,stable,jppfs_cor:SellingGeneralAndAdministrativeExpenses
850523,S100QSEH,jppfs_cor:ForeignExchangeLossesNOE,為替差損、営業外費用,new,jppfs_cor:NonOperatingExpenses
850524,S100QSEH,jppfs_cor:SalariesAllowancesAndBonusesSGA,給料手当及び賞与、販売費及び一般管理費,decrease_10,jppfs_cor:SellingGeneralAndAdministrativeExpenses
850525,S100QSEH,jppfs_cor:IncomeTaxesPayable,未払法人税等,decrease_20,jppfs_cor:CurrentLiabilities
850526,S100QSEH,jppfs_cor:ImpairmentLossEL,減損損失、特別損失,decrease_10,jppfs_cor:ExtraordinaryLoss
850527,S100QSEH,jppfs_cor:DepositsPaid,預け金,decrease_20,jppfs_cor:CurrentAssets
850528,S100QSEH,jpcrp030000-asr_E03302-000:AccumulatedDepreciationIOA,減価償却累計額,stable,jpcrp030000-asr_E03302-000:RealEstateForRentNetIOA
850529,S100QSEH,jppfs_cor:OtherNOE,その他、営業外費用,decrease_20,jppfs_cor:NonOperatingExpenses
850530,S100QSEH,jppfs_cor:CapitalStock,資本金,stable,jppfs_cor:ShareholdersEquity
850531,S100QSEH,jppfs_cor:DepreciationSGA,減価償却費、販売費及び一般管理費,decrease_20,jppfs_cor:SellingGeneralAndAdministrativeExpenses
850532,S100QSEH,jppfs_cor:SellingGeneralAndAdministrativeExpenses,販売費及び一般管理費,stable,jppfs_cor:OperatingIncome
850533,S100QSEH,jpcrp030000-asr_E03302-000:ProvisionForDirectorsRemunerationBasedOnPerformance,役員業績報酬引当金,decrease_20,jppfs_cor:CurrentLiabilities
850534,S100QSEH,jpcrp030000-asr_E03302-000:RemissionOfHouseRentEI,店舗家賃等免除益,decrease_20,jppfs_cor:ExtraordinaryIncome
850535,S100QSEH,jppfs_cor:NonOperatingIncome,営業外収益,increase_20,jppfs_cor:OrdinaryIncome
850536,S100QSEH,jppfs_cor:NonOperatingExpenses,営業外費用,decrease_20,jppfs_cor:OrdinaryIncome
850537,S100QSEH,jppfs_cor:LossOnClosingOfStoresEL,店舗閉鎖損失、特別損失,decrease_20,jppfs_cor:ExtraordinaryLoss
850538,S100QSEH,jppfs_cor:DepreciationNOE,減価償却費、営業外費用,decrease_20,jppfs_cor:NonOperatingExpenses
850539,S100QSEH,jppfs_cor:WorkInProcess,仕掛品,decrease_20,jppfs_cor:CurrentAssets
850540,S100QSEH,jppfs_cor:BeginningMerchandiseAndFinishedGoodsCOS,商品及び製品期首棚卸高、売上原価,stable,jpcrp030000-asr_E03302-000:TotalCOS
850541,S100QSEH,jppfs_cor:ProvisionForBonusesSGA,賞与引当金繰入額、販売費及び一般管理費,decrease_20,jppfs_cor:SellingGeneralAndAdministrativeExpenses
850542,S100QSEH,jppfs_cor:OtherOperatingRevenue2RevOA,その他の営業収入、営業活動による収益,stable,jppfs_cor:OperatingGrossProfit
850543,S100QSEH,jppfs_cor:UtilitiesExpensesSGA,水道光熱費、販売費及び一般管理費,increase_20,jppfs_cor:SellingGeneralAndAdministrativeExpenses
850544,S100QSEH,jppfs_cor:InvestmentSecurities,投資有価証券,stable,jppfs_cor:InvestmentsAndOtherAssets
850545,S100QSEH,jppfs_cor:IntangibleAssets,無形固定資産,decrease_10,jppfs_cor:NoncurrentAssets
850546,S100QSEH,jppfs_cor:IncomeTaxes,法人税等,decrease_20,jppfs_cor:ProfitLoss
850547,S100QSEH,jppfs_cor:RetirementBenefitExpensesSGA,退職給付費用、販売費及び一般管理費,increase_10,jppfs_cor:SellingGeneralAndAdministrativeExpenses
850548,S100QSEH,jppfs_cor:NetSales,売上高,stable,jppfs_cor:GrossProfit
850549,S100QSEH,jppfs_cor:ExtraordinaryLoss,特別損失,decrease_20,jppfs_cor:IncomeBeforeIncomeTaxes
850550,S100QSEH,jppfs_cor:ExtraordinaryIncome,特別利益,decrease_20,jppfs_cor:IncomeBeforeIncomeTaxes
850551,S100QSEH,jppfs_cor:Liabilities,負債,decrease_10,jppfs_cor:LiabilitiesAndNetAssets
850552,S100QSEH,jppfs_cor:Buildings,建物,stable,jppfs_cor:BuildingsNet
850553,S100QSEH,jppfs_cor:OtherIA,その他、無形固定資産,stable,jppfs_cor:IntangibleAssets
850554,S100QSEH,jppfs_cor:AccumulatedDepreciationBuildings,減価償却累計額、建物,increase_10,jppfs_cor:BuildingsNet
850555,S100QSEH,jppfs_cor:CurrentPortionOfLongTermLoansPayable,１年内返済予定の長期借入金,stable,jppfs_cor:CurrentLiabilities
850556,S100QSEH,jppfs_cor:AccumulatedDepreciationVehicles,減価償却累計額、車両運搬具,increase_20,jppfs_cor:VehiclesNet
850557,S100QSEH,jppfs_cor:Land,土地,stable,jppfs_cor:PropertyPlantAndEquipment
850558,S100QSEH,jppfs_cor:Structures,構築物,stable,jppfs_cor:StructuresNet
850559,S100QSEH,jppfs_cor:OtherNOI,その他、営業外収益,decrease_10,jppfs_cor:NonOperatingIncome
850560,S100QSEH,jpcrp030000-asr_E03302-000:DeliveryAndDistributionExpensesSGA,発送配達費,stable,jppfs_cor:SellingGeneralAndAdministrativeExpenses
850561,S100QSEH,jppfs_cor:AssetRetirementObligationsNCL,資産除去債務、固定負債,stable,jppfs_cor:NoncurrentLiabilities
850562,S100QSEH,jppfs_cor:DividendsIncomeNOI,受取配当金、営業外収益,increase_10,jppfs_cor:NonOperatingIncome
850563,S100QSEH,jppfs_cor:NoncurrentLiabilities,固定負債,decrease_10,jppfs_cor:Liabilities
850564,S100QSEH,jppfs_cor:GuaranteeDepositsIOA,差入保証金、投資その他の資産,stable,jppfs_cor:InvestmentsAndOtherAssets
850565,S100QSEH,jppfs_cor:CostOfSales,売上原価,stable,jppfs_cor:GrossProfit
850566,S100QSEH,jppfs_cor:PropertyPlantAndEquipment,有形固定資産,decrease_10,jppfs_cor:NoncurrentAssets
850567,S100QSEH,jppfs_cor:OtherNCL,その他、固定負債,decrease_20,jppfs_cor:NoncurrentLiabilities
850568,S100QSEH,jppfs_cor:RawMaterialsAndSupplies,原材料及び貯蔵品,increase_20,jppfs_cor:CurrentAssets
850569,S100QSEH,jppfs_cor:ValuationAndTranslationAdjustments,評価・換算差額等,increase_10,jppfs_cor:NetAssets
850570,S100QSEH,jppfs_cor:NoncurrentAssets,固定資産,decrease_10,jppfs_cor:Assets
850571,S100QSEH,jppfs_cor:IncomeTaxesDeferred,法人税等調整額,decrease_20,jppfs_cor:IncomeTaxes
850572,S100QSEH,jppfs_cor:DeferredTaxAssets,繰延税金資産,stable,jppfs_cor:InvestmentsAndOtherAssets
850573,S100QSEH,jppfs_cor:CompensationIncomeEI,受取補償金、特別利益,new,jppfs_cor:ExtraordinaryIncome
850574,S100QSEH,jppfs_cor:AccumulatedDepreciationMachineryAndEquipment,減価償却累計額、機械及び装置,increase_10,jppfs_cor:MachineryAndEquipmentNet
850575,S100QSEH,jppfs_cor:ProvisionOfAllowanceForDoubtfulAccountsSGA,貸倒引当金繰入額、販売費及び一般管理費,new,jppfs_cor:SellingGeneralAndAdministrativeExpenses
850576,S100QSEH,jppfs_cor:CostOfPurchasedGoods,当期商品仕入高,stable,jpcrp030000-asr_E03302-000:TotalCOS
850577,S100QSEH,jppfs_cor:AccumulatedDepreciationStructures,減価償却累計額、構築物,increase_10,jppfs_cor:StructuresNet
850578,S100QSEH,jppfs_cor:ProfitLoss,当期純利益又は当期純損失（△）（平成26年3月28日財規等改正後）,decrease_20,top_account
910061,S100PUV1,jppfs_cor:NonOperatingExpenses,営業外費用,increase_20,jppfs_cor:OrdinaryIncome
910062,S100PUV1,jppfs_cor:IncomeBeforeIncomeTaxes,税引前当期純利益又は税引前当期純損失（△）,increase_10,jppfs_cor:ProfitLoss
910063,S100PUV1,jpcrp030000-asr_E01034-000:CustomerRelationshipIA,顧客関連資産,increase_20,jppfs_cor:IntangibleAssets
910064,S100PUV1,jppfs_cor:RetirementBenefitExpensesSGA,退職給付費用、販売費及び一般管理費,stable,jppfs_cor:SellingGeneralAndAdministrativeExpenses
910065,S100PUV1,jppfs_cor:NotesReceivableTrade,受取手形,new,jppfs_cor:CurrentAssets
910066,S100PUV1,jppfs_cor:ShareholdersEquity,株主資本,increase_10,jppfs_cor:NetAssets
910067,S100PUV1,jppfs_cor:NoncurrentLiabilities,固定負債,decrease_10,jppfs_cor:Liabilities
910068,S100PUV1,jppfs_cor:SalariesAndAllowancesSGA,給料及び手当、販売費及び一般管理費,increase_10,jppfs_cor:SellingGeneralAndAdministrativeExpenses
910069,S100PUV1,jppfs_cor:NonOperatingIncome,営業外収益,increase_20,jppfs_cor:OrdinaryIncome
910070,S100PUV1,jppfs_cor:DeferredTaxLiabilities,繰延税金負債,decrease_20,jppfs_cor:NoncurrentLiabilities
910071,S100PUV1,jppfs_cor:DeferredTaxAssets,繰延税金資産,increase_10,jppfs_cor:InvestmentsAndOtherAssets
910072,S100PUV1,jppfs_cor:CashAndDeposits,現金及び預金,increase_10,jppfs_cor:CurrentAssets
910073,S100PUV1,jppfs_cor:AmortizationOfGoodwillSGA,のれん償却額、販売費及び一般管理費,increase_20,jppfs_cor:SellingGeneralAndAdministrativeExpenses
910074,S100PUV1,jppfs_cor:NoncurrentAssets,固定資産,stable,jppfs_cor:Assets
910075,S100PUV1,jppfs_cor:ShortTermInvestmentSecurities,有価証券,increase_20,jppfs_cor:CurrentAssets
910076,S100PUV1,jppfs_cor:RetainedEarnings,利益剰余金,increase_10,jppfs_cor:ShareholdersEquity
910077,S100PUV1,jppfs_cor:ProvisionForBonusesSGA,賞与引当金繰入額、販売費及び一般管理費,stable,jppfs_cor:SellingGeneralAndAdministrativeExpenses
910078,S100PUV1,jppfs_cor:TreasuryStock,自己株式,stable,jppfs_cor:ShareholdersEquity
910079,S100PUV1,jppfs_cor:CostOfSales,売上原価,increase_10,jppfs_cor:GrossProfit
910080,S100PUV1,jppfs_cor:CapitalSurplus,資本剰余金,stable,jppfs_cor:ShareholdersEquity
910081,S100PUV1,jppfs_cor:ConstructionInProgress,建設仮勘定,decrease_20,jppfs_cor:PropertyPlantAndEquipment
910082,S100PUV1,jppfs_cor:IncomeTaxesCurrent,法人税、住民税及び事業税,increase_10,jppfs_cor:IncomeTaxes
910083,S100PUV1,jppfs_cor:CurrentLiabilities,流動負債,increase_10,jppfs_cor:Liabilities
910084,S100PUV1,jppfs_cor:ProvisionForBonuses,賞与引当金,increase_10,jppfs_cor:CurrentLiabilities
910085,S100PUV1,jppfs_cor:LongTermAccountsPayableOther,長期未払金,decrease_20,jppfs_cor:NoncurrentLiabilities
910086,S100PUV1,jppfs_cor:IncomeTaxes,法人税等,increase_10,jppfs_cor:ProfitLoss
910087,S100PUV1,jppfs_cor:DepreciationSGA,減価償却費、販売費及び一般管理費,increase_20,jppfs_cor:SellingGeneralAndAdministrativeExpenses
910088,S100PUV1,jppfs_cor:AllowanceForDoubtfulAccountsIOAByGroup,貸倒引当金、投資その他の資産、一括控除,decrease_20,jppfs_cor:InvestmentsAndOtherAssets
910089,S100PUV1,jppfs_cor:WelfareExpensesSGA,福利厚生費、販売費及び一般管理費,increase_10,jppfs_cor:SellingGeneralAndAdministrativeExpenses
910090,S100PUV1,jppfs_cor:PackingAndTransportationExpensesSGA,荷造運搬費、販売費及び一般管理費,increase_10,jppfs_cor:SellingGeneralAndAdministrativeExpenses
910091,S100PUV1,jppfs_cor:GainOnSalesOfInvestmentSecuritiesEI,投資有価証券売却益、特別利益,stable,jppfs_cor:ExtraordinaryIncome
910092,S100PUV1,jppfs_cor:OtherSGA,その他、販売費及び一般管理費,increase_10,jppfs_cor:SellingGeneralAndAdministrativeExpenses
910093,S100PUV1,jppfs_cor:NetSales,売上高,increase_10,jppfs_cor:GrossProfit
910094,S100PUV1,jppfs_cor:NotesAndAccountsPayableTrade,支払手形及び買掛金,increase_20,jppfs_cor:CurrentLiabilities
910095,S100PUV1,jppfs_cor:NetDefinedBenefitLiability,退職給付に係る負債,stable,jppfs_cor:NoncurrentLiabilities
910096,S100PUV1,jppfs_cor:Land,土地,increase_10,jppfs_cor:PropertyPlantAndEquipment
910097,S100PUV1,jppfs_cor:Liabilities,負債,stable,jppfs_cor:LiabilitiesAndNetAssets
910098,S100PUV1,jppfs_cor:ExtraordinaryLoss,特別損失,stable,jppfs_cor:IncomeBeforeIncomeTaxes
910099,S100PUV1,jppfs_cor:NetDefinedBenefitAsset,退職給付に係る資産,decrease_10,jppfs_cor:InvestmentsAndOtherAssets
910100,S100PUV1,jppfs_cor:ExtraordinaryIncome,特別利益,stable,jppfs_cor:IncomeBeforeIncomeTaxes
910101,S100PUV1,jppfs_cor:MachineryEquipmentAndVehicles,機械装置及び運搬具,increase_10,jppfs_cor:MachineryEquipmentAndVehiclesNet
910102,S100PUV1,jppfs_cor:ToolsFurnitureAndFixtures,工具、器具及び備品,increase_10,jppfs_cor:ToolsFurnitureAndFixturesNet
910103,S100PUV1,jppfs_cor:ProvisionForDirectorsBonusesSGA,役員賞与引当金繰入額、販売費及び一般管理費,increase_20,jppfs_cor:SellingGeneralAndAdministrativeExpenses
910104,S100PUV1,jppfs_cor:CurrentAssets,流動資産,increase_10,jppfs_cor:Assets
910105,S100PUV1,jppfs_cor:OperatingIncome,営業利益又は営業損失（△）,increase_10,jppfs_cor:OrdinaryIncome
910106,S100PUV1,jppfs_cor:IncomeTaxesDeferred,法人税等調整額,decrease_20,jppfs_cor:IncomeTaxes
910107,S100PUV1,jppfs_cor:AccumulatedDepreciationMachineryEquipmentAndVehicles,減価償却累計額、機械装置及び運搬具,stable,jppfs_cor:MachineryEquipmentAndVehiclesNet
910108,S100PUV1,jppfs_cor:ValuationAndTranslationAdjustments,評価・換算差額等,increase_20,jppfs_cor:NetAssets
910109,S100PUV1,jppfs_cor:OtherCA,その他、流動資産,stable,jppfs_cor:CurrentAssets
910110,S100PUV1,jppfs_cor:AccumulatedDepreciationToolsFurnitureAndFixtures,減価償却累計額、工具、器具及び備品,increase_10,jppfs_cor:ToolsFurnitureAndFixturesNet
910111,S100PUV1,jppfs_cor:OtherCL,その他、流動負債,increase_10,jppfs_cor:CurrentLiabilities
910112,S100PUV1,jppfs_cor:IncomeTaxesPayable,未払法人税等,stable,jppfs_cor:CurrentLiabilities
910113,S100PUV1,jppfs_cor:OrdinaryIncome,経常利益又は経常損失（△）,increase_20,jppfs_cor:IncomeBeforeIncomeTaxes
910114,S100PUV1,jppfs_cor:ProfitLossAttributableToOwnersOfParent,親会社株主に帰属する当期純利益又は親会社株主に帰属する当期純損失（△）,increase_10,not_common_account
910115,S100PUV1,jppfs_cor:OtherNCL,その他、固定負債,stable,jppfs_cor:NoncurrentLiabilities
910116,S100PUV1,jppfs_cor:RawMaterialsAndSupplies,原材料及び貯蔵品,increase_20,jppfs_cor:CurrentAssets
910117,S100PUV1,jppfs_cor:InvestmentsAndOtherAssets,投資その他の資産,decrease_20,jppfs_cor:NoncurrentAssets
910118,S100PUV1,jppfs_cor:ForeignCurrencyTranslationAdjustment,為替換算調整勘定,new,jppfs_cor:ValuationAndTranslationAdjustments
910119,S100PUV1,jppfs_cor:MerchandiseAndFinishedGoods,商品及び製品,stable,jppfs_cor:CurrentAssets
910120,S100PUV1,jppfs_cor:IntangibleAssets,無形固定資産,increase_20,jppfs_cor:NoncurrentAssets
910121,S100PUV1,jppfs_cor:GrossProfit,売上総利益又は売上総損失（△）,increase_10,jppfs_cor:OperatingIncome
910122,S100PUV1,jppfs_cor:DividendsIncomeNOI,受取配当金、営業外収益,decrease_10,jppfs_cor:NonOperatingIncome
910123,S100PUV1,jppfs_cor:ProfitLoss,当期純利益又は当期純損失（△）（平成26年3月28日財規等改正後）,increase_10,top_account
910124,S100PUV1,jppfs_cor:OtherIA,その他、無形固定資産,increase_20,jppfs_cor:IntangibleAssets
910125,S100PUV1,jppfs_cor:AllowanceForDoubtfulAccountsCA,貸倒引当金、流動資産、一括控除,increase_20,jppfs_cor:CurrentAssets
910126,S100PUV1,jppfs_cor:ProvisionForDirectorsBonuses,役員賞与引当金,increase_20,jppfs_cor:CurrentLiabilities
910127,S100PUV1,jppfs_cor:ProfitLossAttributableToNonControllingInterests,非支配株主に帰属する当期純利益又は非支配株主に帰属する当期純損失（△）,new,not_common_account
910128,S100PUV1,jppfs_cor:Goodwill,のれん,increase_10,jppfs_cor:IntangibleAssets
910129,S100PUV1,jppfs_cor:SellingGeneralAndAdministrativeExpenses,販売費及び一般管理費,increase_10,jppfs_cor:OperatingIncome
910130,S100PUV1,jppfs_cor:AssetRetirementObligationsNCL,資産除去債務、固定負債,increase_10,jppfs_cor:NoncurrentLiabilities
910131,S100PUV1,jppfs_cor:AccumulatedDepreciationBuildingsAndStructures,減価償却累計額、建物及び構築物,increase_10,jppfs_cor:BuildingsAndStructuresNet
910132,S100PUV1,jppfs_cor:OtherNOE,その他、営業外費用,increase_20,jppfs_cor:NonOperatingExpenses
910133,S100PUV1,jppfs_cor:InvestmentSecurities,投資有価証券,decrease_20,jppfs_cor:InvestmentsAndOtherAssets
910134,S100PUV1,jppfs_cor:RemeasurementsOfDefinedBenefitPlans,退職給付に係る調整累計額,decrease_10,jppfs_cor:ValuationAndTranslationAdjustments
910135,S100PUV1,jppfs_cor:OtherNOI,その他、営業外収益,increase_20,jppfs_cor:NonOperatingIncome
910136,S100PUV1,jppfs_cor:InterestIncomeNOI,受取利息、営業外収益,increase_20,jppfs_cor:NonOperatingIncome
910137,S100PUV1,jppfs_cor:CapitalStock,資本金,stable,jppfs_cor:ShareholdersEquity
910138,S100PUV1,jppfs_cor:PropertyPlantAndEquipment,有形固定資産,increase_10,jppfs_cor:NoncurrentAssets
910139,S100PUV1,jppfs_cor:BuildingsAndStructures,建物及び構築物,increase_10,jppfs_cor:BuildingsAndStructuresNet
910140,S100PUV1,jppfs_cor:InterestExpensesNOE,支払利息、営業外費用,decrease_10,jppfs_cor:NonOperatingExpenses
910141,S100PUV1,jppfs_cor:AccountsReceivableTrade,売掛金,new,jppfs_cor:CurrentAssets
910142,S100PUV1,jppfs_cor:OtherIOA,その他、投資その他の資産,stable,jppfs_cor:InvestmentsAndOtherAssets
910143,S100PUV1,jppfs_cor:WorkInProcess,仕掛品,decrease_20,jppfs_cor:CurrentAssets
910144,S100PUV1,jppfs_cor:ValuationDifferenceOnAvailableForSaleSecurities,その他有価証券評価差額金,decrease_20,jppfs_cor:ValuationAndTranslationAdjustments
910145,S100PUV1,jppfs_cor:LossOnAbandonmentOfNoncurrentAssetsEL,固定資産廃棄損、特別損失,stable,jppfs_cor:ExtraordinaryLoss
910146,S100PUV1,jppfs_cor:ForeignExchangeGainsNOI,為替差益、営業外収益,new,jppfs_cor:NonOperatingIncome
948177,S100OSBF,jppfs_cor:CostOfPurchasedGoods,当期商品仕入高,increase_10,jppfs_cor:TotalBeginningAndPurchaseOfGoods
948178,S100OSBF,jppfs_cor:OrdinaryIncome,経常利益又は経常損失（△）,increase_20,jppfs_cor:IncomeBeforeIncomeTaxes
948179,S100OSBF,jppfs_cor:Software,ソフトウエア,decrease_10,jppfs_cor:IntangibleAssets
948180,S100OSBF,jppfs_cor:MerchandiseAndFinishedGoods,商品及び製品,increase_20,jppfs_cor:CurrentAssets
948181,S100OSBF,jppfs_cor:DepositsReceived,預り金,increase_20,jppfs_cor:CurrentLiabilities
948182,S100OSBF,jppfs_cor:AccumulatedDepreciationBuildings,減価償却累計額、建物,increase_10,jppfs_cor:BuildingsNet
948183,S100OSBF,jppfs_cor:InvestmentsInCapital,出資金,stable,jppfs_cor:InvestmentsAndOtherAssets
948184,S100OSBF,jppfs_cor:AllowanceForDoubtfulAccountsCA,貸倒引当金、流動資産、一括控除,decrease_20,jppfs_cor:CurrentAssets
948185,S100OSBF,jppfs_cor:LossOnSalesOfNoncurrentAssetsEL,固定資産売却損、特別損失,new,jppfs_cor:ExtraordinaryLoss
948186,S100OSBF,jppfs_cor:OperatingIncome,営業利益又は営業損失（△）,increase_20,jppfs_cor:OrdinaryIncome
948187,S100OSBF,jppfs_cor:AccountsPayableTrade,買掛金,increase_10,jppfs_cor:CurrentLiabilities
948188,S100OSBF,jppfs_cor:AccountsPayableOther,未払金,increase_20,jppfs_cor:CurrentLiabilities
948189,S100OSBF,jppfs_cor:TotalBeginningAndPurchaseOfGoods,合計、商品期首棚卸高及び当期商品仕入高,increase_10,jppfs_cor:CostOfGoodsSold
948190,S100OSBF,jppfs_cor:InterestIncomeNOI,受取利息、営業外収益,decrease_20,jppfs_cor:NonOperatingIncome
948191,S100OSBF,jppfs_cor:WorkInProcess,仕掛品,increase_20,jppfs_cor:CurrentAssets
948192,S100OSBF,jppfs_cor:ForeignExchangeGainsNOI,為替差益、営業外収益,new,jppfs_cor:NonOperatingIncome
948193,S100OSBF,jppfs_cor:AccumulatedDepreciationToolsFurnitureAndFixtures,減価償却累計額、工具、器具及び備品,increase_20,jppfs_cor:ToolsFurnitureAndFixturesNet
948194,S100OSBF,jppfs_cor:GainOnSalesOfNoncurrentAssetsEI,固定資産売却益、特別利益,increase_10,jppfs_cor:ExtraordinaryIncome
948195,S100OSBF,jppfs_cor:Structures,構築物,stable,jppfs_cor:StructuresNet
948196,S100OSBF,jppfs_cor:ShareholdersEquity,株主資本,stable,jppfs_cor:NetAssets
948197,S100OSBF,jppfs_cor:GoodsTransferToOtherAccountCOS,商品他勘定振替高、売上原価,increase_20,jppfs_cor:CostOfGoodsSold
948198,S100OSBF,jppfs_cor:Liabilities,負債,increase_20,jppfs_cor:LiabilitiesAndNetAssets
948199,S100OSBF,jppfs_cor:CostOfFinishedGoodsSold,製品売上原価,increase_10,jppfs_cor:CostOfSales
948200,S100OSBF,jppfs_cor:InvestmentSecurities,投資有価証券,increase_10,jppfs_cor:InvestmentsAndOtherAssets
948201,S100OSBF,jppfs_cor:IntangibleAssets,無形固定資産,decrease_10,jppfs_cor:NoncurrentAssets
948202,S100OSBF,jppfs_cor:ServiceRevenueRevOA,役務収益、売上高、営業活動による収益,increase_10,jppfs_cor:NetSales
948203,S100OSBF,jppfs_cor:IncomeTaxesPayable,未払法人税等,new,jppfs_cor:CurrentLiabilities
948204,S100OSBF,jppfs_cor:Land,土地,stable,jppfs_cor:PropertyPlantAndEquipment
948205,S100OSBF,jppfs_cor:ValuationDifferenceOnAvailableForSaleSecurities,その他有価証券評価差額金,increase_20,jppfs_cor:ValuationAndTranslationAdjustments
948206,S100OSBF,jppfs_cor:OtherIOA,その他、投資その他の資産,increase_10,jppfs_cor:InvestmentsAndOtherAssets
948207,S100OSBF,jppfs_cor:CostOfGoodsSold,商品売上原価,increase_10,jppfs_cor:CostOfSales
948208,S100OSBF,jppfs_cor:AccumulatedDepreciationStructures,減価償却累計額、構築物,increase_10,jppfs_cor:StructuresNet
948209,S100OSBF,jppfs_cor:ToolsFurnitureAndFixtures,工具、器具及び備品,increase_10,jppfs_cor:ToolsFurnitureAndFixturesNet
948210,S100OSBF,jpcrp030000-asr_E05483-000:CostOfServiceRevenueCOSExpOA,役務原価,increase_10,jppfs_cor:CostOfSales
948211,S100OSBF,jppfs_cor:ProfitLoss,当期純利益又は当期純損失（△）（平成26年3月28日財規等改正後）,increase_20,top_account
948212,S100OSBF,jppfs_cor:IncomeTaxes,法人税等,increase_10,jppfs_cor:ProfitLoss
948213,S100OSBF,jppfs_cor:NetSalesOfGoodsRevOA,商品売上高、営業活動による収益,increase_10,jppfs_cor:NetSales
948214,S100OSBF,jppfs_cor:IncomeTaxesCurrent,法人税、住民税及び事業税,increase_20,jppfs_cor:IncomeTaxes
948215,S100OSBF,jppfs_cor:NetSalesOfFinishedGoodsRevOA,製品売上高、営業活動による収益,increase_10,jppfs_cor:NetSales
948216,S100OSBF,jppfs_cor:GrossProfit,売上総利益又は売上総損失（△）,increase_10,jppfs_cor:OperatingIncome
948217,S100OSBF,jppfs_cor:ExtraordinaryLoss,特別損失,decrease_20,jppfs_cor:IncomeBeforeIncomeTaxes
948218,S100OSBF,jppfs_cor:ExtraordinaryIncome,特別利益,increase_10,jppfs_cor:IncomeBeforeIncomeTaxes
948219,S100OSBF,jppfs_cor:LossOnRetirementOfNoncurrentAssetsEL,固定資産除却損、特別損失,decrease_20,jppfs_cor:ExtraordinaryLoss
948220,S100OSBF,jppfs_cor:CashAndDeposits,現金及び預金,increase_10,jppfs_cor:CurrentAssets
948221,S100OSBF,jppfs_cor:DeferredTaxAssets,繰延税金資産,increase_20,jppfs_cor:InvestmentsAndOtherAssets
948222,S100OSBF,jppfs_cor:EndingFinishedGoodsCOS,製品期末棚卸高、売上原価,increase_20,jppfs_cor:CostOfFinishedGoodsSold
948223,S100OSBF,jppfs_cor:EndingGoodsCOS,商品期末棚卸高、売上原価,decrease_10,jppfs_cor:CostOfGoodsSold
948224,S100OSBF,jppfs_cor:IncomeTaxesDeferred,法人税等調整額,decrease_20,jppfs_cor:IncomeTaxes
948225,S100OSBF,jppfs_cor:CommissionForPurchaseOfTreasuryStockNOE,自己株式取得費用、営業外費用,new,jppfs_cor:NonOperatingExpenses
948226,S100OSBF,jppfs_cor:CommissionFeeNOI,受取手数料、営業外収益,increase_10,jppfs_cor:NonOperatingIncome
948227,S100OSBF,jppfs_cor:FinishedGoodsTransferToOtherAccountCOS,製品他勘定振替高、売上原価,stable,jppfs_cor:CostOfFinishedGoodsSold
948228,S100OSBF,jppfs_cor:CostOfSales,売上原価,increase_10,jppfs_cor:GrossProfit
948229,S100OSBF,jppfs_cor:OtherIA,その他、無形固定資産,increase_20,jppfs_cor:IntangibleAssets
948230,S100OSBF,jppfs_cor:InterestOnSecuritiesNOI,有価証券利息、営業外収益,stable,jppfs_cor:NonOperatingIncome
948231,S100OSBF,jppfs_cor:CapitalSurplus,資本剰余金,stable,jppfs_cor:ShareholdersEquity
948232,S100OSBF,jppfs_cor:RetainedEarnings,利益剰余金,stable,jppfs_cor:ShareholdersEquity
948233,S100OSBF,jppfs_cor:MachineryAndEquipment,機械及び装置,stable,jppfs_cor:MachineryAndEquipmentNet
948234,S100OSBF,jppfs_cor:ProvisionForBonuses,賞与引当金,increase_10,jppfs_cor:CurrentLiabilities
948235,S100OSBF,jppfs_cor:NoncurrentLiabilities,固定負債,increase_20,jppfs_cor:Liabilities
948236,S100OSBF,jppfs_cor:LongTermPrepaidExpenses,長期前払費用,decrease_10,jppfs_cor:InvestmentsAndOtherAssets
948237,S100OSBF,jppfs_cor:PropertyPlantAndEquipment,有形固定資産,stable,jppfs_cor:NoncurrentAssets
948238,S100OSBF,jppfs_cor:CostOfProductsManufactured,当期製品製造原価,increase_10,jppfs_cor:TotalBeginningFinishedGoodsAndCostOfProductsManufacturedForThePeriod
948239,S100OSBF,jppfs_cor:BeginningGoodsCOS,商品期首棚卸高、売上原価,decrease_10,jppfs_cor:TotalBeginningAndPurchaseOfGoods
948240,S100OSBF,jppfs_cor:DividendsIncomeNOI,受取配当金、営業外収益,decrease_10,jppfs_cor:NonOperatingIncome
948241,S100OSBF,jppfs_cor:PrepaidExpenses,前払費用,increase_20,jppfs_cor:CurrentAssets
948242,S100OSBF,jppfs_cor:ProvisionForRetirementBenefits,退職給付引当金,stable,jppfs_cor:NoncurrentLiabilities
948243,S100OSBF,jppfs_cor:RetainedEarningsBroughtForward,繰越利益剰余金,stable,jppfs_cor:RetainedEarnings
948244,S100OSBF,jpcrp030000-asr_E05483-000:PatentRightsIA,特許出願権等,decrease_20,jppfs_cor:IntangibleAssets
948245,S100OSBF,jppfs_cor:NonOperatingExpenses,営業外費用,new,jppfs_cor:OrdinaryIncome
948246,S100OSBF,jppfs_cor:NonOperatingIncome,営業外収益,decrease_20,jppfs_cor:OrdinaryIncome
948247,S100OSBF,jppfs_cor:Vehicles,車両運搬具,new,jppfs_cor:VehiclesNet
948248,S100OSBF,jppfs_cor:ConstructionInProgress,建設仮勘定,increase_20,jppfs_cor:PropertyPlantAndEquipment
948249,S100OSBF,jppfs_cor:OtherNOI,その他、営業外収益,decrease_20,jppfs_cor:NonOperatingIncome
948250,S100OSBF,jppfs_cor:LegalCapitalSurplus,資本準備金,stable,jppfs_cor:CapitalSurplus
948251,S100OSBF,jppfs_cor:OtherCapitalSurplus,その他資本剰余金,increase_20,jppfs_cor:CapitalSurplus
948252,S100OSBF,jppfs_cor:AccruedExpenses,未払費用,stable,jppfs_cor:CurrentLiabilities
948253,S100OSBF,jppfs_cor:RawMaterialsAndSupplies,原材料及び貯蔵品,stable,jppfs_cor:CurrentAssets
948254,S100OSBF,jppfs_cor:ValuationAndTranslationAdjustments,評価・換算差額等,increase_20,jppfs_cor:NetAssets
948255,S100OSBF,jppfs_cor:TreasuryStock,自己株式,increase_10,jppfs_cor:ShareholdersEquity
948256,S100OSBF,jppfs_cor:CurrentLiabilities,流動負債,increase_20,jppfs_cor:Liabilities
948257,S100OSBF,jppfs_cor:OtherCL,その他、流動負債,increase_20,jppfs_cor:CurrentLiabilities
948258,S100OSBF,jppfs_cor:OtherCA,その他、流動資産,decrease_20,jppfs_cor:CurrentAssets
948259,S100OSBF,jppfs_cor:CurrentAssets,流動資産,increase_10,jppfs_cor:Assets
948260,S100OSBF,jppfs_cor:TotalBeginningFinishedGoodsAndCostOfProductsManufacturedForThePeriod,合計、製品期首棚卸高及び当期製品製造原価,increase_10,jppfs_cor:CostOfFinishedGoodsSold
948261,S100OSBF,jppfs_cor:OtherNCL,その他、固定負債,new,jppfs_cor:NoncurrentLiabilities
948262,S100OSBF,jppfs_cor:NetSales,売上高,increase_10,jppfs_cor:GrossProfit
948263,S100OSBF,jppfs_cor:NoncurrentAssets,固定資産,stable,jppfs_cor:Assets
948264,S100OSBF,jppfs_cor:InvestmentsAndOtherAssets,投資その他の資産,increase_10,jppfs_cor:NoncurrentAssets
948265,S100OSBF,jppfs_cor:LegalRetainedEarnings,利益準備金,stable,jppfs_cor:RetainedEarnings
948266,S100OSBF,jppfs_cor:AccumulatedDepreciationMachineryAndEquipment,減価償却累計額、機械及び装置,stable,jppfs_cor:MachineryAndEquipmentNet
948267,S100OSBF,jppfs_cor:BeginningFinishedGoodsCOS,製品期首棚卸高、売上原価,increase_20,jppfs_cor:TotalBeginningFinishedGoodsAndCostOfProductsManufacturedForThePeriod
948268,S100OSBF,jppfs_cor:SellingGeneralAndAdministrativeExpenses,販売費及び一般管理費,increase_10,jppfs_cor:OperatingIncome
948269,S100OSBF,jppfs_cor:IncomeBeforeIncomeTaxes,税引前当期純利益又は税引前当期純損失（△）,increase_20,jppfs_cor:ProfitLoss
948270,S100OSBF,jppfs_cor:AccumulatedDepreciationVehicles,減価償却累計額、車両運搬具,increase_20,jppfs_cor:VehiclesNet
948271,S100OSBF,jppfs_cor:CapitalStock,資本金,stable,jppfs_cor:ShareholdersEquity
948272,S100OSBF,jppfs_cor:AdvancesReceived,前受金,decrease_20,jppfs_cor:CurrentLiabilities
948273,S100OSBF,jppfs_cor:AdvancePaymentsTrade,前渡金,new,jppfs_cor:CurrentAssets
948274,S100OSBF,jppfs_cor:AccountsReceivableTrade,売掛金,increase_10,jppfs_cor:CurrentAssets
948275,S100OSBF,jppfs_cor:Buildings,建物,stable,jppfs_cor:BuildingsNet
951772,S100OMGN,jppfs_cor:NonOperatingExpenses,営業外費用,increase_20,jppfs_cor:OrdinaryIncome
951773,S100OMGN,jppfs_cor:NonOperatingIncome,営業外収益,decrease_20,jppfs_cor:OrdinaryIncome
951774,S100OMGN,jppfs_cor:ExtraordinaryLoss,特別損失,new,jppfs_cor:IncomeBeforeIncomeTaxes
951775,S100OMGN,jppfs_cor:OtherCL,その他、流動負債,decrease_10,jppfs_cor:CurrentLiabilities
951776,S100OMGN,jppfs_cor:IncomeBeforeIncomeTaxes,税引前当期純利益又は税引前当期純損失（△）,stable,jppfs_cor:ProfitLoss
951777,S100OMGN,jpcrp030000-asr_E34486-000:EntertainmentAssociationExpensesSGA,接待交際費,stable,jppfs_cor:SellingGeneralAndAdministrativeExpenses
951778,S100OMGN,jppfs_cor:CostsOnUncompletedConstructionContractsCNS,未成工事支出金、建設業,decrease_10,jppfs_cor:CurrentAssets
951779,S100OMGN,jppfs_cor:DepreciationSGA,減価償却費、販売費及び一般管理費,increase_10,jppfs_cor:SellingGeneralAndAdministrativeExpenses
951780,S100OMGN,jppfs_cor:ProvisionForBonusesSGA,賞与引当金繰入額、販売費及び一般管理費,stable,jppfs_cor:SellingGeneralAndAdministrativeExpenses
951781,S100OMGN,jppfs_cor:AdvancesReceivedOnUncompletedConstructionContractsCNS,未成工事受入金、建設業,decrease_20,jppfs_cor:CurrentLiabilities
951782,S100OMGN,jppfs_cor:AllowanceForDoubtfulAccountsIOAByGroup,貸倒引当金、投資その他の資産、一括控除,stable,jppfs_cor:InvestmentsAndOtherAssets
951783,S100OMGN,jppfs_cor:IncomeTaxesCurrent,法人税、住民税及び事業税,decrease_10,jppfs_cor:IncomeTaxes
951784,S100OMGN,jppfs_cor:DepositsReceived,預り金,increase_10,jppfs_cor:CurrentLiabilities
951785,S100OMGN,jppfs_cor:RetainedEarningsBroughtForward,繰越利益剰余金,increase_10,jppfs_cor:RetainedEarnings
951786,S100OMGN,jppfs_cor:ProfitLoss,当期純利益又は当期純損失（△）（平成26年3月28日財規等改正後）,stable,top_account
951787,S100OMGN,jppfs_cor:ProvisionForRetirementBenefits,退職給付引当金,increase_10,jppfs_cor:NoncurrentLiabilities
951788,S100OMGN,jppfs_cor:AccountsPayableForConstructionContractsCNS,工事未払金、建設業,decrease_10,jppfs_cor:CurrentLiabilities
951789,S100OMGN,jppfs_cor:InvestmentSecurities,投資有価証券,stable,jppfs_cor:InvestmentsAndOtherAssets
951790,S100OMGN,jppfs_cor:Liabilities,負債,decrease_20,jppfs_cor:LiabilitiesAndNetAssets
951791,S100OMGN,jppfs_cor:SellingGeneralAndAdministrativeExpenses,販売費及び一般管理費,increase_10,jppfs_cor:OperatingIncome
951792,S100OMGN,jppfs_cor:RentIncomeNOI,受取賃貸料、営業外収益,decrease_10,jppfs_cor:NonOperatingIncome
951793,S100OMGN,jppfs_cor:NetSales,売上高,increase_10,jppfs_cor:GrossProfit
951794,S100OMGN,jppfs_cor:OtherIOA,その他、投資その他の資産,increase_10,jppfs_cor:InvestmentsAndOtherAssets
951795,S100OMGN,jppfs_cor:CompensationExpensesNOE,支払補償費、営業外費用,new,jppfs_cor:NonOperatingExpenses
951796,S100OMGN,jppfs_cor:ValuationDifferenceOnAvailableForSaleSecurities,その他有価証券評価差額金,decrease_20,jppfs_cor:ValuationAndTranslationAdjustments
951797,S100OMGN,jppfs_cor:AccountsReceivableFromCompletedConstructionContractsCNS,完成工事未収入金、建設業,decrease_20,jppfs_cor:CurrentAssets
951798,S100OMGN,jppfs_cor:Software,ソフトウエア,decrease_10,jppfs_cor:IntangibleAssets
951799,S100OMGN,jppfs_cor:OtherCA,その他、流動資産,increase_20,jppfs_cor:CurrentAssets
951800,S100OMGN,jppfs_cor:IncomeTaxesDeferred,法人税等調整額,decrease_20,jppfs_cor:IncomeTaxes
951801,S100OMGN,jppfs_cor:LossOnSalesOfNoncurrentAssetsEL,固定資産売却損、特別損失,new,jppfs_cor:ExtraordinaryLoss
951802,S100OMGN,jppfs_cor:OtherIA,その他、無形固定資産,stable,jppfs_cor:IntangibleAssets
951803,S100OMGN,jppfs_cor:ValuationAndTranslationAdjustments,評価・換算差額等,decrease_20,jppfs_cor:NetAssets
951804,S100OMGN,jppfs_cor:PayrollAndAllowancesSGA,給与手当、販売費及び一般管理費,increase_10,jppfs_cor:SellingGeneralAndAdministrativeExpenses
951805,S100OMGN,jppfs_cor:CapitalSurplus,資本剰余金,stable,jppfs_cor:ShareholdersEquity
951806,S100OMGN,jppfs_cor:LegalCapitalSurplus,資本準備金,stable,jppfs_cor:CapitalSurplus
951807,S100OMGN,jppfs_cor:RetainedEarnings,利益剰余金,increase_10,jppfs_cor:ShareholdersEquity
951808,S100OMGN,jppfs_cor:LegalRetainedEarnings,利益準備金,stable,jppfs_cor:RetainedEarnings
951809,S100OMGN,jppfs_cor:OtherSGA,その他、販売費及び一般管理費,increase_10,jppfs_cor:SellingGeneralAndAdministrativeExpenses
951810,S100OMGN,jppfs_cor:ProvisionForBonuses,賞与引当金,increase_10,jppfs_cor:CurrentLiabilities
951811,S100OMGN,jppfs_cor:CashAndDeposits,現金及び預金,increase_20,jppfs_cor:CurrentAssets
951812,S100OMGN,jppfs_cor:SoftwareInProgress,ソフトウエア仮勘定,increase_20,jppfs_cor:IntangibleAssets
951813,S100OMGN,jppfs_cor:DeferredTaxAssets,繰延税金資産,increase_10,jppfs_cor:InvestmentsAndOtherAssets
951814,S100OMGN,jppfs_cor:IncomeTaxesPayable,未払法人税等,decrease_20,jppfs_cor:CurrentLiabilities
951815,S100OMGN,jppfs_cor:IntangibleAssets,無形固定資産,increase_10,jppfs_cor:NoncurrentAssets
951816,S100OMGN,jppfs_cor:ProvisionForDirectorsRetirementBenefits,役員退職慰労引当金,increase_20,jppfs_cor:NoncurrentLiabilities
951817,S100OMGN,jppfs_cor:PropertyPlantAndEquipment,有形固定資産,stable,jppfs_cor:NoncurrentAssets
951818,S100OMGN,jppfs_cor:Land,土地,stable,jppfs_cor:PropertyPlantAndEquipment
951819,S100OMGN,jppfs_cor:InterestExpensesNOE,支払利息、営業外費用,increase_20,jppfs_cor:NonOperatingExpenses
951820,S100OMGN,jppfs_cor:AccruedConsumptionTaxes,未払消費税等,decrease_20,jppfs_cor:CurrentLiabilities
951821,S100OMGN,jppfs_cor:CapitalStock,資本金,stable,jppfs_cor:ShareholdersEquity
951822,S100OMGN,jppfs_cor:RetirementBenefitExpensesSGA,退職給付費用、販売費及び一般管理費,decrease_20,jppfs_cor:SellingGeneralAndAdministrativeExpenses
951823,S100OMGN,jppfs_cor:InterestAndDividendsIncomeNOI,受取利息及び配当金、営業外収益,decrease_10,jppfs_cor:NonOperatingIncome
951824,S100OMGN,jppfs_cor:CostOfLeaseRevenueNOE,賃貸収入原価、営業外費用,decrease_10,jppfs_cor:NonOperatingExpenses
951825,S100OMGN,jppfs_cor:ProvisionForDirectorsRetirementBenefitsSGA,役員退職慰労引当金繰入額、販売費及び一般管理費,decrease_10,jppfs_cor:SellingGeneralAndAdministrativeExpenses
951826,S100OMGN,jppfs_cor:ShareholdersEquity,株主資本,increase_10,jppfs_cor:NetAssets
951827,S100OMGN,jppfs_cor:OrdinaryIncome,経常利益又は経常損失（△）,stable,jppfs_cor:IncomeBeforeIncomeTaxes
951828,S100OMGN,jppfs_cor:PrepaidExpenses,前払費用,increase_10,jppfs_cor:CurrentAssets
951829,S100OMGN,jppfs_cor:OtherNOI,その他、営業外収益,decrease_20,jppfs_cor:NonOperatingIncome
951830,S100OMGN,jppfs_cor:LossOnRetirementOfNoncurrentAssetsEL,固定資産除却損、特別損失,new,jppfs_cor:ExtraordinaryLoss
951831,S100OMGN,jppfs_cor:NoncurrentAssets,固定資産,stable,jppfs_cor:Assets
951832,S100OMGN,jppfs_cor:OperatingIncome,営業利益又は営業損失（△）,stable,jppfs_cor:OrdinaryIncome
951833,S100OMGN,jppfs_cor:NotesReceivableTrade,受取手形,increase_10,jppfs_cor:CurrentAssets
951834,S100OMGN,jppfs_cor:TreasuryStock,自己株式,stable,jppfs_cor:ShareholdersEquity
951835,S100OMGN,jppfs_cor:GrossProfit,売上総利益又は売上総損失（△）,stable,jppfs_cor:OperatingIncome
951836,S100OMGN,jppfs_cor:CurrentAssets,流動資産,stable,jppfs_cor:Assets
951837,S100OMGN,jppfs_cor:CostOfSales,売上原価,increase_10,jppfs_cor:GrossProfit
951838,S100OMGN,jppfs_cor:AccruedExpenses,未払費用,increase_10,jppfs_cor:CurrentLiabilities
951839,S100OMGN,jppfs_cor:NoncurrentLiabilities,固定負債,increase_10,jppfs_cor:Liabilities
951840,S100OMGN,jppfs_cor:CurrentLiabilities,流動負債,decrease_20,jppfs_cor:Liabilities
951841,S100OMGN,jppfs_cor:OtherNCL,その他、固定負債,stable,jppfs_cor:NoncurrentLiabilities
951842,S100OMGN,jppfs_cor:IncomeTaxes,法人税等,stable,jppfs_cor:ProfitLoss
951843,S100OMGN,jppfs_cor:InvestmentsAndOtherAssets,投資その他の資産,stable,jppfs_cor:NoncurrentAssets
951844,S100OMGN,jppfs_cor:DirectorsCompensationsSGA,役員報酬、販売費及び一般管理費,stable,jppfs_cor:SellingGeneralAndAdministrativeExpenses
965359,S100OL9L,jppfs_cor:Vehicles,車両運搬具,increase_20,jppfs_cor:VehiclesNet
965360,S100OL9L,jppfs_cor:GuaranteeDepositsForOthersCASEC,その他の差入保証金、流動資産、第一種金融商品取引業,new,jppfs_cor:ShortTermGuaranteeDepositsCASEC
965361,S100OL9L,jppfs_cor:NetTradingIncomeORSEC,トレーディング損益、営業収益、第一種金融商品取引業,stable,jppfs_cor:OperatingRevenue1
965362,S100OL9L,jppfs_cor:SubsidyIncomeNOIBounty,助成金収入、営業外収益,decrease_20,jppfs_cor:NonOperatingIncome
965363,S100OL9L,jppfs_cor:TradingProductsCASEC,トレーディング商品、流動資産、第一種金融商品取引業,decrease_10,jppfs_cor:CurrentAssets
965364,S100OL9L,jppfs_cor:FiduciaryObligationFeeNOI,業務受託料、営業外収益,new,jppfs_cor:NonOperatingIncome
965365,S100OL9L,jppfs_cor:GuaranteeDepositsReceivedForOthersCLSEC,その他の受入保証金、流動負債、第一種金融商品取引業,new,jppfs_cor:GuaranteeDepositsReceivedCLSEC
965366,S100OL9L,jppfs_cor:IncomeBeforeIncomeTaxes,税引前当期純利益又は税引前当期純損失（△）,decrease_10,jppfs_cor:ProfitLoss
965367,S100OL9L,jppfs_cor:LongTermPrepaidExpenses,長期前払費用,new,jppfs_cor:InvestmentsAndOtherAssets
965368,S100OL9L,jppfs_cor:GuaranteeDepositsReceivedCLSEC,受入保証金、流動負債、第一種金融商品取引業,stable,jppfs_cor:CurrentLiabilities
965369,S100OL9L,jppfs_cor:AllowanceForDoubtfulAccountsCA,貸倒引当金、流動資産、一括控除,increase_10,jppfs_cor:CurrentAssets
965370,S100OL9L,jppfs_cor:GuaranteeDepositsIOA,差入保証金、投資その他の資産,stable,jppfs_cor:InvestmentsAndOtherAssets
965371,S100OL9L,jppfs_cor:ProfitLossAttributableToOwnersOfParent,親会社株主に帰属する当期純利益又は親会社株主に帰属する当期純損失（△）,decrease_10,not_common_account
965372,S100OL9L,jppfs_cor:TradingProductsCLSEC,トレーディング商品、流動負債、第一種金融商品取引業,increase_20,jppfs_cor:CurrentLiabilities
965373,S100OL9L,jppfs_cor:OtherIOA,その他、投資その他の資産,decrease_20,jppfs_cor:InvestmentsAndOtherAssets
965374,S100OL9L,jpcrp030000-asr_E32109-000:ForeignExchangeDealingsAccruedExpenses,外国為替取引未払費用,decrease_10,jppfs_cor:AccruedExpenses
965375,S100OL9L,jppfs_cor:FinancialExpensesSEC,金融費用、第一種金融商品取引業,decrease_10,jppfs_cor:NetOperatingRevenueSEC
965376,S100OL9L,jppfs_cor:Software,ソフトウエア,increase_20,jppfs_cor:IntangibleAssets
965377,S100OL9L,jpcrp030000-asr_E32109-000:CashSegregatedAsDepositsForCustomers,顧客区分管理信託,increase_10,jppfs_cor:CashSegregatedAsDepositsCASEC
965378,S100OL9L,jppfs_cor:AllowanceForDoubtfulAccountsIOAByGroup,貸倒引当金、投資その他の資産、一括控除,decrease_20,jppfs_cor:InvestmentsAndOtherAssets
965379,S100OL9L,jppfs_cor:LongTermAccountsPayableOther,長期未払金,decrease_10,jppfs_cor:NoncurrentLiabilities
965380,S100OL9L,jpcrp030000-asr_E32109-000:AccumulatedDepreciationEquipment,減価償却累計額,increase_10,jpcrp030000-asr_E32109-000:EquipmentNet
965381,S100OL9L,jppfs_cor:PropertyPlantAndEquipment,有形固定資産,stable,jppfs_cor:NoncurrentAssets
965382,S100OL9L,jppfs_cor:CashSegregatedAsDepositsCASEC,預託金、流動資産、第一種金融商品取引業,increase_10,jppfs_cor:CurrentAssets
965383,S100OL9L,jppfs_cor:ValuationAndTranslationAdjustments,評価・換算差額等,new,jppfs_cor:NetAssets
965384,S100OL9L,jppfs_cor:ForeignCurrencyTranslationAdjustment,為替換算調整勘定,new,jppfs_cor:ValuationAndTranslationAdjustments
965385,S100OL9L,jpcrp030000-asr_E32109-000:ConsumptionTaxesReceivableCA,未収還付消費税等,increase_10,jppfs_cor:CurrentAssets
965386,S100OL9L,jppfs_cor:FinancialRevenueORSEC,金融収益、営業収益、第一種金融商品取引業,decrease_10,jppfs_cor:OperatingRevenue1
965387,S100OL9L,jppfs_cor:NonOperatingIncome,営業外収益,decrease_20,jppfs_cor:OrdinaryIncome
965388,S100OL9L,jppfs_cor:NonOperatingExpenses,営業外費用,increase_20,jppfs_cor:OrdinaryIncome
965389,S100OL9L,jppfs_cor:LongTermLoansPayable,長期借入金,new,jppfs_cor:NoncurrentLiabilities
965390,S100OL9L,jppfs_cor:IncomeTaxesPayable,未払法人税等,decrease_20,jppfs_cor:CurrentLiabilities
965391,S100OL9L,jppfs_cor:NetDefinedBenefitLiability,退職給付に係る負債,stable,jppfs_cor:NoncurrentLiabilities
965392,S100OL9L,jppfs_cor:InvestmentsAndOtherAssets,投資その他の資産,decrease_10,jppfs_cor:NoncurrentAssets
965393,S100OL9L,jppfs_cor:DerivativesCASEC,デリバティブ取引、流動資産、第一種金融商品取引業,decrease_10,jppfs_cor:TradingProductsCASEC
965394,S100OL9L,jppfs_cor:DerivativesCLSEC,デリバティブ取引、流動負債、第一種金融商品取引業,increase_20,jppfs_cor:TradingProductsCLSEC
965395,S100OL9L,jppfs_cor:IntangibleAssets,無形固定資産,increase_20,jppfs_cor:NoncurrentAssets
965396,S100OL9L,jppfs_cor:OrdinaryIncome,経常利益又は経常損失（△）,decrease_10,jppfs_cor:IncomeBeforeIncomeTaxes
965397,S100OL9L,jppfs_cor:DeferredTaxAssets,繰延税金資産,decrease_10,jppfs_cor:InvestmentsAndOtherAssets
965398,S100OL9L,jppfs_cor:MarginDepositsReceivedForForeignExchangeSEC,外国為替受入証拠金、第一種金融商品取引業,stable,jppfs_cor:GuaranteeDepositsReceivedCLSEC
965399,S100OL9L,jppfs_cor:IncomeTaxesDeferred,法人税等調整額,decrease_20,jppfs_cor:IncomeTaxes
965400,S100OL9L,jppfs_cor:OperatingIncome,営業利益又は営業損失（△）,decrease_10,jppfs_cor:OrdinaryIncome
965401,S100OL9L,jppfs_cor:OtherIA,その他、無形固定資産,stable,jppfs_cor:IntangibleAssets
965402,S100OL9L,jppfs_cor:ShortTermGuaranteeDepositsCASEC,短期差入保証金、流動資産、第一種金融商品取引業,stable,jppfs_cor:CurrentAssets
965403,S100OL9L,jpcrp030000-asr_E32109-000:ForeignExchangeDealingsAccruedIncome,外国為替取引未収収益,stable,jppfs_cor:AccruedIncome
965404,S100OL9L,jppfs_cor:AccumulatedDepreciationBuildings,減価償却累計額、建物,increase_10,jppfs_cor:BuildingsNet
965405,S100OL9L,jppfs_cor:CashAndDeposits,現金及び預金,stable,jppfs_cor:CurrentAssets
965406,S100OL9L,jppfs_cor:CashSegregatedAsDepositsForCustomersCASEC,顧客分別金信託、流動資産、第一種金融商品取引業,new,jppfs_cor:CashSegregatedAsDepositsCASEC
965407,S100OL9L,jppfs_cor:MarginForForeignExchangeSEC,外国為替差入証拠金、第一種金融商品取引業,stable,jppfs_cor:ShortTermGuaranteeDepositsCASEC
965408,S100OL9L,jppfs_cor:ProfitLoss,当期純利益又は当期純損失（△）（平成26年3月28日財規等改正後）,decrease_10,top_account
965409,S100OL9L,jppfs_cor:OtherSalesRevOA,その他の売上高、営業活動による収益,new,jppfs_cor:OperatingRevenue1
965410,S100OL9L,jppfs_cor:ExtraordinaryLoss,特別損失,decrease_20,jppfs_cor:IncomeBeforeIncomeTaxes
965411,S100OL9L,jppfs_cor:IncomeTaxes,法人税等,decrease_10,jppfs_cor:ProfitLoss
965412,S100OL9L,jppfs_cor:ExtraordinaryIncome,特別利益,new,jppfs_cor:IncomeBeforeIncomeTaxes
965413,S100OL9L,jppfs_cor:Liabilities,負債,stable,jppfs_cor:LiabilitiesAndNetAssets
965414,S100OL9L,jppfs_cor:ProvisionForBonuses,賞与引当金,decrease_10,jppfs_cor:CurrentLiabilities
965415,S100OL9L,jppfs_cor:CostOfSales,売上原価,new,jppfs_cor:NetOperatingRevenueSEC
965416,S100OL9L,jppfs_cor:AssetRetirementObligationsNCL,資産除去債務、固定負債,stable,jppfs_cor:NoncurrentLiabilities
965417,S100OL9L,jpcrp030000-asr_E32109-000:Equipment,器具備品,stable,jpcrp030000-asr_E32109-000:EquipmentNet
965418,S100OL9L,jppfs_cor:RetainedEarnings,利益剰余金,increase_10,jppfs_cor:ShareholdersEquity
965419,S100OL9L,jppfs_cor:AccumulatedDepreciationVehicles,減価償却累計額、車両運搬具,decrease_20,jppfs_cor:VehiclesNet
965420,S100OL9L,jppfs_cor:CapitalSurplus,資本剰余金,increase_10,jppfs_cor:ShareholdersEquity
965421,S100OL9L,jppfs_cor:AccruedIncome,未収収益,stable,jppfs_cor:CurrentAssets
965422,S100OL9L,jppfs_cor:OtherNOI,その他、営業外収益,increase_20,jppfs_cor:NonOperatingIncome
965423,S100OL9L,jppfs_cor:LossOnRetirementOfNoncurrentAssetsEL,固定資産除却損、特別損失,decrease_20,jppfs_cor:ExtraordinaryLoss
965424,S100OL9L,jpcrp030000-asr_E32109-000:OtherAccruedIncome,その他の未収収益,new,jppfs_cor:AccruedIncome
965425,S100OL9L,jpcrp030000-asr_E32109-000:OtherAccruedExpenses,その他の未払費用,stable,jppfs_cor:AccruedExpenses
965426,S100OL9L,jppfs_cor:CurrentAssets,流動資産,stable,jppfs_cor:Assets
965427,S100OL9L,jppfs_cor:GainOnSalesOfNoncurrentAssetsEI,固定資産売却益、特別利益,new,jppfs_cor:ExtraordinaryIncome
965428,S100OL9L,jppfs_cor:ShortTermLoansPayable,短期借入金,stable,jppfs_cor:CurrentLiabilities
965429,S100OL9L,jppfs_cor:CurrentLiabilities,流動負債,stable,jppfs_cor:Liabilities
965430,S100OL9L,jppfs_cor:IncomeTaxesCurrent,法人税、住民税及び事業税,decrease_10,jppfs_cor:IncomeTaxes
965431,S100OL9L,jppfs_cor:ShareholdersEquity,株主資本,increase_10,jppfs_cor:NetAssets
965432,S100OL9L,jppfs_cor:TreasuryStock,自己株式,stable,jppfs_cor:ShareholdersEquity
965433,S100OL9L,jppfs_cor:NoncurrentAssets,固定資産,stable,jppfs_cor:Assets
965434,S100OL9L,jppfs_cor:OperatingRevenue1,営業収益,stable,jppfs_cor:NetOperatingRevenueSEC
965435,S100OL9L,jppfs_cor:NoncurrentLiabilities,固定負債,increase_20,jppfs_cor:Liabilities
965436,S100OL9L,jppfs_cor:ReversalOfAllowanceForDoubtfulAccountsNOI,貸倒引当金戻入額、営業外収益,new,jppfs_cor:NonOperatingIncome
965437,S100OL9L,jppfs_cor:OtherCA,その他、流動資産,new,jppfs_cor:CurrentAssets
965438,S100OL9L,jppfs_cor:OtherCL,その他、流動負債,increase_20,jppfs_cor:CurrentLiabilities
965439,S100OL9L,jppfs_cor:AccountsReceivableOther,未収入金,increase_20,jppfs_cor:CurrentAssets
965440,S100OL9L,jppfs_cor:PrepaidExpenses,前払費用,decrease_10,jppfs_cor:CurrentAssets
965441,S100OL9L,jppfs_cor:CapitalStock,資本金,increase_10,jppfs_cor:ShareholdersEquity
965442,S100OL9L,jppfs_cor:ForeignExchangeLossesNOE,為替差損、営業外費用,increase_20,jppfs_cor:NonOperatingExpenses
965443,S100OL9L,jppfs_cor:TradeDateAccrualCASEC,約定見返勘定、流動資産、第一種金融商品取引業,decrease_10,jppfs_cor:CurrentAssets
965444,S100OL9L,jppfs_cor:TradeDateAccrualCLSEC,約定見返勘定、流動負債、第一種金融商品取引業,decrease_20,jppfs_cor:CurrentLiabilities
965445,S100OL9L,jppfs_cor:AccountsPayableOther,未払金,increase_20,jppfs_cor:CurrentLiabilities
965446,S100OL9L,jppfs_cor:AccruedExpenses,未払費用,decrease_10,jppfs_cor:CurrentLiabilities
965447,S100OL9L,jppfs_cor:Supplies,貯蔵品,decrease_10,jppfs_cor:CurrentAssets
965448,S100OL9L,jppfs_cor:NetOperatingRevenueSEC,純営業収益、第一種金融商品取引業,stable,jppfs_cor:OperatingIncome
965449,S100OL9L,jppfs_cor:SellingGeneralAndAdministrativeExpenses,販売費及び一般管理費,stable,jppfs_cor:OperatingIncome
965450,S100OL9L,jppfs_cor:Buildings,建物,stable,jppfs_cor:BuildingsNet
1006751,S100OIMW,jppfs_cor:CurrentLiabilities,流動負債,decrease_20,jppfs_cor:Liabilities
1006752,S100OIMW,jppfs_cor:TreasuryStock,自己株式,stable,jppfs_cor:ShareholdersEquity
1006753,S100OIMW,jppfs_cor:NonOperatingExpenses,営業外費用,decrease_10,jppfs_cor:OrdinaryIncome
1006754,S100OIMW,jppfs_cor:NonOperatingIncome,営業外収益,decrease_10,jppfs_cor:OrdinaryIncome
1006755,S100OIMW,jppfs_cor:GrossProfit,売上総利益又は売上総損失（△）,increase_10,jppfs_cor:OperatingIncome
1006756,S100OIMW,jppfs_cor:ShareholdersEquity,株主資本,stable,jppfs_cor:NetAssets
1006757,S100OIMW,jppfs_cor:AccountsReceivableTrade,売掛金,new,jppfs_cor:CurrentAssets
1006758,S100OIMW,jppfs_cor:IncomeTaxesDeferred,法人税等調整額,new,jppfs_cor:IncomeTaxes
1006759,S100OIMW,jppfs_cor:AccumulatedDepreciationMachineryEquipmentAndVehicles,減価償却累計額、機械装置及び運搬具,stable,jppfs_cor:MachineryEquipmentAndVehiclesNet
1006760,S100OIMW,jppfs_cor:NotesReceivableTrade,受取手形,new,jppfs_cor:CurrentAssets
1006761,S100OIMW,jppfs_cor:LossOnRetirementOfNoncurrentAssetsEL,固定資産除却損、特別損失,decrease_20,jppfs_cor:ExtraordinaryLoss
1006762,S100OIMW,jppfs_cor:ValuationDifferenceOnAvailableForSaleSecurities,その他有価証券評価差額金,decrease_10,jppfs_cor:ValuationAndTranslationAdjustments
1006763,S100OIMW,jppfs_cor:OtherIOA,その他、投資その他の資産,stable,jppfs_cor:InvestmentsAndOtherAssets
1006764,S100OIMW,jppfs_cor:LeaseAssetsPPE,リース資産、有形固定資産,stable,jppfs_cor:LeaseAssetsNetPPE
1006765,S100OIMW,jppfs_cor:AccumulatedDepreciationOtherPPE,減価償却累計額、その他、有形固定資産,stable,jppfs_cor:OtherNetPPE
1006766,S100OIMW,jppfs_cor:RetainedEarnings,利益剰余金,increase_10,jppfs_cor:ShareholdersEquity
1006767,S100OIMW,jppfs_cor:ProvisionForDirectorsBonuses,役員賞与引当金,increase_20,jppfs_cor:CurrentLiabilities
1006768,S100OIMW,jppfs_cor:BuildingsAndStructures,建物及び構築物,stable,jppfs_cor:BuildingsAndStructuresNet
1006769,S100OIMW,jppfs_cor:ShortTermLoansPayable,短期借入金,decrease_20,jppfs_cor:CurrentLiabilities
1006770,S100OIMW,jppfs_cor:CapitalSurplus,資本剰余金,stable,jppfs_cor:ShareholdersEquity
1006771,S100OIMW,jppfs_cor:ConstructionInProgress,建設仮勘定,decrease_20,jppfs_cor:PropertyPlantAndEquipment
1006772,S100OIMW,jppfs_cor:ProvisionForBonuses,賞与引当金,stable,jppfs_cor:CurrentLiabilities
1006773,S100OIMW,jppfs_cor:LongTermLoansPayable,長期借入金,stable,jppfs_cor:NoncurrentLiabilities
1006774,S100OIMW,jppfs_cor:ElectronicallyRecordedObligationsOperatingCL,電子記録債務、流動負債,decrease_10,jppfs_cor:CurrentLiabilities
1006775,S100OIMW,jppfs_cor:ProfitLoss,当期純利益又は当期純損失（△）（平成26年3月28日財規等改正後）,increase_20,top_account
1006776,S100OIMW,jppfs_cor:ProfitLossAttributableToOwnersOfParent,親会社株主に帰属する当期純利益又は親会社株主に帰属する当期純損失（△）,increase_20,not_common_account
1006777,S100OIMW,jppfs_cor:LeaseAssetsIA,リース資産、無形固定資産,stable,jppfs_cor:IntangibleAssets
1006778,S100OIMW,jppfs_cor:IncomeTaxesCurrent,法人税、住民税及び事業税,increase_10,jppfs_cor:IncomeTaxes
1006779,S100OIMW,jppfs_cor:NoncurrentLiabilities,固定負債,decrease_10,jppfs_cor:Liabilities
1006780,S100OIMW,jppfs_cor:DividendsIncomeNOI,受取配当金、営業外収益,stable,jppfs_cor:NonOperatingIncome
1006781,S100OIMW,jppfs_cor:NoncurrentAssets,固定資産,decrease_10,jppfs_cor:Assets
1006782,S100OIMW,jppfs_cor:AccumulatedDepreciationLeaseAssetsPPE,減価償却累計額、リース資産、有形固定資産,increase_20,jppfs_cor:LeaseAssetsNetPPE
1006783,S100OIMW,jppfs_cor:SellingGeneralAndAdministrativeExpenses,販売費及び一般管理費,stable,jppfs_cor:OperatingIncome
1006784,S100OIMW,jppfs_cor:MerchandiseAndFinishedGoods,商品及び製品,increase_20,jppfs_cor:CurrentAssets
1006785,S100OIMW,jppfs_cor:Software,ソフトウエア,decrease_20,jppfs_cor:IntangibleAssets
1006786,S100OIMW,jppfs_cor:PropertyPlantAndEquipment,有形固定資産,stable,jppfs_cor:NoncurrentAssets
1006787,S100OIMW,jppfs_cor:IntangibleAssets,無形固定資産,decrease_20,jppfs_cor:NoncurrentAssets
1006788,S100OIMW,jppfs_cor:InvestmentSecurities,投資有価証券,decrease_10,jppfs_cor:InvestmentsAndOtherAssets
1006789,S100OIMW,jppfs_cor:GainOnSalesOfNoncurrentAssetsEI,固定資産売却益、特別利益,new,jppfs_cor:ExtraordinaryIncome
1006790,S100OIMW,jppfs_cor:CashAndDeposits,現金及び預金,decrease_20,jppfs_cor:CurrentAssets
1006791,S100OIMW,jppfs_cor:DeferredTaxLiabilities,繰延税金負債,decrease_20,jppfs_cor:NoncurrentLiabilities
1006792,S100OIMW,jppfs_cor:InterestExpensesNOE,支払利息、営業外費用,decrease_20,jppfs_cor:NonOperatingExpenses
1006793,S100OIMW,jppfs_cor:InterestIncomeNOI,受取利息、営業外収益,decrease_20,jppfs_cor:NonOperatingIncome
1006794,S100OIMW,jppfs_cor:ForeignExchangeLossesNOE,為替差損、営業外費用,new,jppfs_cor:NonOperatingExpenses
1006795,S100OIMW,jppfs_cor:CompensationIncomeNOI,受取補償金、営業外収益,decrease_20,jppfs_cor:NonOperatingIncome
1006796,S100OIMW,jppfs_cor:IncomeBeforeIncomeTaxes,税引前当期純利益又は税引前当期純損失（△）,increase_20,jppfs_cor:ProfitLoss
1006797,S100OIMW,jppfs_cor:RawMaterialsAndSupplies,原材料及び貯蔵品,increase_20,jppfs_cor:CurrentAssets
1006798,S100OIMW,jppfs_cor:ExtraordinaryIncome,特別利益,new,jppfs_cor:IncomeBeforeIncomeTaxes
1006799,S100OIMW,jppfs_cor:CurrentAssets,流動資産,decrease_10,jppfs_cor:Assets
1006800,S100OIMW,jppfs_cor:CapitalStock,資本金,stable,jppfs_cor:ShareholdersEquity
1006801,S100OIMW,jppfs_cor:WorkInProcess,仕掛品,increase_10,jppfs_cor:CurrentAssets
1006802,S100OIMW,jppfs_cor:Land,土地,stable,jppfs_cor:PropertyPlantAndEquipment
1006803,S100OIMW,jppfs_cor:Liabilities,負債,decrease_20,jppfs_cor:LiabilitiesAndNetAssets
1006804,S100OIMW,jppfs_cor:CurrentPortionOfLongTermLoansPayable,１年内返済予定の長期借入金,stable,jppfs_cor:CurrentLiabilities
1006805,S100OIMW,jppfs_cor:ExtraordinaryLoss,特別損失,decrease_20,jppfs_cor:IncomeBeforeIncomeTaxes
1006806,S100OIMW,jppfs_cor:NetSales,売上高,decrease_10,jppfs_cor:GrossProfit
1006807,S100OIMW,jppfs_cor:OperatingIncome,営業利益又は営業損失（△）,increase_20,jppfs_cor:OrdinaryIncome
1006808,S100OIMW,jppfs_cor:NotesAndAccountsPayableTrade,支払手形及び買掛金,stable,jppfs_cor:CurrentLiabilities
1006809,S100OIMW,jppfs_cor:MachineryEquipmentAndVehicles,機械装置及び運搬具,increase_10,jppfs_cor:MachineryEquipmentAndVehiclesNet
1006810,S100OIMW,jppfs_cor:OrdinaryIncome,経常利益又は経常損失（△）,increase_20,jppfs_cor:IncomeBeforeIncomeTaxes
1006811,S100OIMW,jppfs_cor:MiscellaneousIncomeNOI,雑収入、営業外収益,decrease_10,jppfs_cor:NonOperatingIncome
1006812,S100OIMW,jppfs_cor:LeaseObligationsCL,リース債務、流動負債,increase_10,jppfs_cor:CurrentLiabilities
1006813,S100OIMW,jppfs_cor:LeaseObligationsNCL,リース債務、固定負債,decrease_10,jppfs_cor:NoncurrentLiabilities
1006814,S100OIMW,jppfs_cor:OtherIA,その他、無形固定資産,decrease_20,jppfs_cor:IntangibleAssets
1006815,S100OIMW,jppfs_cor:OtherPPE,その他、有形固定資産,stable,jppfs_cor:OtherNetPPE
1006816,S100OIMW,jppfs_cor:InvestmentsAndOtherAssets,投資その他の資産,decrease_10,jppfs_cor:NoncurrentAssets
1006817,S100OIMW,jppfs_cor:ForeignCurrencyTranslationAdjustment,為替換算調整勘定,new,jppfs_cor:ValuationAndTranslationAdjustments
1006818,S100OIMW,jppfs_cor:MiscellaneousLossNOE,雑損失、営業外費用,decrease_20,jppfs_cor:NonOperatingExpenses
1006819,S100OIMW,jppfs_cor:OtherNCL,その他、固定負債,increase_10,jppfs_cor:NoncurrentLiabilities
1006820,S100OIMW,jppfs_cor:ValuationAndTranslationAdjustments,評価・換算差額等,decrease_10,jppfs_cor:NetAssets
1006821,S100OIMW,jppfs_cor:OtherCA,その他、流動資産,new,jppfs_cor:CurrentAssets
1006822,S100OIMW,jppfs_cor:OtherCL,その他、流動負債,decrease_20,jppfs_cor:CurrentLiabilities
1006823,S100OIMW,jppfs_cor:CostOfSales,売上原価,decrease_10,jppfs_cor:GrossProfit
1006824,S100OIMW,jppfs_cor:IncomeTaxesPayable,未払法人税等,increase_20,jppfs_cor:CurrentLiabilities
1006825,S100OIMW,jppfs_cor:IncomeTaxes,法人税等,increase_20,jppfs_cor:ProfitLoss
1006826,S100OIMW,jppfs_cor:AccumulatedDepreciationBuildingsAndStructures,減価償却累計額、建物及び構築物,increase_10,jppfs_cor:BuildingsAndStructuresNet
1046985,S100OG4R,jppfs_cor:ValuationDifferenceOnAvailableForSaleSecurities,その他有価証券評価差額金,increase_20,jppfs_cor:ValuationAndTranslationAdjustments
1046986,S100OG4R,jppfs_cor:NoncurrentLiabilities,固定負債,decrease_20,jppfs_cor:Liabilities
1046987,S100OG4R,jppfs_cor:OtherIOA,その他、投資その他の資産,decrease_10,jppfs_cor:InvestmentsAndOtherAssets
1046988,S100OG4R,jppfs_cor:NonOperatingExpenses,営業外費用,stable,jppfs_cor:OrdinaryIncome
1046989,S100OG4R,jppfs_cor:NonOperatingIncome,営業外収益,increase_20,jppfs_cor:OrdinaryIncome
1046990,S100OG4R,jppfs_cor:ShareholdersEquity,株主資本,stable,jppfs_cor:NetAssets
1046991,S100OG4R,jppfs_cor:CurrentPortionOfLongTermLoansPayable,１年内返済予定の長期借入金,new,jppfs_cor:CurrentLiabilities
1046992,S100OG4R,jppfs_cor:AllowanceForDoubtfulAccountsIOAByGroup,貸倒引当金、投資その他の資産、一括控除,stable,jppfs_cor:InvestmentsAndOtherAssets
1046993,S100OG4R,jppfs_cor:AllowanceForDoubtfulAccountsCA,貸倒引当金、流動資産、一括控除,increase_20,jppfs_cor:CurrentAssets
1046994,S100OG4R,jppfs_cor:AccruedConsumptionTaxes,未払消費税等,decrease_20,jppfs_cor:CurrentLiabilities
1046995,S100OG4R,jppfs_cor:CapitalStock,資本金,stable,jppfs_cor:ShareholdersEquity
1046996,S100OG4R,jppfs_cor:CurrentAssets,流動資産,stable,jppfs_cor:Assets
1046997,S100OG4R,jppfs_cor:TreasuryStock,自己株式,increase_20,jppfs_cor:ShareholdersEquity
1046998,S100OG4R,jppfs_cor:ContributionNOE,寄付金、営業外費用,stable,jppfs_cor:NonOperatingExpenses
1046999,S100OG4R,jppfs_cor:PenaltyIncomeEI,違約金収入、特別利益,decrease_20,jppfs_cor:ExtraordinaryIncome
1047000,S100OG4R,jppfs_cor:SellingGeneralAndAdministrativeExpenses,販売費及び一般管理費,stable,jppfs_cor:OperatingIncome
1047001,S100OG4R,jppfs_cor:AssetRetirementObligationsNCL,資産除去債務、固定負債,increase_10,jppfs_cor:NoncurrentLiabilities
1047002,S100OG4R,jppfs_cor:InterestAndDividendsIncomeNOI,受取利息及び配当金、営業外収益,stable,jppfs_cor:NonOperatingIncome
1047003,S100OG4R,jppfs_cor:ConvertibleBondTypeBondsWithSubscriptionRightsToShares,転換社債型新株予約権付社債,stable,jppfs_cor:NoncurrentLiabilities
1047004,S100OG4R,jppfs_cor:ContractLiabilities,契約負債,new,jppfs_cor:CurrentLiabilities
1047005,S100OG4R,jppfs_cor:RetainedEarnings,利益剰余金,increase_10,jppfs_cor:ShareholdersEquity
1047006,S100OG4R,jppfs_cor:Liabilities,負債,decrease_10,jppfs_cor:LiabilitiesAndNetAssets
1047007,S100OG4R,jppfs_cor:Land,土地,stable,jppfs_cor:PropertyPlantAndEquipment
1047008,S100OG4R,jppfs_cor:IntangibleAssets,無形固定資産,decrease_10,jppfs_cor:NoncurrentAssets
1047009,S100OG4R,jppfs_cor:MerchandiseAndFinishedGoods,商品及び製品,increase_10,jppfs_cor:CurrentAssets
1047010,S100OG4R,jppfs_cor:CapitalSurplus,資本剰余金,stable,jppfs_cor:ShareholdersEquity
1047011,S100OG4R,jppfs_cor:IncomeTaxesCurrent,法人税、住民税及び事業税,decrease_20,jppfs_cor:IncomeTaxes
1047012,S100OG4R,jppfs_cor:DeferredTaxAssets,繰延税金資産,decrease_10,jppfs_cor:InvestmentsAndOtherAssets
1047013,S100OG4R,jppfs_cor:OperatingIncome,営業利益又は営業損失（△）,decrease_20,jppfs_cor:OrdinaryIncome
1047014,S100OG4R,jppfs_cor:ShortTermLoansPayable,短期借入金,decrease_10,jppfs_cor:CurrentLiabilities
1047015,S100OG4R,jppfs_cor:Goodwill,のれん,decrease_20,jppfs_cor:IntangibleAssets
1047016,S100OG4R,jppfs_cor:OfficeWorkFeeNOI,受取事務手数料、営業外収益,stable,jppfs_cor:NonOperatingIncome
1047017,S100OG4R,jppfs_cor:EquityInLossesOfAffiliatesNOE,持分法による投資損失、営業外費用,decrease_20,jppfs_cor:NonOperatingExpenses
1047018,S100OG4R,jppfs_cor:ConstructionInProgress,建設仮勘定,decrease_20,jppfs_cor:PropertyPlantAndEquipment
1047019,S100OG4R,jppfs_cor:CurrentLiabilities,流動負債,increase_10,jppfs_cor:Liabilities
1047020,S100OG4R,jppfs_cor:InvestmentsAndOtherAssets,投資その他の資産,decrease_10,jppfs_cor:NoncurrentAssets
1047021,S100OG4R,jppfs_cor:GrossProfit,売上総利益又は売上総損失（△）,decrease_10,jppfs_cor:OperatingIncome
1047022,S100OG4R,jppfs_cor:DeferredTaxLiabilities,繰延税金負債,decrease_20,jppfs_cor:NoncurrentLiabilities
1047023,S100OG4R,jppfs_cor:RemeasurementsOfDefinedBenefitPlans,退職給付に係る調整累計額,decrease_20,jppfs_cor:ValuationAndTranslationAdjustments
1047024,S100OG4R,jppfs_cor:RevaluationReserveForLand,土地再評価差額金,stable,jppfs_cor:ValuationAndTranslationAdjustments
1047025,S100OG4R,jppfs_cor:ProfitLossAttributableToOwnersOfParent,親会社株主に帰属する当期純利益又は親会社株主に帰属する当期純損失（△）,decrease_20,not_common_account
1047026,S100OG4R,jppfs_cor:OtherEL,その他、特別損失,decrease_20,jppfs_cor:ExtraordinaryLoss
1047027,S100OG4R,jppfs_cor:ValuationAndTranslationAdjustments,評価・換算差額等,decrease_10,jppfs_cor:NetAssets
1047028,S100OG4R,jppfs_cor:IncomeTaxesPayable,未払法人税等,decrease_20,jppfs_cor:CurrentLiabilities
1047029,S100OG4R,jppfs_cor:OtherNCL,その他、固定負債,stable,jppfs_cor:NoncurrentLiabilities
1047030,S100OG4R,jppfs_cor:OtherCL,その他、流動負債,decrease_20,jppfs_cor:CurrentLiabilities
1047031,S100OG4R,jppfs_cor:NotesReceivableTrade,受取手形,new,jppfs_cor:CurrentAssets
1047032,S100OG4R,jppfs_cor:InterestExpensesNOE,支払利息、営業外費用,stable,jppfs_cor:NonOperatingExpenses
1047033,S100OG4R,jppfs_cor:NotesAndAccountsPayableTrade,支払手形及び買掛金,increase_10,jppfs_cor:CurrentLiabilities
1047034,S100OG4R,jppfs_cor:LossOnCancellationOfLeaseholdContractsEL,賃貸借契約解約損、特別損失,decrease_20,jppfs_cor:ExtraordinaryLoss
1047035,S100OG4R,jppfs_cor:InvestmentSecurities,投資有価証券,increase_20,jppfs_cor:InvestmentsAndOtherAssets
1047036,S100OG4R,jppfs_cor:IncomeTaxes,法人税等,decrease_20,jppfs_cor:ProfitLoss
1047037,S100OG4R,jppfs_cor:LossOnRetirementOfNoncurrentAssetsEL,固定資産除却損、特別損失,decrease_20,jppfs_cor:ExtraordinaryLoss
1047038,S100OG4R,jppfs_cor:GainOnSalesOfInvestmentSecuritiesEI,投資有価証券売却益、特別利益,new,jppfs_cor:ExtraordinaryIncome
1047039,S100OG4R,jppfs_cor:GainOnSalesOfSubsidiariesAndAffiliatesStocksEI,関係会社株式売却益、特別利益,new,jppfs_cor:ExtraordinaryIncome
1047040,S100OG4R,jppfs_cor:GainOnSalesOfNoncurrentAssetsEI,固定資産売却益、特別利益,new,jppfs_cor:ExtraordinaryIncome
1047041,S100OG4R,jppfs_cor:LossOnSalesOfNoncurrentAssetsEL,固定資産売却損、特別損失,stable,jppfs_cor:ExtraordinaryLoss
1047042,S100OG4R,jppfs_cor:NetSales,売上高,decrease_10,jppfs_cor:GrossProfit
1047043,S100OG4R,jppfs_cor:IncomeTaxesDeferred,法人税等調整額,decrease_20,jppfs_cor:IncomeTaxes
1047044,S100OG4R,jppfs_cor:ExtraordinaryLoss,特別損失,decrease_20,jppfs_cor:IncomeBeforeIncomeTaxes
1047045,S100OG4R,jppfs_cor:ProvisionForBonuses,賞与引当金,decrease_20,jppfs_cor:CurrentLiabilities
1047046,S100OG4R,jppfs_cor:ExtraordinaryIncome,特別利益,increase_20,jppfs_cor:IncomeBeforeIncomeTaxes
1047047,S100OG4R,jppfs_cor:LongTermLoansPayable,長期借入金,decrease_20,jppfs_cor:NoncurrentLiabilities
1047048,S100OG4R,jppfs_cor:DeferredTaxLiabilitiesForLandRevaluation,再評価に係る繰延税金負債,stable,jppfs_cor:NoncurrentLiabilities
1047049,S100OG4R,jppfs_cor:OtherNOE,その他、営業外費用,increase_20,jppfs_cor:NonOperatingExpenses
1047050,S100OG4R,jppfs_cor:ImpairmentLossEL,減損損失、特別損失,increase_20,jppfs_cor:ExtraordinaryLoss
1047051,S100OG4R,jpcrp030000-asr_E03399-000:LossRelatedToInfectiousDiseaseEL,感染症関連損失,decrease_20,jppfs_cor:ExtraordinaryLoss
1047052,S100OG4R,jppfs_cor:OtherNOI,その他、営業外収益,increase_20,jppfs_cor:NonOperatingIncome
1047053,S100OG4R,jppfs_cor:LeaseObligationsNCL,リース債務、固定負債,increase_20,jppfs_cor:NoncurrentLiabilities
1047054,S100OG4R,jppfs_cor:IncomeBeforeIncomeTaxes,税引前当期純利益又は税引前当期純損失（△）,decrease_20,jppfs_cor:ProfitLoss
1047055,S100OG4R,jppfs_cor:SubsidyIncomeNOIBounty,助成金収入、営業外収益,increase_20,jppfs_cor:NonOperatingIncome
1047056,S100OG4R,jppfs_cor:OtherCA,その他、流動資産,increase_20,jppfs_cor:CurrentAssets
1047057,S100OG4R,jppfs_cor:AccountsReceivableTrade,売掛金,new,jppfs_cor:CurrentAssets
1047058,S100OG4R,jppfs_cor:CostOfSales,売上原価,decrease_10,jppfs_cor:GrossProfit
1047059,S100OG4R,jppfs_cor:GuaranteeDepositsIOA,差入保証金、投資その他の資産,stable,jppfs_cor:InvestmentsAndOtherAssets
1047060,S100OG4R,jppfs_cor:OrdinaryIncome,経常利益又は経常損失（△）,decrease_20,jppfs_cor:IncomeBeforeIncomeTaxes
1047061,S100OG4R,jppfs_cor:PropertyPlantAndEquipment,有形固定資産,stable,jppfs_cor:NoncurrentAssets
1047062,S100OG4R,jppfs_cor:NetDefinedBenefitLiability,退職給付に係る負債,decrease_10,jppfs_cor:NoncurrentLiabilities
1047063,S100OG4R,jppfs_cor:CashAndDeposits,現金及び預金,decrease_20,jppfs_cor:CurrentAssets
1047064,S100OG4R,jppfs_cor:ProfitLoss,当期純利益又は当期純損失（△）（平成26年3月28日財規等改正後）,decrease_20,top_account
1047065,S100OG4R,jppfs_cor:OtherIA,その他、無形固定資産,decrease_10,jppfs_cor:IntangibleAssets
1047066,S100OG4R,jppfs_cor:LeaseObligationsCL,リース債務、流動負債,increase_20,jppfs_cor:CurrentLiabilities
1047067,S100OG4R,jppfs_cor:NoncurrentAssets,固定資産,stable,jppfs_cor:Assets
1088034,S100ODKK,jppfs_cor:LossOnRetirementOfNoncurrentAssetsEL,固定資産除却損、特別損失,new,jppfs_cor:ExtraordinaryLoss
1088035,S100ODKK,jppfs_cor:OperatingIncome,営業利益又は営業損失（△）,increase_20,jppfs_cor:OrdinaryIncome
1088036,S100ODKK,jppfs_cor:ValuationAndTranslationAdjustments,評価・換算差額等,increase_10,jppfs_cor:NetAssets
1088037,S100ODKK,jppfs_cor:ExtraordinaryLoss,特別損失,decrease_20,jppfs_cor:IncomeBeforeIncomeTaxes
1088038,S100ODKK,jppfs_cor:ProvisionOfAllowanceForDoubtfulAccountsNOE,貸倒引当金繰入額、営業外費用,new,jppfs_cor:NonOperatingExpenses
1088039,S100ODKK,jppfs_cor:NetDefinedBenefitLiability,退職給付に係る負債,decrease_10,jppfs_cor:NoncurrentLiabilities
1088040,S100ODKK,jppfs_cor:OrdinaryIncome,経常利益又は経常損失（△）,increase_10,jppfs_cor:IncomeBeforeIncomeTaxes
1088041,S100ODKK,jppfs_cor:GainOnSalesOfSubsidiariesAndAffiliatesStocksEI,関係会社株式売却益、特別利益,decrease_20,jppfs_cor:ExtraordinaryIncome
1088042,S100ODKK,jppfs_cor:IncomeTaxes,法人税等,decrease_10,jppfs_cor:ProfitLoss
1088043,S100ODKK,jppfs_cor:CapitalSurplus,資本剰余金,stable,jppfs_cor:ShareholdersEquity
1088044,S100ODKK,jppfs_cor:IncomeTaxesCurrent,法人税、住民税及び事業税,decrease_20,jppfs_cor:IncomeTaxes
1088045,S100ODKK,jppfs_cor:Vehicles,車両運搬具,decrease_10,jppfs_cor:VehiclesNet
1088046,S100ODKK,jppfs_cor:AccumulatedDepreciationBuildingsAndStructures,減価償却累計額、建物及び構築物,increase_10,jppfs_cor:BuildingsAndStructuresNet
1088047,S100ODKK,jppfs_cor:IncomeBeforeIncomeTaxes,税引前当期純利益又は税引前当期純損失（△）,stable,jppfs_cor:ProfitLoss
1088048,S100ODKK,jppfs_cor:GrossProfit,売上総利益又は売上総損失（△）,increase_10,jppfs_cor:OperatingIncome
1088049,S100ODKK,jppfs_cor:Vessels,船舶,stable,jppfs_cor:VesselsNet
1088050,S100ODKK,jppfs_cor:OtherPPE,その他、有形固定資産,new,jppfs_cor:PropertyPlantAndEquipment
1088051,S100ODKK,jppfs_cor:GainOnSalesOfInvestmentSecuritiesEI,投資有価証券売却益、特別利益,new,jppfs_cor:ExtraordinaryIncome
1088052,S100ODKK,jppfs_cor:NoncurrentAssets,固定資産,increase_20,jppfs_cor:Assets
1088053,S100ODKK,jppfs_cor:OtherNOE,その他、営業外費用,new,jppfs_cor:NonOperatingExpenses
1088054,S100ODKK,jppfs_cor:AccountsPayableTrade,買掛金,increase_10,jppfs_cor:CurrentLiabilities
1088055,S100ODKK,jppfs_cor:OtherNOI,その他、営業外収益,decrease_20,jppfs_cor:NonOperatingIncome
1088056,S100ODKK,jppfs_cor:NetSales,売上高,increase_10,jppfs_cor:GrossProfit
1088057,S100ODKK,jppfs_cor:ExtraordinaryIncome,特別利益,decrease_20,jppfs_cor:IncomeBeforeIncomeTaxes
1088058,S100ODKK,jppfs_cor:CurrentAssets,流動資産,stable,jppfs_cor:Assets
1088059,S100ODKK,jppfs_cor:ForeignCurrencyTranslationAdjustment,為替換算調整勘定,decrease_20,jppfs_cor:ValuationAndTranslationAdjustments
1088060,S100ODKK,jppfs_cor:DividendsIncomeNOI,受取配当金、営業外収益,increase_10,jppfs_cor:NonOperatingIncome
1088061,S100ODKK,jppfs_cor:AccumulatedDepreciationVessels,減価償却累計額、船舶,increase_20,jppfs_cor:VesselsNet
1088062,S100ODKK,jppfs_cor:AccumulatedDepreciationToolsFurnitureAndFixtures,減価償却累計額、工具、器具及び備品,increase_10,jppfs_cor:ToolsFurnitureAndFixturesNet
1088063,S100ODKK,jppfs_cor:WorkInProcess,仕掛品,new,jppfs_cor:CurrentAssets
1088064,S100ODKK,jppfs_cor:IncomeTaxesPayable,未払法人税等,decrease_20,jppfs_cor:CurrentLiabilities
1088065,S100ODKK,jppfs_cor:Liabilities,負債,stable,jppfs_cor:LiabilitiesAndNetAssets
1088066,S100ODKK,jppfs_cor:InsuranceFunds,保険積立金,stable,jppfs_cor:InvestmentsAndOtherAssets
1088067,S100ODKK,jppfs_cor:ProfitLossAttributableToOwnersOfParent,親会社株主に帰属する当期純利益又は親会社株主に帰属する当期純損失（△）,increase_10,not_common_account
1088068,S100ODKK,jppfs_cor:BuildingsAndStructures,建物及び構築物,stable,jppfs_cor:BuildingsAndStructuresNet
1088069,S100ODKK,jppfs_cor:NoncurrentLiabilities,固定負債,increase_10,jppfs_cor:Liabilities
1088070,S100ODKK,jppfs_cor:InvestmentsAndOtherAssets,投資その他の資産,increase_20,jppfs_cor:NoncurrentAssets
1088071,S100ODKK,jppfs_cor:ValuationDifferenceOnAvailableForSaleSecurities,その他有価証券評価差額金,increase_10,jppfs_cor:ValuationAndTranslationAdjustments
1088072,S100ODKK,jppfs_cor:EquityInEarningsOfAffiliatesNOI,持分法による投資利益、営業外収益,decrease_20,jppfs_cor:NonOperatingIncome
1088073,S100ODKK,jppfs_cor:ProvisionForBonuses,賞与引当金,increase_10,jppfs_cor:CurrentLiabilities
1088074,S100ODKK,jppfs_cor:AllowanceForDoubtfulAccountsIOAByGroup,貸倒引当金、投資その他の資産、一括控除,decrease_20,jppfs_cor:InvestmentsAndOtherAssets
1088075,S100ODKK,jppfs_cor:Software,ソフトウエア,increase_20,jppfs_cor:IntangibleAssets
1088076,S100ODKK,jppfs_cor:NonOperatingIncome,営業外収益,decrease_20,jppfs_cor:OrdinaryIncome
1088077,S100ODKK,jppfs_cor:DeferredTaxLiabilities,繰延税金負債,increase_20,jppfs_cor:NoncurrentLiabilities
1088078,S100ODKK,jppfs_cor:Supplies,貯蔵品,stable,jppfs_cor:CurrentAssets
1088079,S100ODKK,jppfs_cor:IncomeTaxesDeferred,法人税等調整額,decrease_20,jppfs_cor:IncomeTaxes
1088080,S100ODKK,jppfs_cor:OtherCL,その他、流動負債,stable,jppfs_cor:CurrentLiabilities
1088081,S100ODKK,jppfs_cor:InvestmentSecurities,投資有価証券,increase_20,jppfs_cor:InvestmentsAndOtherAssets
1088082,S100ODKK,jppfs_cor:CapitalStock,資本金,stable,jppfs_cor:ShareholdersEquity
1088083,S100ODKK,jppfs_cor:OtherIOA,その他、投資その他の資産,increase_20,jppfs_cor:InvestmentsAndOtherAssets
1088084,S100ODKK,jppfs_cor:AccountsReceivableOther,未収入金,new,jppfs_cor:CurrentAssets
1088085,S100ODKK,jppfs_cor:CostOfSales,売上原価,stable,jppfs_cor:GrossProfit
1088086,S100ODKK,jppfs_cor:SellingGeneralAndAdministrativeExpenses,販売費及び一般管理費,increase_10,jppfs_cor:OperatingIncome
1088087,S100ODKK,jppfs_cor:InterestIncomeNOI,受取利息、営業外収益,increase_20,jppfs_cor:NonOperatingIncome
1088088,S100ODKK,jppfs_cor:Goodwill,のれん,new,jppfs_cor:IntangibleAssets
1088089,S100ODKK,jppfs_cor:ProvisionForDirectorsRetirementBenefits,役員退職慰労引当金,increase_10,jppfs_cor:NoncurrentLiabilities
1088090,S100ODKK,jppfs_cor:CurrentLiabilities,流動負債,decrease_20,jppfs_cor:Liabilities
1088091,S100ODKK,jppfs_cor:IntangibleAssets,無形固定資産,increase_20,jppfs_cor:NoncurrentAssets
1088092,S100ODKK,jppfs_cor:ToolsFurnitureAndFixtures,工具、器具及び備品,stable,jppfs_cor:ToolsFurnitureAndFixturesNet
1088093,S100ODKK,jppfs_cor:OtherIA,その他、無形固定資産,increase_20,jppfs_cor:IntangibleAssets
1088094,S100ODKK,jppfs_cor:PropertyPlantAndEquipment,有形固定資産,decrease_10,jppfs_cor:NoncurrentAssets
1088095,S100ODKK,jppfs_cor:TreasuryStock,自己株式,stable,jppfs_cor:ShareholdersEquity
1088096,S100ODKK,jppfs_cor:ProfitLoss,当期純利益又は当期純損失（△）（平成26年3月28日財規等改正後）,increase_10,top_account
1088097,S100ODKK,jppfs_cor:AccountsReceivableTrade,売掛金,increase_20,jppfs_cor:CurrentAssets
1088098,S100ODKK,jppfs_cor:NonOperatingExpenses,営業外費用,new,jppfs_cor:OrdinaryIncome
1088099,S100ODKK,jppfs_cor:ShareholdersEquity,株主資本,increase_10,jppfs_cor:NetAssets
1088100,S100ODKK,jppfs_cor:ProfitLossAttributableToNonControllingInterests,非支配株主に帰属する当期純利益又は非支配株主に帰属する当期純損失（△）,decrease_20,not_common_account
1088101,S100ODKK,jppfs_cor:ForeignExchangeLossesNOE,為替差損、営業外費用,new,jppfs_cor:NonOperatingExpenses
1088102,S100ODKK,jppfs_cor:OtherCA,その他、流動資産,stable,jppfs_cor:CurrentAssets
1088103,S100ODKK,jppfs_cor:Land,土地,stable,jppfs_cor:PropertyPlantAndEquipment
1088104,S100ODKK,jppfs_cor:AccumulatedDepreciationVehicles,減価償却累計額、車両運搬具,increase_20,jppfs_cor:VehiclesNet
1088105,S100ODKK,jppfs_cor:CashAndDeposits,現金及び預金,stable,jppfs_cor:CurrentAssets
1088106,S100ODKK,jppfs_cor:RetainedEarnings,利益剰余金,increase_10,jppfs_cor:ShareholdersEquity
1102072,S100OCL9,jppfs_cor:RetainedEarnings,利益剰余金,stable,jppfs_cor:ShareholdersEquity
1102073,S100OCL9,jppfs_cor:Liabilities,負債,increase_10,jppfs_cor:LiabilitiesAndNetAssets
1102074,S100OCL9,jppfs_cor:UnearnedRevenue,前受収益,decrease_20,jppfs_cor:CurrentLiabilities
1102075,S100OCL9,jppfs_cor:Merchandise,商品,stable,jppfs_cor:CurrentAssets
1102076,S100OCL9,jpcrp030000-asr_E03041-000:CostOfTheRealEstateRelatedBusinessCOSExpOA,不動産関連事業原価,stable,jpcrp030000-asr_E03041-000:IncomeFromTheRealEstateRelatedBusinessGP
1102077,S100OCL9,jppfs_cor:LegalCapitalSurplus,資本準備金,stable,jppfs_cor:CapitalSurplus
1102078,S100OCL9,jppfs_cor:LongTermLoansReceivable,長期貸付金,stable,jppfs_cor:InvestmentsAndOtherAssets
1102079,S100OCL9,jppfs_cor:NoncurrentLiabilities,固定負債,increase_10,jppfs_cor:Liabilities
1102080,S100OCL9,jppfs_cor:CashAndDeposits,現金及び預金,increase_10,jppfs_cor:CurrentAssets
1102081,S100OCL9,jppfs_cor:TreasuryStock,自己株式,stable,jppfs_cor:ShareholdersEquity
1102082,S100OCL9,jppfs_cor:LongTermLoansPayable,長期借入金,stable,jppfs_cor:NoncurrentLiabilities
1102083,S100OCL9,jppfs_cor:OtherCL,その他、流動負債,increase_10,jppfs_cor:CurrentLiabilities
1102084,S100OCL9,jppfs_cor:LegalRetainedEarnings,利益準備金,stable,jppfs_cor:RetainedEarnings
1102085,S100OCL9,jppfs_cor:NoncurrentAssets,固定資産,stable,jppfs_cor:Assets
1102086,S100OCL9,jppfs_cor:CommercialPapersLiabilities,コマーシャル・ペーパー,stable,jppfs_cor:CurrentLiabilities
1102087,S100OCL9,jppfs_cor:SoftwareInProgress,ソフトウエア仮勘定,decrease_20,jppfs_cor:IntangibleAssets
1102088,S100OCL9,jppfs_cor:GuaranteeDepositsIOA,差入保証金、投資その他の資産,decrease_10,jppfs_cor:InvestmentsAndOtherAssets
1102089,S100OCL9,jppfs_cor:IntangibleAssets,無形固定資産,decrease_10,jppfs_cor:NoncurrentAssets
1102090,S100OCL9,jpcrp030000-asr_E03041-000:IncomeFromThePaymentBusinessRevOA,ペイメント事業収益,stable,jppfs_cor:OperatingRevenueSPF
1102091,S100OCL9,jppfs_cor:OperatingIncome,営業利益又は営業損失（△）,decrease_20,jppfs_cor:OrdinaryIncome
1102092,S100OCL9,jpcrp030000-asr_E03041-000:IncomeFromThePaymentRelatedServicesRevOA,ペイメント関連収益,increase_10,jpcrp030000-asr_E03041-000:IncomeFromThePaymentBusinessRevOA
1102093,S100OCL9,jppfs_cor:InvestmentSecurities,投資有価証券,stable,jppfs_cor:InvestmentsAndOtherAssets
1102094,S100OCL9,jppfs_cor:BondsPayable,社債,increase_10,jppfs_cor:NoncurrentLiabilities
1102095,S100OCL9,jppfs_cor:OtherCA,その他、流動資産,decrease_10,jppfs_cor:CurrentAssets
1102096,S100OCL9,jppfs_cor:ConstructionInProgress,建設仮勘定,increase_10,jppfs_cor:PropertyPlantAndEquipment
1102097,S100OCL9,jpcrp030000-asr_E03041-000:IncomeFromTheRealEstateRelatedBusinessGP,不動産関連事業利益,stable,jppfs_cor:OperatingRevenueSPF
1102098,S100OCL9,jppfs_cor:LongTermLoansReceivableFromSubsidiariesAndAffiliates,関係会社長期貸付金,decrease_20,jppfs_cor:InvestmentsAndOtherAssets
1102099,S100OCL9,jppfs_cor:RevenueFromCreditGuaranteeRevOA,信用保証収益、営業活動による収益,decrease_10,jpcrp030000-asr_E03041-000:IncomeFromTheFinanceBusinessRevOA
1102100,S100OCL9,jppfs_cor:ProvisionForLossOnGuarantees,債務保証損失引当金,stable,jppfs_cor:NoncurrentLiabilities
1102101,S100OCL9,jpcrp030000-asr_E03041-000:RevenueFromTheRealEstateRelatedBusinessRevOA,不動産関連事業収益,stable,jpcrp030000-asr_E03041-000:IncomeFromTheRealEstateRelatedBusinessGP
1102102,S100OCL9,jppfs_cor:InvestmentsInCapitalOfSubsidiariesAndAffiliates,関係会社出資金,stable,jppfs_cor:InvestmentsAndOtherAssets
1102103,S100OCL9,jppfs_cor:CapitalSurplus,資本剰余金,stable,jppfs_cor:ShareholdersEquity
1102104,S100OCL9,jppfs_cor:LeaseholdRight,借地権,stable,jppfs_cor:IntangibleAssets
1102105,S100OCL9,jppfs_cor:Land,土地,stable,jppfs_cor:PropertyPlantAndEquipment
1102106,S100OCL9,jppfs_cor:AllowanceForDoubtfulAccountsIOAByGroup,貸倒引当金、投資その他の資産、一括控除,increase_10,jppfs_cor:InvestmentsAndOtherAssets
1102107,S100OCL9,jppfs_cor:OtherCapitalSurplus,その他資本剰余金,stable,jppfs_cor:CapitalSurplus
1102108,S100OCL9,jppfs_cor:IncomeBeforeIncomeTaxes,税引前当期純利益又は税引前当期純損失（△）,decrease_10,jppfs_cor:ProfitLoss
1102109,S100OCL9,jppfs_cor:InterestExpensesOESPF,支払利息、営業費用、特定金融業,stable,jppfs_cor:FinancialExpenses
1102110,S100OCL9,jppfs_cor:OrdinaryIncome,経常利益又は経常損失（△）,decrease_10,jppfs_cor:IncomeBeforeIncomeTaxes
1102111,S100OCL9,jppfs_cor:IncomeTaxesDeferred,法人税等調整額,new,jppfs_cor:IncomeTaxes
1102112,S100OCL9,jppfs_cor:AllowanceForDoubtfulAccountsCA,貸倒引当金、流動資産、一括控除,stable,jppfs_cor:CurrentAssets
1102113,S100OCL9,jppfs_cor:Supplies,貯蔵品,decrease_10,jppfs_cor:CurrentAssets
1102114,S100OCL9,jppfs_cor:DeferredGainsOrLossesOnHedges,繰延ヘッジ損益,decrease_20,jppfs_cor:ValuationAndTranslationAdjustments
1102115,S100OCL9,jppfs_cor:StocksOfSubsidiariesAndAffiliates,関係会社株式,increase_10,jppfs_cor:InvestmentsAndOtherAssets
1102116,S100OCL9,jppfs_cor:GeneralReserve,別途積立金,increase_10,jppfs_cor:RetainedEarnings
1102117,S100OCL9,jpcrp030000-asr_E03041-000:LoanCertificatesRevenueRevOA,証書ローン収益,decrease_10,jpcrp030000-asr_E03041-000:IncomeFromThePaymentBusinessRevOA
1102118,S100OCL9,jppfs_cor:IncomeTaxesPayable,未払法人税等,increase_20,jppfs_cor:CurrentLiabilities
1102119,S100OCL9,jppfs_cor:IncomeTaxesCurrent,法人税、住民税及び事業税,increase_20,jppfs_cor:IncomeTaxes
1102120,S100OCL9,jppfs_cor:RetainedEarningsBroughtForward,繰越利益剰余金,decrease_10,jppfs_cor:RetainedEarnings
1102121,S100OCL9,jppfs_cor:LeaseObligationsNCL,リース債務、固定負債,decrease_20,jppfs_cor:NoncurrentLiabilities
1102122,S100OCL9,jppfs_cor:LeaseObligationsCL,リース債務、流動負債,decrease_20,jppfs_cor:CurrentLiabilities
1102123,S100OCL9,jppfs_cor:ProvisionForDirectorsBonuses,役員賞与引当金,stable,jppfs_cor:CurrentLiabilities
1102124,S100OCL9,jppfs_cor:OperatingLoansCA,営業貸付金、流動資産,increase_10,jppfs_cor:CurrentAssets
1102125,S100OCL9,jppfs_cor:CurrentPortionOfLongTermLoansPayableToSubsidiariesAndAffiliates,１年内返済予定の関係会社長期借入金,new,jppfs_cor:CurrentLiabilities
1102126,S100OCL9,jppfs_cor:AccountsReceivableInstallment,割賦売掛金,stable,jppfs_cor:CurrentAssets
1102127,S100OCL9,jppfs_cor:NonOperatingIncome,営業外収益,increase_20,jppfs_cor:OrdinaryIncome
1102128,S100OCL9,jppfs_cor:NonOperatingExpenses,営業外費用,increase_20,jppfs_cor:OrdinaryIncome
1102129,S100OCL9,jpcrp030000-asr_E03041-000:ContractLiabilitiesNCL,契約負債,new,jppfs_cor:NoncurrentLiabilities
1102130,S100OCL9,jpcrp030000-asr_E03041-000:CurrentPortionOfLongTermLoansPayableUnderCreditFluidity,1年内返済予定の債権流動化借入金,increase_10,jppfs_cor:CurrentLiabilities
1102131,S100OCL9,jppfs_cor:PropertyPlantAndEquipment,有形固定資産,decrease_10,jppfs_cor:NoncurrentAssets
1102132,S100OCL9,jppfs_cor:ShortTermLoansPayable,短期借入金,stable,jppfs_cor:CurrentLiabilities
1102133,S100OCL9,jppfs_cor:CurrentPortionOfLongTermLoansPayable,１年内返済予定の長期借入金,increase_20,jppfs_cor:CurrentLiabilities
1102134,S100OCL9,jppfs_cor:OperationalInvestmentSecuritiesCA,営業投資有価証券、流動資産,stable,jppfs_cor:CurrentAssets
1102135,S100OCL9,jppfs_cor:DeferredTaxAssets,繰延税金資産,increase_10,jppfs_cor:InvestmentsAndOtherAssets
1102136,S100OCL9,jppfs_cor:CreditCardRevenueRevOA,包括信用購入あっせん収益、営業活動による収益,stable,jpcrp030000-asr_E03041-000:IncomeFromThePaymentBusinessRevOA
1102137,S100OCL9,jppfs_cor:AccountsPayableOther,未払金,decrease_10,jppfs_cor:CurrentLiabilities
1102138,S100OCL9,jppfs_cor:AccountsPayableTrade,買掛金,increase_10,jppfs_cor:CurrentLiabilities
1102139,S100OCL9,jppfs_cor:ShortTermLoansReceivableToSubsidiariesAndAffiliates,関係会社短期貸付金,increase_10,jppfs_cor:CurrentAssets
1102140,S100OCL9,jppfs_cor:LongTermPrepaidExpenses,長期前払費用,decrease_10,jppfs_cor:InvestmentsAndOtherAssets
1102141,S100OCL9,jppfs_cor:OtherNCL,その他、固定負債,decrease_20,jppfs_cor:NoncurrentLiabilities
1102142,S100OCL9,jppfs_cor:DeferredAssets,繰延資産,stable,jppfs_cor:Assets
1102143,S100OCL9,jppfs_cor:CurrentLiabilities,流動負債,stable,jppfs_cor:Liabilities
1102144,S100OCL9,jppfs_cor:CurrentAssets,流動資産,increase_10,jppfs_cor:Assets
1102145,S100OCL9,jppfs_cor:BondIssuanceCostDA,社債発行費、繰延資産,stable,jppfs_cor:DeferredAssets
1102146,S100OCL9,jppfs_cor:OtherIA,その他、無形固定資産,stable,jppfs_cor:IntangibleAssets
1102147,S100OCL9,jppfs_cor:AccruedExpenses,未払費用,stable,jppfs_cor:CurrentLiabilities
1102148,S100OCL9,jppfs_cor:IncomeTaxes,法人税等,increase_20,jppfs_cor:ProfitLoss
1102149,S100OCL9,jppfs_cor:ValuationAndTranslationAdjustments,評価・換算差額等,stable,jppfs_cor:NetAssets
1102150,S100OCL9,jppfs_cor:GuaranteeDepositsReceivedNCL,受入保証金、固定負債,increase_20,jppfs_cor:NoncurrentLiabilities
1102151,S100OCL9,jppfs_cor:CurrentPortionOfBonds,１年内償還予定の社債,decrease_10,jppfs_cor:CurrentLiabilities
1102152,S100OCL9,jpcrp030000-asr_E03041-000:AllowanceForLossesOnCollecctingGiftTicketsCL,商品券回収損失引当金,stable,jppfs_cor:CurrentLiabilities
1102153,S100OCL9,jppfs_cor:ProvisionForLossOnInterestRepaymentNCLSPF,利息返還損失引当金、固定負債、特定金融業,increase_20,jppfs_cor:NoncurrentLiabilities
1102154,S100OCL9,jppfs_cor:LossOnValuationOfStocksOfSubsidiariesAndAffiliatesEL,関係会社株式評価損、特別損失,increase_10,jppfs_cor:ExtraordinaryLoss
1102155,S100OCL9,jppfs_cor:LossOnValuationOfInvestmentSecuritiesEL,投資有価証券評価損、特別損失,increase_20,jppfs_cor:ExtraordinaryLoss
1102156,S100OCL9,jppfs_cor:GainOnSalesOfInvestmentSecuritiesEI,投資有価証券売却益、特別利益,stable,jppfs_cor:ExtraordinaryIncome
1102157,S100OCL9,jppfs_cor:OtherFinancialExpensesSPF,その他、金融費用、特定金融業,decrease_10,jppfs_cor:FinancialExpenses
1102158,S100OCL9,jppfs_cor:Software,ソフトウエア,decrease_10,jppfs_cor:IntangibleAssets
1102159,S100OCL9,jppfs_cor:LossOnLiquidationOfSubsidiariesAndAffiliatesEL,関係会社清算損、特別損失,new,jppfs_cor:ExtraordinaryLoss
1102160,S100OCL9,jppfs_cor:LossOnDisposalOfNoncurrentAssetsEL,固定資産処分損、特別損失,decrease_20,jppfs_cor:ExtraordinaryLoss
1102161,S100OCL9,jppfs_cor:SellingGeneralAndAdministrativeExpenses,販売費及び一般管理費,increase_10,jppfs_cor:OperatingExpensesSPF
1102162,S100OCL9,jppfs_cor:AccountsReceivableOther,未収入金,stable,jppfs_cor:CurrentAssets
1102163,S100OCL9,jppfs_cor:ProfitLoss,当期純利益又は当期純損失（△）（平成26年3月28日財規等改正後）,decrease_20,top_account
1102164,S100OCL9,jppfs_cor:ProvisionForLossOnInterestRepaymentCLSPF,利息返還損失引当金、流動負債、特定金融業,stable,jppfs_cor:CurrentLiabilities
1102165,S100OCL9,jppfs_cor:OperatingExpensesSPF,営業費用、特定金融業,stable,jppfs_cor:OperatingIncome
1102166,S100OCL9,jppfs_cor:OperatingRevenueSPF,営業収益、特定金融業,stable,jppfs_cor:OperatingIncome
1102167,S100OCL9,jpcrp030000-asr_E03041-000:FinanceRelatedRevenueRevOA,ファイナンス関連収益,increase_10,jpcrp030000-asr_E03041-000:IncomeFromTheFinanceBusinessRevOA
1102168,S100OCL9,jpcrp030000-asr_E03041-000:IncomeFromTheFinanceBusinessRevOA,ファイナンス事業収益,increase_10,jppfs_cor:OperatingRevenueSPF
1102169,S100OCL9,jppfs_cor:ExtraordinaryIncome,特別利益,decrease_20,jppfs_cor:IncomeBeforeIncomeTaxes
1102170,S100OCL9,jppfs_cor:ExtraordinaryLoss,特別損失,decrease_20,jppfs_cor:IncomeBeforeIncomeTaxes
1102171,S100OCL9,jppfs_cor:InvestmentsAndOtherAssets,投資その他の資産,stable,jppfs_cor:NoncurrentAssets
1102172,S100OCL9,jppfs_cor:FinancialExpenses,金融費用,stable,jppfs_cor:OperatingExpensesSPF
1102173,S100OCL9,jppfs_cor:FinancialRevenue,金融収益,increase_10,jppfs_cor:OperatingRevenueSPF
1102174,S100OCL9,jppfs_cor:ShortTermLoansReceivable,短期貸付金,increase_20,jppfs_cor:CurrentAssets
1102175,S100OCL9,jpcrp030000-asr_E03041-000:BusinessAgencyRevenueRevOA,業務代行収益,stable,jpcrp030000-asr_E03041-000:IncomeFromThePaymentBusinessRevOA
1102176,S100OCL9,jppfs_cor:ProvisionForBonuses,賞与引当金,stable,jppfs_cor:CurrentLiabilities
1102177,S100OCL9,jppfs_cor:LeaseAssetsIA,リース資産、無形固定資産,decrease_20,jppfs_cor:IntangibleAssets
1102178,S100OCL9,jpcrp030000-asr_E03041-000:CreditCardCashingRevenueRevOA,カードキャッシング収益,decrease_10,jpcrp030000-asr_E03041-000:IncomeFromThePaymentBusinessRevOA
1102179,S100OCL9,jppfs_cor:DepositsReceived,預り金,decrease_10,jppfs_cor:CurrentLiabilities
1102180,S100OCL9,jppfs_cor:LeaseInvestmentAssetsCA,リース投資資産、流動資産,stable,jppfs_cor:CurrentAssets
1102181,S100OCL9,jppfs_cor:ProvisionForPointCardCertificatesNCL,ポイント引当金、固定負債,stable,jppfs_cor:NoncurrentLiabilities
1102182,S100OCL9,jpcrp030000-asr_E03041-000:LongTermLoansPayableUnderCreditFluidityNCL,債権流動化借入金,increase_20,jppfs_cor:NoncurrentLiabilities
1102183,S100OCL9,jppfs_cor:CapitalStock,資本金,stable,jppfs_cor:ShareholdersEquity
1102184,S100OCL9,jppfs_cor:OtherIOA,その他、投資その他の資産,stable,jppfs_cor:InvestmentsAndOtherAssets
1102185,S100OCL9,jppfs_cor:BondsOfSubsidiariesAndAffiliates,関係会社社債,stable,jppfs_cor:InvestmentsAndOtherAssets
1102186,S100OCL9,jppfs_cor:ShareholdersEquity,株主資本,stable,jppfs_cor:NetAssets
1102187,S100OCL9,jppfs_cor:ValuationDifferenceOnAvailableForSaleSecurities,その他有価証券評価差額金,stable,jppfs_cor:ValuationAndTranslationAdjustments
1102188,S100OCL9,jppfs_cor:PrepaidExpenses,前払費用,increase_20,jppfs_cor:CurrentAssets
1102189,S100OCL9,jppfs_cor:ContractLiabilities,契約負債,new,jppfs_cor:CurrentLiabilities
1102190,S100OCL9,jpcrp030000-asr_E03041-000:IncomeFromTheLeaseBusinessRevenueRevOA,リース事業収益,stable,jppfs_cor:OperatingRevenueSPF
1102767,S100OCJX,jppfs_cor:OtherIA,その他、無形固定資産,decrease_20,jppfs_cor:IntangibleAssets
1102768,S100OCJX,jppfs_cor:OtherNOI,その他、営業外収益,increase_20,jppfs_cor:NonOperatingIncome
1102769,S100OCJX,jppfs_cor:NonOperatingIncome,営業外収益,increase_20,jppfs_cor:OrdinaryIncome
1102770,S100OCJX,jppfs_cor:ContractLiabilities,契約負債,new,jppfs_cor:CurrentLiabilities
1102771,S100OCJX,jpcrp030000-asr_E05466-000:GainOnReversalOfAssetRetirementObligationsNOI,資産除去債務戻入益,new,jppfs_cor:NonOperatingIncome
1102772,S100OCJX,jppfs_cor:BuildingsAndAccompanyingFacilitiesNet,建物附属設備,decrease_10,jppfs_cor:PropertyPlantAndEquipment
1102773,S100OCJX,jppfs_cor:OtherIOA,その他、投資その他の資産,increase_10,jppfs_cor:InvestmentsAndOtherAssets
1102774,S100OCJX,jppfs_cor:ProvisionForDirectorsRetirementBenefits,役員退職慰労引当金,stable,jppfs_cor:NoncurrentLiabilities
1102775,S100OCJX,jppfs_cor:InvestmentsInCapitalOfSubsidiariesAndAffiliates,関係会社出資金,decrease_10,jppfs_cor:InvestmentsAndOtherAssets
1102776,S100OCJX,jppfs_cor:AccountsReceivableTrade,売掛金,decrease_20,jppfs_cor:CurrentAssets
1102777,S100OCJX,jppfs_cor:SellingGeneralAndAdministrativeExpenses,販売費及び一般管理費,increase_20,jppfs_cor:OperatingIncome
1102778,S100OCJX,jppfs_cor:IntangibleAssets,無形固定資産,decrease_10,jppfs_cor:NoncurrentAssets
1102779,S100OCJX,jppfs_cor:TreasuryStock,自己株式,increase_10,jppfs_cor:ShareholdersEquity
1102780,S100OCJX,jppfs_cor:OperatingIncome,営業利益又は営業損失（△）,increase_20,jppfs_cor:OrdinaryIncome
1102781,S100OCJX,jppfs_cor:CurrentAssets,流動資産,increase_10,jppfs_cor:Assets
1102782,S100OCJX,jppfs_cor:LossOnValuationOfInvestmentsInCapitalOfSubsidiariesAndAffiliatesEL,関係会社出資金評価損、特別損失,new,jppfs_cor:ExtraordinaryLoss
1102783,S100OCJX,jppfs_cor:NetDefinedBenefitLiability,退職給付に係る負債,stable,jppfs_cor:NoncurrentLiabilities
1102784,S100OCJX,jppfs_cor:GrossProfit,売上総利益又は売上総損失（△）,increase_20,jppfs_cor:OperatingIncome
1102785,S100OCJX,jppfs_cor:CapitalStock,資本金,increase_10,jppfs_cor:ShareholdersEquity
1102786,S100OCJX,jppfs_cor:ProfitLossAttributableToOwnersOfParent,親会社株主に帰属する当期純利益又は親会社株主に帰属する当期純損失（△）,increase_20,not_common_account
1102787,S100OCJX,jppfs_cor:CashAndDeposits,現金及び預金,increase_20,jppfs_cor:CurrentAssets
1102788,S100OCJX,jppfs_cor:Supplies,貯蔵品,decrease_20,jppfs_cor:CurrentAssets
1102789,S100OCJX,jppfs_cor:PropertyPlantAndEquipment,有形固定資産,increase_20,jppfs_cor:NoncurrentAssets
1102790,S100OCJX,jppfs_cor:IncomeTaxesPayable,未払法人税等,increase_20,jppfs_cor:CurrentLiabilities
1102791,S100OCJX,jppfs_cor:InterestIncomeNOI,受取利息、営業外収益,stable,jppfs_cor:NonOperatingIncome
1102792,S100OCJX,jppfs_cor:Liabilities,負債,increase_10,jppfs_cor:LiabilitiesAndNetAssets
1102793,S100OCJX,jppfs_cor:IncomeBeforeIncomeTaxes,税引前当期純利益又は税引前当期純損失（△）,increase_20,jppfs_cor:ProfitLoss
1102794,S100OCJX,jppfs_cor:ShareholdersEquity,株主資本,increase_10,jppfs_cor:NetAssets
1102795,S100OCJX,jppfs_cor:ProfitLoss,当期純利益又は当期純損失（△）（平成26年3月28日財規等改正後）,increase_20,top_account
1102796,S100OCJX,jppfs_cor:InvestmentsAndOtherAssets,投資その他の資産,stable,jppfs_cor:NoncurrentAssets
1102797,S100OCJX,jppfs_cor:AllowanceForDoubtfulAccountsIOAByGroup,貸倒引当金、投資その他の資産、一括控除,decrease_20,jppfs_cor:InvestmentsAndOtherAssets
1102798,S100OCJX,jppfs_cor:GainOnReversalOfSubscriptionRightsToSharesEI,新株予約権戻入益、特別利益,stable,jppfs_cor:ExtraordinaryIncome
1102799,S100OCJX,jppfs_cor:ForeignExchangeGainsNOI,為替差益、営業外収益,new,jppfs_cor:NonOperatingIncome
1102800,S100OCJX,jppfs_cor:ValuationDifferenceOnAvailableForSaleSecurities,その他有価証券評価差額金,increase_20,jppfs_cor:ValuationAndTranslationAdjustments
1102801,S100OCJX,jppfs_cor:OrdinaryIncome,経常利益又は経常損失（△）,increase_20,jppfs_cor:IncomeBeforeIncomeTaxes
1102802,S100OCJX,jppfs_cor:AccountsPayableTrade,買掛金,increase_20,jppfs_cor:CurrentLiabilities
1102803,S100OCJX,jppfs_cor:IncomeTaxesCurrent,法人税、住民税及び事業税,increase_20,jppfs_cor:IncomeTaxes
1102804,S100OCJX,jppfs_cor:OtherCA,その他、流動資産,increase_20,jppfs_cor:CurrentAssets
1102805,S100OCJX,jpcrp030000-asr_E05466-000:LossOnRetirementOfTelephoneSubscriptionRightEL,電話加入権除却損,new,jppfs_cor:ExtraordinaryLoss
1102806,S100OCJX,jppfs_cor:InvestmentSecurities,投資有価証券,stable,jppfs_cor:InvestmentsAndOtherAssets
1102807,S100OCJX,jppfs_cor:NoncurrentLiabilities,固定負債,stable,jppfs_cor:Liabilities
1102808,S100OCJX,jppfs_cor:OtherCL,その他、流動負債,increase_20,jppfs_cor:CurrentLiabilities
1102809,S100OCJX,jppfs_cor:GainOnTransferFromBusinessDivestituresEI,事業分離における移転利益、特別利益,new,jppfs_cor:ExtraordinaryIncome
1102810,S100OCJX,jppfs_cor:RetainedEarnings,利益剰余金,increase_10,jppfs_cor:ShareholdersEquity
1102811,S100OCJX,jppfs_cor:CapitalSurplus,資本剰余金,increase_10,jppfs_cor:ShareholdersEquity
1102812,S100OCJX,jppfs_cor:CostOfSales,売上原価,increase_20,jppfs_cor:GrossProfit
1102813,S100OCJX,jppfs_cor:ProvisionForLossOnOrderReceivedCL,受注損失引当金、流動負債,new,jppfs_cor:CurrentLiabilities
1102814,S100OCJX,jppfs_cor:ProvisionForBonuses,賞与引当金,stable,jppfs_cor:CurrentLiabilities
1102815,S100OCJX,jppfs_cor:IncomeTaxes,法人税等,increase_20,jppfs_cor:ProfitLoss
1102816,S100OCJX,jppfs_cor:DeferredTaxAssets,繰延税金資産,stable,jppfs_cor:InvestmentsAndOtherAssets
1102817,S100OCJX,jppfs_cor:Software,ソフトウエア,decrease_10,jppfs_cor:IntangibleAssets
1102818,S100OCJX,jppfs_cor:ProvisionForDirectorsBonuses,役員賞与引当金,stable,jppfs_cor:CurrentLiabilities
1102819,S100OCJX,jppfs_cor:CurrentLiabilities,流動負債,increase_20,jppfs_cor:Liabilities
1102820,S100OCJX,jppfs_cor:ExtraordinaryLoss,特別損失,new,jppfs_cor:IncomeBeforeIncomeTaxes
1102821,S100OCJX,jppfs_cor:IncomeTaxesDeferred,法人税等調整額,increase_20,jppfs_cor:IncomeTaxes
1102822,S100OCJX,jppfs_cor:ValuationAndTranslationAdjustments,評価・換算差額等,increase_20,jppfs_cor:NetAssets
1102823,S100OCJX,jppfs_cor:ContractAssets,契約資産,new,jppfs_cor:CurrentAssets
1102824,S100OCJX,jppfs_cor:NoncurrentAssets,固定資産,stable,jppfs_cor:Assets
1102825,S100OCJX,jppfs_cor:ExtraordinaryIncome,特別利益,new,jppfs_cor:IncomeBeforeIncomeTaxes
1102826,S100OCJX,jppfs_cor:DividendsIncomeNOI,受取配当金、営業外収益,decrease_10,jppfs_cor:NonOperatingIncome
1102827,S100OCJX,jppfs_cor:AccountsPayableOther,未払金,stable,jppfs_cor:CurrentLiabilities
1102828,S100OCJX,jppfs_cor:WorkInProcess,仕掛品,decrease_20,jppfs_cor:CurrentAssets
1102829,S100OCJX,jppfs_cor:NetSales,売上高,increase_20,jppfs_cor:GrossProfit
1127679,S100OAQE,jppfs_cor:IntangibleAssets,無形固定資産,decrease_20,jppfs_cor:NoncurrentAssets
1127680,S100OAQE,jppfs_cor:GainOnReversalOfSubscriptionRightsToSharesEI,新株予約権戻入益、特別利益,decrease_20,jppfs_cor:ExtraordinaryIncome
1127681,S100OAQE,jppfs_cor:GainOnRedemptionOfInvestmentSecuritiesEI,投資有価証券償還益、特別利益,new,jppfs_cor:ExtraordinaryIncome
1127682,S100OAQE,jppfs_cor:LossOnSalesAndRetirementOfNoncurrentAssetsEL,固定資産除売却損、特別損失,new,jppfs_cor:ExtraordinaryLoss
1127683,S100OAQE,jppfs_cor:InvestmentsAndOtherAssets,投資その他の資産,decrease_10,jppfs_cor:NoncurrentAssets
1127684,S100OAQE,jppfs_cor:IncomeTaxesPayable,未払法人税等,decrease_20,jppfs_cor:CurrentLiabilities
1127685,S100OAQE,jppfs_cor:OrdinaryIncome,経常利益又は経常損失（△）,decrease_10,jppfs_cor:IncomeBeforeIncomeTaxes
1127686,S100OAQE,jpcrp030000-asr_E01019-000:ProvisionForExecutiveOfficerIncentivePlanTrustNCL,役員株式給付引当金,increase_10,jppfs_cor:NoncurrentLiabilities
1127687,S100OAQE,jppfs_cor:ImpairmentLossEL,減損損失、特別損失,new,jppfs_cor:ExtraordinaryLoss
1127688,S100OAQE,jppfs_cor:ProfitLossAttributableToNonControllingInterests,非支配株主に帰属する当期純利益又は非支配株主に帰属する当期純損失（△）,increase_20,not_common_account
1127689,S100OAQE,jppfs_cor:ElectronicallyRecordedObligationsNonOperatingCL,営業外電子記録債務、流動負債,increase_20,jppfs_cor:CurrentLiabilities
1127690,S100OAQE,jppfs_cor:OtherNOI,その他、営業外収益,decrease_20,jppfs_cor:NonOperatingIncome
1127691,S100OAQE,jppfs_cor:DeferredTaxLiabilitiesForLandRevaluation,再評価に係る繰延税金負債,stable,jppfs_cor:NoncurrentLiabilities
1127692,S100OAQE,jppfs_cor:LongTermLoansReceivable,長期貸付金,stable,jppfs_cor:InvestmentsAndOtherAssets
1127693,S100OAQE,jppfs_cor:OtherNCL,その他、固定負債,new,jppfs_cor:NoncurrentLiabilities
1127694,S100OAQE,jppfs_cor:EquityInLossesOfAffiliatesNOE,持分法による投資損失、営業外費用,new,jppfs_cor:NonOperatingExpenses
1127695,S100OAQE,jppfs_cor:LeaseObligationsCL,リース債務、流動負債,decrease_10,jppfs_cor:CurrentLiabilities
1127696,S100OAQE,jppfs_cor:OtherNOE,その他、営業外費用,decrease_20,jppfs_cor:NonOperatingExpenses
1127697,S100OAQE,jppfs_cor:TreasuryStock,自己株式,stable,jppfs_cor:ShareholdersEquity
1127698,S100OAQE,jppfs_cor:Liabilities,負債,decrease_10,jppfs_cor:LiabilitiesAndNetAssets
1127699,S100OAQE,jppfs_cor:NotesAndAccountsPayableTrade,支払手形及び買掛金,decrease_20,jppfs_cor:CurrentLiabilities
1127700,S100OAQE,jppfs_cor:OtherIOA,その他、投資その他の資産,stable,jppfs_cor:InvestmentsAndOtherAssets
1127701,S100OAQE,jppfs_cor:Land,土地,stable,jppfs_cor:PropertyPlantAndEquipment
1127702,S100OAQE,jppfs_cor:NoncurrentAssets,固定資産,decrease_10,jppfs_cor:Assets
1127703,S100OAQE,jppfs_cor:GainOnSalesOfInvestmentSecuritiesEI,投資有価証券売却益、特別利益,decrease_20,jppfs_cor:ExtraordinaryIncome
1127704,S100OAQE,jppfs_cor:DividendsIncomeNOI,受取配当金、営業外収益,increase_10,jppfs_cor:NonOperatingIncome
1127705,S100OAQE,jppfs_cor:OtherIA,その他、無形固定資産,increase_20,jppfs_cor:IntangibleAssets
1127706,S100OAQE,jppfs_cor:NoncurrentLiabilities,固定負債,decrease_20,jppfs_cor:Liabilities
1127707,S100OAQE,jppfs_cor:LossOnSalesOfStocksOfSubsidiariesAndAffiliatesEL,関係会社株式売却損、特別損失,new,jppfs_cor:ExtraordinaryLoss
1127708,S100OAQE,jppfs_cor:MerchandiseAndFinishedGoods,商品及び製品,decrease_10,jppfs_cor:CurrentAssets
1127709,S100OAQE,jppfs_cor:RemeasurementsOfDefinedBenefitPlans,退職給付に係る調整累計額,new,jppfs_cor:ValuationAndTranslationAdjustments
1127710,S100OAQE,jppfs_cor:ForeignCurrencyTranslationAdjustment,為替換算調整勘定,decrease_20,jppfs_cor:ValuationAndTranslationAdjustments
1127711,S100OAQE,jppfs_cor:GainOnSalesOfNoncurrentAssetsEI,固定資産売却益、特別利益,new,jppfs_cor:ExtraordinaryIncome
1127712,S100OAQE,jppfs_cor:WorkInProcess,仕掛品,decrease_10,jppfs_cor:CurrentAssets
1127713,S100OAQE,jppfs_cor:NonOperatingExpenses,営業外費用,decrease_20,jppfs_cor:OrdinaryIncome
1127714,S100OAQE,jppfs_cor:ExtraordinaryLoss,特別損失,new,jppfs_cor:IncomeBeforeIncomeTaxes
1127715,S100OAQE,jppfs_cor:CapitalStock,資本金,stable,jppfs_cor:ShareholdersEquity
1127716,S100OAQE,jppfs_cor:ConstructionInProgress,建設仮勘定,increase_20,jppfs_cor:PropertyPlantAndEquipment
1127717,S100OAQE,jppfs_cor:CurrentLiabilities,流動負債,decrease_10,jppfs_cor:Liabilities
1127718,S100OAQE,jppfs_cor:ProfitLoss,当期純利益又は当期純損失（△）（平成26年3月28日財規等改正後）,decrease_20,top_account
1127719,S100OAQE,jppfs_cor:OtherCL,その他、流動負債,new,jppfs_cor:CurrentLiabilities
1127720,S100OAQE,jppfs_cor:ForeignExchangeLossesNOE,為替差損、営業外費用,new,jppfs_cor:NonOperatingExpenses
1127721,S100OAQE,jppfs_cor:CostOfSales,売上原価,stable,jppfs_cor:GrossProfit
1127722,S100OAQE,jppfs_cor:SellingGeneralAndAdministrativeExpenses,販売費及び一般管理費,decrease_10,jppfs_cor:OperatingIncome
1127723,S100OAQE,jppfs_cor:PurchaseDiscountsNOI,仕入割引、営業外収益,decrease_10,jppfs_cor:NonOperatingIncome
1127724,S100OAQE,jppfs_cor:NotesReceivableTrade,受取手形,new,jppfs_cor:CurrentAssets
1127725,S100OAQE,jppfs_cor:GrossProfitNetGP,差引売上総利益又は差引売上総損失（△）、売上総利益,decrease_10,jppfs_cor:OperatingIncome
1127726,S100OAQE,jppfs_cor:DeferredTaxAssets,繰延税金資産,new,jppfs_cor:InvestmentsAndOtherAssets
1127727,S100OAQE,jppfs_cor:GrossProfit,売上総利益又は売上総損失（△）,decrease_10,jppfs_cor:GrossProfitNetGP
1127728,S100OAQE,jppfs_cor:ShareholdersEquity,株主資本,stable,jppfs_cor:NetAssets
1127729,S100OAQE,jppfs_cor:AccruedExpenses,未払費用,decrease_10,jppfs_cor:CurrentLiabilities
1127730,S100OAQE,jppfs_cor:NonOperatingIncome,営業外収益,decrease_10,jppfs_cor:OrdinaryIncome
1127731,S100OAQE,jppfs_cor:InterestIncomeNOI,受取利息、営業外収益,stable,jppfs_cor:NonOperatingIncome
1127732,S100OAQE,jppfs_cor:InterestExpensesNOE,支払利息、営業外費用,decrease_20,jppfs_cor:NonOperatingExpenses
1127733,S100OAQE,jppfs_cor:RawMaterialsAndSupplies,原材料及び貯蔵品,stable,jppfs_cor:CurrentAssets
1127734,S100OAQE,jppfs_cor:IncomeTaxes,法人税等,decrease_20,jppfs_cor:ProfitLoss
1127735,S100OAQE,jppfs_cor:ProfitLossAttributableToOwnersOfParent,親会社株主に帰属する当期純利益又は親会社株主に帰属する当期純損失（△）,decrease_20,not_common_account
1127736,S100OAQE,jppfs_cor:ValuationDifferenceOnAvailableForSaleSecurities,その他有価証券評価差額金,decrease_20,jppfs_cor:ValuationAndTranslationAdjustments
1127737,S100OAQE,jppfs_cor:CapitalSurplus,資本剰余金,stable,jppfs_cor:ShareholdersEquity
1127738,S100OAQE,jppfs_cor:AccruedConsumptionTaxes,未払消費税等,decrease_20,jppfs_cor:CurrentLiabilities
1127739,S100OAQE,jppfs_cor:NetDefinedBenefitAsset,退職給付に係る資産,stable,jppfs_cor:InvestmentsAndOtherAssets
1127740,S100OAQE,jppfs_cor:NetDefinedBenefitLiability,退職給付に係る負債,stable,jppfs_cor:NoncurrentLiabilities
1127741,S100OAQE,jppfs_cor:ElectronicallyRecordedObligationsOperatingCL,電子記録債務、流動負債,decrease_10,jppfs_cor:CurrentLiabilities
1127742,S100OAQE,jppfs_cor:CashAndDeposits,現金及び預金,stable,jppfs_cor:CurrentAssets
1127743,S100OAQE,jppfs_cor:IncomeTaxesDeferred,法人税等調整額,new,jppfs_cor:IncomeTaxes
1127744,S100OAQE,jppfs_cor:ValuationAndTranslationAdjustments,評価・換算差額等,decrease_20,jppfs_cor:NetAssets
1127745,S100OAQE,jppfs_cor:ExtraordinaryIncome,特別利益,decrease_20,jppfs_cor:IncomeBeforeIncomeTaxes
1127746,S100OAQE,jppfs_cor:PropertyPlantAndEquipment,有形固定資産,stable,jppfs_cor:NoncurrentAssets
1127747,S100OAQE,jppfs_cor:ShortTermLoansPayable,短期借入金,decrease_10,jppfs_cor:CurrentLiabilities
1127748,S100OAQE,jppfs_cor:NetSales,売上高,decrease_10,jppfs_cor:GrossProfit
1127749,S100OAQE,jppfs_cor:InvestmentSecurities,投資有価証券,decrease_20,jppfs_cor:InvestmentsAndOtherAssets
1127750,S100OAQE,jppfs_cor:RevaluationReserveForLand,土地再評価差額金,stable,jppfs_cor:ValuationAndTranslationAdjustments
1127751,S100OAQE,jppfs_cor:LeaseObligationsNCL,リース債務、固定負債,stable,jppfs_cor:NoncurrentLiabilities
1127752,S100OAQE,jppfs_cor:AccountsPayableOther,未払金,decrease_20,jppfs_cor:CurrentLiabilities
1127753,S100OAQE,jppfs_cor:ProvisionForDirectorsRetirementBenefits,役員退職慰労引当金,stable,jppfs_cor:NoncurrentLiabilities
1127754,S100OAQE,jppfs_cor:RetainedEarnings,利益剰余金,stable,jppfs_cor:ShareholdersEquity
1127755,S100OAQE,jppfs_cor:AllowanceForDoubtfulAccountsCA,貸倒引当金、流動資産、一括控除,stable,jppfs_cor:CurrentAssets
1127756,S100OAQE,jppfs_cor:IncomeTaxesCurrent,法人税、住民税及び事業税,decrease_20,jppfs_cor:IncomeTaxes
1127757,S100OAQE,jppfs_cor:AccountsReceivableTrade,売掛金,new,jppfs_cor:CurrentAssets
1127758,S100OAQE,jppfs_cor:OtherCA,その他、流動資産,increase_20,jppfs_cor:CurrentAssets
1127759,S100OAQE,jppfs_cor:OperatingIncome,営業利益又は営業損失（△）,decrease_10,jppfs_cor:OrdinaryIncome
1127760,S100OAQE,jppfs_cor:IncomeBeforeIncomeTaxes,税引前当期純利益又は税引前当期純損失（△）,decrease_20,jppfs_cor:ProfitLoss
1127761,S100OAQE,jppfs_cor:CurrentAssets,流動資産,stable,jppfs_cor:Assets
1148942,S100O87R,jpcrp030000-asr_E04657-000:CourseAdministrativeExpensesCOSExpOA,コース管理費,decrease_10,jppfs_cor:OperatingExpenses
1148943,S100O87R,jppfs_cor:LeaseObligationsCL,リース債務、流動負債,stable,jppfs_cor:CurrentLiabilities
1148944,S100O87R,jppfs_cor:AccumulatedDepreciationBuildings,減価償却累計額、建物,stable,jppfs_cor:BuildingsNet
1148945,S100O87R,jppfs_cor:InvestmentsAndOtherAssets,投資その他の資産,decrease_10,jppfs_cor:NoncurrentAssets
1148946,S100O87R,jppfs_cor:Software,ソフトウエア,decrease_20,jppfs_cor:IntangibleAssets
1148947,S100O87R,jppfs_cor:MachineryAndEquipment,機械及び装置,stable,jppfs_cor:MachineryAndEquipmentNet
1148948,S100O87R,jppfs_cor:NoncurrentAssets,固定資産,stable,jppfs_cor:Assets
1148949,S100O87R,jppfs_cor:LeaseAssetsPPE,リース資産、有形固定資産,stable,jppfs_cor:LeaseAssetsNetPPE
1148950,S100O87R,jppfs_cor:LeaseAssetsIA,リース資産、無形固定資産,decrease_20,jppfs_cor:IntangibleAssets
1148951,S100O87R,jppfs_cor:AccumulatedDepreciationVehicles,減価償却累計額、車両運搬具,increase_10,jppfs_cor:VehiclesNet
1148952,S100O87R,jpcrp030000-asr_E04657-000:CaddieExpensesCOSExpOA,キャデイ費用,stable,jppfs_cor:OperatingExpenses
1148953,S100O87R,jppfs_cor:LeaseObligationsNCL,リース債務、固定負債,decrease_20,jppfs_cor:NoncurrentLiabilities
1148954,S100O87R,jppfs_cor:LossOnRetirementOfNoncurrentAssetsEL,固定資産除却損、特別損失,new,jppfs_cor:ExtraordinaryLoss
1148955,S100O87R,jppfs_cor:IncomeTaxesCurrent,法人税、住民税及び事業税,stable,jppfs_cor:IncomeTaxes
1148956,S100O87R,jppfs_cor:AccumulatedDepreciationMachineryAndEquipment,減価償却累計額、機械及び装置,stable,jppfs_cor:MachineryAndEquipmentNet
1148957,S100O87R,jpcrp030000-asr_E04657-000:RewardAndSalarySGA,報酬及び給与,stable,jppfs_cor:SellingGeneralAndAdministrativeExpenses
1148958,S100O87R,jpcrp030000-asr_E04657-000:DiningRoomStallIncomeRevOA,食堂売店収入,increase_10,jppfs_cor:OperatingRevenue1
1148959,S100O87R,jppfs_cor:LongTermPrepaidExpenses,長期前払費用,decrease_10,jppfs_cor:InvestmentsAndOtherAssets
1148960,S100O87R,jppfs_cor:NoncurrentLiabilities,固定負債,increase_20,jppfs_cor:Liabilities
1148961,S100O87R,jppfs_cor:ProfitLoss,当期純利益又は当期純損失（△）（平成26年3月28日財規等改正後）,decrease_20,top_account
1148962,S100O87R,jppfs_cor:NonOperatingExpenses,営業外費用,stable,jppfs_cor:OrdinaryIncome
1148963,S100O87R,jpcrp030000-asr_E04657-000:GuarantyDepositsNCLLiabilities,預り保証金,decrease_10,jppfs_cor:NoncurrentLiabilities
1148964,S100O87R,jppfs_cor:IncomeBeforeIncomeTaxes,税引前当期純利益又は税引前当期純損失（△）,decrease_20,jppfs_cor:ProfitLoss
1148965,S100O87R,jppfs_cor:OtherCapitalSurplus,その他資本剰余金,stable,jppfs_cor:CapitalSurplus
1148966,S100O87R,jppfs_cor:WelfareExpensesSGA,福利厚生費、販売費及び一般管理費,stable,jppfs_cor:SellingGeneralAndAdministrativeExpenses
1148967,S100O87R,jpcrp030000-asr_E04657-000:FeeIncomeRevOA,会費収入,stable,jppfs_cor:OperatingRevenue1
1148968,S100O87R,jpcrp030000-asr_E04657-000:ChargeIncomeRevOA,料金収入,increase_10,jppfs_cor:OperatingRevenue1
1148969,S100O87R,jppfs_cor:AccountsReceivableTrade,売掛金,increase_10,jppfs_cor:CurrentAssets
1148970,S100O87R,jppfs_cor:DepositsReceivedFromMembers,会員預り金,stable,jppfs_cor:NoncurrentLiabilities
1148971,S100O87R,jppfs_cor:GeneralReserve,別途積立金,stable,jppfs_cor:RetainedEarnings
1148972,S100O87R,jppfs_cor:LegalCapitalSurplus,資本準備金,stable,jppfs_cor:CapitalSurplus
1148973,S100O87R,jppfs_cor:AmortizationOfLongTermPrepaidExpensesSGA,長期前払費用償却、販売費及び一般管理費,stable,jppfs_cor:SellingGeneralAndAdministrativeExpenses
1148974,S100O87R,jpcrp030000-asr_E04657-000:GolfCoursePPENCAAssets,ゴルフコース,stable,jppfs_cor:PropertyPlantAndEquipment
1148975,S100O87R,jppfs_cor:AccountsPayableOther,未払金,decrease_10,jppfs_cor:CurrentLiabilities
1148976,S100O87R,jppfs_cor:NonOperatingIncome,営業外収益,decrease_20,jppfs_cor:OrdinaryIncome
1148977,S100O87R,jppfs_cor:AccumulatedDepreciationLeaseAssetsPPE,減価償却累計額、リース資産、有形固定資産,increase_20,jppfs_cor:LeaseAssetsNetPPE
1148978,S100O87R,jppfs_cor:LegalRetainedEarnings,利益準備金,stable,jppfs_cor:RetainedEarnings
1148979,S100O87R,jppfs_cor:CapitalSurplus,資本剰余金,stable,jppfs_cor:ShareholdersEquity
1148980,S100O87R,jppfs_cor:OperatingRevenue1,営業収益,increase_10,jppfs_cor:GrossProfit
1148981,S100O87R,jppfs_cor:RetainedEarnings,利益剰余金,decrease_20,jppfs_cor:ShareholdersEquity
1148982,S100O87R,jppfs_cor:Vehicles,車両運搬具,stable,jppfs_cor:VehiclesNet
1148983,S100O87R,jppfs_cor:OperatingExpenses,営業費用,stable,jppfs_cor:GrossProfit
1148984,S100O87R,jpcrp030000-asr_E04657-000:DepreciationCOSExpOA,減価償却費,stable,jppfs_cor:OperatingExpenses
1148985,S100O87R,jppfs_cor:ProvisionForRetirementBenefitsSGA,退職給付引当金繰入額、販売費及び一般管理費,increase_10,jppfs_cor:SellingGeneralAndAdministrativeExpenses
1148986,S100O87R,jppfs_cor:ExtraordinaryLoss,特別損失,new,jppfs_cor:IncomeBeforeIncomeTaxes
1148987,S100O87R,jppfs_cor:CapitalStock,資本金,stable,jppfs_cor:ShareholdersEquity
1148988,S100O87R,jppfs_cor:RentExpensesSGA,賃借料、販売費及び一般管理費,stable,jppfs_cor:SellingGeneralAndAdministrativeExpenses
1148989,S100O87R,jppfs_cor:DepreciationSGA,減価償却費、販売費及び一般管理費,stable,jppfs_cor:SellingGeneralAndAdministrativeExpenses
1148990,S100O87R,jppfs_cor:AccumulatedDepreciationStructures,減価償却累計額、構築物,stable,jppfs_cor:StructuresNet
1148991,S100O87R,jppfs_cor:CommissionFeeSGA,支払手数料、販売費及び一般管理費,stable,jppfs_cor:SellingGeneralAndAdministrativeExpenses
1148992,S100O87R,jppfs_cor:SellingGeneralAndAdministrativeExpenses,販売費及び一般管理費,stable,jppfs_cor:OperatingIncome
1148993,S100O87R,jppfs_cor:OtherNOI,その他、営業外収益,increase_10,jppfs_cor:NonOperatingIncome
1148994,S100O87R,jppfs_cor:OtherIOA,その他、投資その他の資産,stable,jppfs_cor:InvestmentsAndOtherAssets
1148995,S100O87R,jpcrp030000-asr_E04657-000:ProvisionForRetirementBenefitsCOSExpOA,退職給付引当金繰入,increase_20,jppfs_cor:OperatingExpenses
1148996,S100O87R,jppfs_cor:OtherSGA,その他、販売費及び一般管理費,decrease_10,jppfs_cor:SellingGeneralAndAdministrativeExpenses
1148997,S100O87R,jppfs_cor:ContributionNOE,寄付金、営業外費用,stable,jppfs_cor:NonOperatingExpenses
1148998,S100O87R,jppfs_cor:RepairExpensesSGA,修繕費、販売費及び一般管理費,decrease_20,jppfs_cor:SellingGeneralAndAdministrativeExpenses
1148999,S100O87R,jppfs_cor:HeatingAndLightingExpensesSGA,光熱費、販売費及び一般管理費,increase_20,jppfs_cor:SellingGeneralAndAdministrativeExpenses
1149000,S100O87R,jppfs_cor:Buildings,建物,stable,jppfs_cor:BuildingsNet
1149001,S100O87R,jppfs_cor:AccruedConsumptionTaxes,未払消費税等,increase_20,jppfs_cor:CurrentLiabilities
1149002,S100O87R,jppfs_cor:CommissionFeeNOI,受取手数料、営業外収益,stable,jppfs_cor:NonOperatingIncome
1149003,S100O87R,jppfs_cor:Merchandise,商品,decrease_20,jppfs_cor:CurrentAssets
1149004,S100O87R,jppfs_cor:AccruedBusinessOfficeTaxes,未払事業所税,stable,jppfs_cor:CurrentLiabilities
1149005,S100O87R,jpcrp030000-asr_E04657-000:PayAllowanceCOSExpOA,賃金手当,increase_10,jppfs_cor:OperatingExpenses
1149006,S100O87R,jppfs_cor:InsuranceIncomeNOI,受取保険金、営業外収益,decrease_20,jppfs_cor:NonOperatingIncome
1149007,S100O87R,jppfs_cor:Land,土地,stable,jppfs_cor:PropertyPlantAndEquipment
1149008,S100O87R,jppfs_cor:Liabilities,負債,increase_20,jppfs_cor:LiabilitiesAndNetAssets
1149009,S100O87R,jppfs_cor:SubsidyIncomeNOIBounty,助成金収入、営業外収益,decrease_20,jppfs_cor:NonOperatingIncome
1149010,S100O87R,jppfs_cor:IncomeTaxes,法人税等,decrease_20,jppfs_cor:ProfitLoss
1149011,S100O87R,jpcrp030000-asr_E04657-000:GolfCourseUseTaxRewardNOI,ゴルフ場利用税報奨金,stable,jppfs_cor:NonOperatingIncome
1149012,S100O87R,jppfs_cor:InterestIncomeNOI,受取利息、営業外収益,decrease_20,jppfs_cor:NonOperatingIncome
1149013,S100O87R,jppfs_cor:OrdinaryIncome,経常利益又は経常損失（△）,decrease_20,jppfs_cor:IncomeBeforeIncomeTaxes
1149014,S100O87R,jppfs_cor:DeferredTaxAssets,繰延税金資産,increase_10,jppfs_cor:InvestmentsAndOtherAssets
1149015,S100O87R,jppfs_cor:AdvancesReceived,前受金,increase_20,jppfs_cor:CurrentLiabilities
1149016,S100O87R,jppfs_cor:ProvisionForRetirementBenefits,退職給付引当金,stable,jppfs_cor:NoncurrentLiabilities
1149017,S100O87R,jppfs_cor:SuppliesExpensesSGA,消耗品費、販売費及び一般管理費,decrease_10,jppfs_cor:SellingGeneralAndAdministrativeExpenses
1149018,S100O87R,jppfs_cor:PropertyPlantAndEquipment,有形固定資産,stable,jppfs_cor:NoncurrentAssets
1149019,S100O87R,jppfs_cor:RetainedEarningsBroughtForward,繰越利益剰余金,decrease_20,jppfs_cor:RetainedEarnings
1149020,S100O87R,jppfs_cor:DepositsReceived,預り金,decrease_20,jppfs_cor:CurrentLiabilities
1149021,S100O87R,jppfs_cor:TaxesAndDuesSGA,租税公課、販売費及び一般管理費,decrease_20,jppfs_cor:SellingGeneralAndAdministrativeExpenses
1149022,S100O87R,jppfs_cor:IntangibleAssets,無形固定資産,stable,jppfs_cor:NoncurrentAssets
1149023,S100O87R,jppfs_cor:IncomeTaxesPayable,未払法人税等,stable,jppfs_cor:CurrentLiabilities
1149024,S100O87R,jppfs_cor:OperatingIncome,営業利益又は営業損失（△）,decrease_20,jppfs_cor:OrdinaryIncome
1149025,S100O87R,jppfs_cor:InvestmentsInCapital,出資金,stable,jppfs_cor:InvestmentsAndOtherAssets
1149026,S100O87R,jppfs_cor:OtherCOSExpOA,その他、営業活動による費用・売上原価,increase_10,jppfs_cor:OperatingExpenses
1149027,S100O87R,jppfs_cor:LeaseholdRight,借地権,stable,jppfs_cor:IntangibleAssets
1149028,S100O87R,jpcrp030000-asr_E04657-000:GolfCourseEquipmentPPENCAAssets,ゴルフコース設備,stable,jpcrp030000-asr_E04657-000:GolfCourseEquipmentNet
1149029,S100O87R,jppfs_cor:AllowanceSGA,手当、販売費及び一般管理費,decrease_10,jppfs_cor:SellingGeneralAndAdministrativeExpenses
1149030,S100O87R,jppfs_cor:GrossProfit,売上総利益又は売上総損失（△）,increase_20,jppfs_cor:OperatingIncome
1149031,S100O87R,jpcrp030000-asr_E04657-000:AccumulatedDepreciationGolfCourseEquipmentPPENCAAssets,減価償却累計額,stable,jpcrp030000-asr_E04657-000:GolfCourseEquipmentNet
1149032,S100O87R,jppfs_cor:AccumulatedDepreciationToolsFurnitureAndFixtures,減価償却累計額、工具、器具及び備品,increase_10,jppfs_cor:ToolsFurnitureAndFixturesNet
1149033,S100O87R,jpcrp030000-asr_E04657-000:ContractLiabilitiesNCL,契約負債,new,jppfs_cor:NoncurrentLiabilities
1149034,S100O87R,jppfs_cor:ShareholdersEquity,株主資本,decrease_20,jppfs_cor:NetAssets
1149035,S100O87R,jppfs_cor:ProvisionForDirectorsRetirementBenefits,役員退職慰労引当金,increase_20,jppfs_cor:NoncurrentLiabilities
1149036,S100O87R,jppfs_cor:ContractLiabilities,契約負債,new,jppfs_cor:CurrentLiabilities
1149037,S100O87R,jppfs_cor:ToolsFurnitureAndFixtures,工具、器具及び備品,stable,jppfs_cor:ToolsFurnitureAndFixturesNet
1149038,S100O87R,jppfs_cor:CurrentAssets,流動資産,stable,jppfs_cor:Assets
1149039,S100O87R,jppfs_cor:CurrentLiabilities,流動負債,increase_20,jppfs_cor:Liabilities
1149040,S100O87R,jppfs_cor:AccruedExpenses,未払費用,increase_20,jppfs_cor:CurrentLiabilities
1149041,S100O87R,jppfs_cor:Supplies,貯蔵品,stable,jppfs_cor:CurrentAssets
1149042,S100O87R,jpcrp030000-asr_E04657-000:RentNOI,賃貸料,stable,jppfs_cor:NonOperatingIncome
1149043,S100O87R,jppfs_cor:Structures,構築物,stable,jppfs_cor:StructuresNet
1149044,S100O87R,jppfs_cor:CashAndDeposits,現金及び預金,stable,jppfs_cor:CurrentAssets
1149045,S100O87R,jppfs_cor:ProvisionForDirectorsRetirementBenefitsSGA,役員退職慰労引当金繰入額、販売費及び一般管理費,increase_10,jppfs_cor:SellingGeneralAndAdministrativeExpenses
1149046,S100O87R,jppfs_cor:IncomeTaxesDeferred,法人税等調整額,decrease_20,jppfs_cor:IncomeTaxes
1149047,S100O87R,jppfs_cor:AccountsReceivableOther,未収入金,increase_20,jppfs_cor:CurrentAssets
1149048,S100O87R,jppfs_cor:OtherCA,その他、流動資産,increase_10,jppfs_cor:CurrentAssets
1160381,S100O4IQ,jppfs_cor:AllowanceForDoubtfulAccountsIOAByGroup,貸倒引当金、投資その他の資産、一括控除,decrease_10,jppfs_cor:InvestmentsAndOtherAssets
1160382,S100O4IQ,jppfs_cor:OtherNOE,その他、営業外費用,decrease_10,jppfs_cor:NonOperatingExpenses
1160383,S100O4IQ,jppfs_cor:OperatingIncome,営業利益又は営業損失（△）,new,jppfs_cor:OrdinaryIncome
1160384,S100O4IQ,jppfs_cor:ProfitLossAttributableToNonControllingInterests,非支配株主に帰属する当期純利益又は非支配株主に帰属する当期純損失（△）,decrease_20,not_common_account
1160385,S100O4IQ,jppfs_cor:ValuationAndTranslationAdjustments,評価・換算差額等,decrease_20,jppfs_cor:NetAssets
1160386,S100O4IQ,jppfs_cor:GrossProfit,売上総利益又は売上総損失（△）,increase_20,jppfs_cor:GrossProfitNetGP
1160387,S100O4IQ,jppfs_cor:ProvisionForDirectorsRetirementBenefits,役員退職慰労引当金,stable,jppfs_cor:NoncurrentLiabilities
1160388,S100O4IQ,jppfs_cor:ProvisionForDirectorsRetirementBenefitsSGA,役員退職慰労引当金繰入額、販売費及び一般管理費,decrease_20,jppfs_cor:SellingGeneralAndAdministrativeExpenses
1160389,S100O4IQ,jppfs_cor:IncomeBeforeIncomeTaxes,税引前当期純利益又は税引前当期純損失（△）,new,jppfs_cor:ProfitLoss
1160390,S100O4IQ,jppfs_cor:ProvisionForDirectorsBonuses,役員賞与引当金,new,jppfs_cor:CurrentLiabilities
1160391,S100O4IQ,jppfs_cor:Land,土地,decrease_20,jppfs_cor:PropertyPlantAndEquipment
1160392,S100O4IQ,jppfs_cor:SellingGeneralAndAdministrativeExpenses,販売費及び一般管理費,increase_10,jppfs_cor:OperatingIncome
1160393,S100O4IQ,jppfs_cor:AssetRetirementObligationsNCL,資産除去債務、固定負債,stable,jppfs_cor:NoncurrentLiabilities
1160394,S100O4IQ,jppfs_cor:LongTermLoansPayable,長期借入金,decrease_20,jppfs_cor:NoncurrentLiabilities
1160395,S100O4IQ,jppfs_cor:NonOperatingExpenses,営業外費用,decrease_20,jppfs_cor:OrdinaryIncome
1160396,S100O4IQ,jppfs_cor:NotesAndAccountsPayableTrade,支払手形及び買掛金,decrease_10,jppfs_cor:CurrentLiabilities
1160397,S100O4IQ,jppfs_cor:ProfitLossAttributableToOwnersOfParent,親会社株主に帰属する当期純利益又は親会社株主に帰属する当期純損失（△）,new,not_common_account
1160398,S100O4IQ,jppfs_cor:CurrentPortionOfLongTermLoansPayable,１年内返済予定の長期借入金,stable,jppfs_cor:CurrentLiabilities
1160399,S100O4IQ,jppfs_cor:OtherNOI,その他、営業外収益,stable,jppfs_cor:NonOperatingIncome
1160400,S100O4IQ,jppfs_cor:GrossProfitNetGP,差引売上総利益又は差引売上総損失（△）、売上総利益,increase_20,jppfs_cor:OperatingIncome
1160401,S100O4IQ,jppfs_cor:ForeignExchangeGainsNOI,為替差益、営業外収益,new,jppfs_cor:NonOperatingIncome
1160402,S100O4IQ,jppfs_cor:NotesAndAccountsReceivableTrade,受取手形及び売掛金,decrease_10,jppfs_cor:CurrentAssets
1160403,S100O4IQ,jppfs_cor:CapitalStock,資本金,stable,jppfs_cor:ShareholdersEquity
1160404,S100O4IQ,jppfs_cor:NonOperatingIncome,営業外収益,new,jppfs_cor:OrdinaryIncome
1160405,S100O4IQ,jppfs_cor:InvestmentsAndOtherAssets,投資その他の資産,decrease_10,jppfs_cor:NoncurrentAssets
1160406,S100O4IQ,jppfs_cor:InterestExpensesNOE,支払利息、営業外費用,decrease_10,jppfs_cor:NonOperatingExpenses
1160407,S100O4IQ,jppfs_cor:ProvisionForBonusesSGA,賞与引当金繰入額、販売費及び一般管理費,increase_10,jppfs_cor:SellingGeneralAndAdministrativeExpenses
1160408,S100O4IQ,jppfs_cor:Liabilities,負債,decrease_20,jppfs_cor:LiabilitiesAndNetAssets
1160409,S100O4IQ,jppfs_cor:ProfitLoss,当期純利益又は当期純損失（△）（平成26年3月28日財規等改正後）,new,top_account
1160410,S100O4IQ,jppfs_cor:RoyaltyIncomeNOI,受取ロイヤリティー、営業外収益,decrease_20,jppfs_cor:NonOperatingIncome
1160411,S100O4IQ,jppfs_cor:OrdinaryIncome,経常利益又は経常損失（△）,new,jppfs_cor:IncomeBeforeIncomeTaxes
1160412,S100O4IQ,jppfs_cor:NetDefinedBenefitLiability,退職給付に係る負債,stable,jppfs_cor:NoncurrentLiabilities
1160413,S100O4IQ,jppfs_cor:SalariesAllowancesAndBonusesSGA,給料手当及び賞与、販売費及び一般管理費,increase_10,jppfs_cor:SellingGeneralAndAdministrativeExpenses
1160414,S100O4IQ,jppfs_cor:InterestIncomeNOI,受取利息、営業外収益,stable,jppfs_cor:NonOperatingIncome
1160415,S100O4IQ,jppfs_cor:AdvertisingAndPromotionExpensesSGA,広告宣伝費及び販売促進費、販売費及び一般管理費,increase_20,jppfs_cor:SellingGeneralAndAdministrativeExpenses
1160416,S100O4IQ,jppfs_cor:ProvisionForDirectorsBonusesSGA,役員賞与引当金繰入額、販売費及び一般管理費,new,jppfs_cor:SellingGeneralAndAdministrativeExpenses
1160417,S100O4IQ,jppfs_cor:CostOfSales,売上原価,increase_20,jppfs_cor:GrossProfit
1160418,S100O4IQ,jppfs_cor:InvestmentSecurities,投資有価証券,decrease_10,jppfs_cor:InvestmentsAndOtherAssets
1160419,S100O4IQ,jppfs_cor:OtherSGA,その他、販売費及び一般管理費,increase_10,jppfs_cor:SellingGeneralAndAdministrativeExpenses
1160420,S100O4IQ,jppfs_cor:RemeasurementsOfDefinedBenefitPlans,退職給付に係る調整累計額,decrease_20,jppfs_cor:ValuationAndTranslationAdjustments
1160421,S100O4IQ,jppfs_cor:ProvisionForPointCardCertificatesSGA,ポイント引当金繰入額、販売費及び一般管理費,increase_20,jppfs_cor:SellingGeneralAndAdministrativeExpenses
1160422,S100O4IQ,jppfs_cor:ProvisionForPointCardCertificatesCL,ポイント引当金、流動負債,increase_20,jppfs_cor:CurrentLiabilities
1160423,S100O4IQ,jpcrp030000-asr_E03387-000:LeaseExpensesSGA,リース料,stable,jppfs_cor:SellingGeneralAndAdministrativeExpenses
1160424,S100O4IQ,jppfs_cor:CashAndDeposits,現金及び預金,decrease_10,jppfs_cor:CurrentAssets
1160425,S100O4IQ,jppfs_cor:IncomeTaxesCurrent,法人税、住民税及び事業税,increase_20,jppfs_cor:IncomeTaxes
1160426,S100O4IQ,jppfs_cor:IncomeTaxes,法人税等,new,jppfs_cor:ProfitLoss
1160427,S100O4IQ,jppfs_cor:IntangibleAssets,無形固定資産,decrease_10,jppfs_cor:NoncurrentAssets
1160428,S100O4IQ,jppfs_cor:LeaseObligationsNCL,リース債務、固定負債,increase_20,jppfs_cor:NoncurrentLiabilities
1160429,S100O4IQ,jppfs_cor:OtherCL,その他、流動負債,increase_20,jppfs_cor:CurrentLiabilities
1160430,S100O4IQ,jppfs_cor:ShortTermLoansPayable,短期借入金,decrease_20,jppfs_cor:CurrentLiabilities
1160431,S100O4IQ,jppfs_cor:RentIncomeNOI,受取賃貸料、営業外収益,decrease_20,jppfs_cor:NonOperatingIncome
1160432,S100O4IQ,jppfs_cor:ExtraordinaryIncome,特別利益,decrease_10,jppfs_cor:IncomeBeforeIncomeTaxes
1160433,S100O4IQ,jppfs_cor:ValuationDifferenceOnAvailableForSaleSecurities,その他有価証券評価差額金,stable,jppfs_cor:ValuationAndTranslationAdjustments
1160434,S100O4IQ,jppfs_cor:ExtraordinaryLoss,特別損失,increase_20,jppfs_cor:IncomeBeforeIncomeTaxes
1160435,S100O4IQ,jppfs_cor:GainOnSalesOfNoncurrentAssetsEI,固定資産売却益、特別利益,new,jppfs_cor:ExtraordinaryIncome
1160436,S100O4IQ,jppfs_cor:RentExpensesSGA,賃借料、販売費及び一般管理費,increase_10,jppfs_cor:SellingGeneralAndAdministrativeExpenses
1160437,S100O4IQ,jppfs_cor:MerchandiseAndFinishedGoods,商品及び製品,increase_10,jppfs_cor:CurrentAssets
1160438,S100O4IQ,jppfs_cor:EquityInLossesOfAffiliatesNOE,持分法による投資損失、営業外費用,decrease_20,jppfs_cor:NonOperatingExpenses
1160439,S100O4IQ,jppfs_cor:RetirementBenefitExpensesSGA,退職給付費用、販売費及び一般管理費,increase_10,jppfs_cor:SellingGeneralAndAdministrativeExpenses
1160440,S100O4IQ,jppfs_cor:ForeignCurrencyTranslationAdjustment,為替換算調整勘定,decrease_20,jppfs_cor:ValuationAndTranslationAdjustments
1160441,S100O4IQ,jppfs_cor:GainOnSalesOfGolfMembershipsEI,ゴルフ会員権売却益、特別利益,new,jppfs_cor:ExtraordinaryIncome
1160442,S100O4IQ,jppfs_cor:DeferredTaxLiabilities,繰延税金負債,decrease_20,jppfs_cor:NoncurrentLiabilities
1160443,S100O4IQ,jppfs_cor:LossOnRetirementOfNoncurrentAssetsEL,固定資産除却損、特別損失,increase_20,jppfs_cor:ExtraordinaryLoss
1160444,S100O4IQ,jppfs_cor:OtherCA,その他、流動資産,decrease_20,jppfs_cor:CurrentAssets
1160445,S100O4IQ,jppfs_cor:DeferredTaxAssets,繰延税金資産,decrease_10,jppfs_cor:InvestmentsAndOtherAssets
1160446,S100O4IQ,jppfs_cor:PropertyPlantAndEquipment,有形固定資産,decrease_10,jppfs_cor:NoncurrentAssets
1160447,S100O4IQ,jppfs_cor:GuaranteeDepositsIOA,差入保証金、投資その他の資産,decrease_10,jppfs_cor:InvestmentsAndOtherAssets
1160448,S100O4IQ,jppfs_cor:OtherIOA,その他、投資その他の資産,stable,jppfs_cor:InvestmentsAndOtherAssets
1160449,S100O4IQ,jppfs_cor:IncomeTaxesDeferred,法人税等調整額,decrease_20,jppfs_cor:IncomeTaxes
1160450,S100O4IQ,jppfs_cor:OtherNCL,その他、固定負債,increase_20,jppfs_cor:NoncurrentLiabilities
1160451,S100O4IQ,jppfs_cor:IncomeTaxesPayable,未払法人税等,new,jppfs_cor:CurrentLiabilities
1160452,S100O4IQ,jppfs_cor:ImpairmentLossEL,減損損失、特別損失,increase_20,jppfs_cor:ExtraordinaryLoss
1160453,S100O4IQ,jppfs_cor:CurrentLiabilities,流動負債,decrease_20,jppfs_cor:Liabilities
1160454,S100O4IQ,jppfs_cor:ProvisionForBonuses,賞与引当金,increase_10,jppfs_cor:CurrentLiabilities
1160455,S100O4IQ,jppfs_cor:TreasuryStock,自己株式,stable,jppfs_cor:ShareholdersEquity
1160456,S100O4IQ,jppfs_cor:CurrentAssets,流動資産,decrease_10,jppfs_cor:Assets
1160457,S100O4IQ,jppfs_cor:LongTermAccountsPayableOther,長期未払金,decrease_20,jppfs_cor:NoncurrentLiabilities
1160458,S100O4IQ,jppfs_cor:CapitalSurplus,資本剰余金,stable,jppfs_cor:ShareholdersEquity
1160459,S100O4IQ,jppfs_cor:ProvisionForSalesReturnsGP,返品調整引当金繰入額、差引売上総利益,stable,jppfs_cor:GrossProfitNetGP
1160460,S100O4IQ,jppfs_cor:AccruedExpenses,未払費用,decrease_10,jppfs_cor:CurrentLiabilities
1160461,S100O4IQ,jppfs_cor:RawMaterialsAndSupplies,原材料及び貯蔵品,stable,jppfs_cor:CurrentAssets
1160462,S100O4IQ,jppfs_cor:WelfareExpensesSGA,福利厚生費、販売費及び一般管理費,stable,jppfs_cor:SellingGeneralAndAdministrativeExpenses
1160463,S100O4IQ,jppfs_cor:NetSales,売上高,increase_20,jppfs_cor:GrossProfit
1160464,S100O4IQ,jppfs_cor:TransportationAndWarehousingExpensesSGA,運送費及び保管費、販売費及び一般管理費,increase_20,jppfs_cor:SellingGeneralAndAdministrativeExpenses
1160465,S100O4IQ,jppfs_cor:RetainedEarnings,利益剰余金,increase_10,jppfs_cor:ShareholdersEquity
1160466,S100O4IQ,jppfs_cor:NoncurrentLiabilities,固定負債,decrease_10,jppfs_cor:Liabilities
1160467,S100O4IQ,jpcrp030000-asr_E03387-000:SubsidyIncomeRelatedToCOVIDNOI,新型コロナウイルス感染症による助成金収入,new,jppfs_cor:NonOperatingIncome
1160468,S100O4IQ,jppfs_cor:NoncurrentAssets,固定資産,decrease_10,jppfs_cor:Assets
1160469,S100O4IQ,jppfs_cor:ShareholdersEquity,株主資本,increase_10,jppfs_cor:NetAssets
1173137,S100NY07,jppfs_cor:ExtraordinaryIncome,特別利益,new,jppfs_cor:IncomeBeforeIncomeTaxes
1173138,S100NY07,jppfs_cor:AccumulatedDepreciationStructures,減価償却累計額、構築物,stable,jppfs_cor:StructuresNet
1173139,S100NY07,jppfs_cor:NonOperatingExpenses,営業外費用,increase_20,jppfs_cor:OrdinaryIncome
1173140,S100NY07,jppfs_cor:GuaranteeDepositsIOA,差入保証金、投資その他の資産,decrease_20,jppfs_cor:InvestmentsAndOtherAssets
1173141,S100NY07,jppfs_cor:CapitalSurplus,資本剰余金,new,jppfs_cor:ShareholdersEquity
1173142,S100NY07,jppfs_cor:LegalCapitalSurplus,資本準備金,stable,jppfs_cor:CapitalSurplus
1173143,S100NY07,jppfs_cor:IncomeTaxesCurrent,法人税、住民税及び事業税,stable,jppfs_cor:IncomeTaxes
1173144,S100NY07,jppfs_cor:RetainedEarnings,利益剰余金,decrease_20,jppfs_cor:ShareholdersEquity
1173145,S100NY07,jppfs_cor:IncomeTaxes,法人税等,decrease_20,jppfs_cor:ProfitLoss
1173146,S100NY07,jppfs_cor:ExtraordinaryLoss,特別損失,new,jppfs_cor:IncomeBeforeIncomeTaxes
1173147,S100NY07,jppfs_cor:ProfitLoss,当期純利益又は当期純損失（△）（平成26年3月28日財規等改正後）,decrease_20,top_account
1173148,S100NY07,jppfs_cor:GeneralReserve,別途積立金,stable,jppfs_cor:RetainedEarnings
1173149,S100NY07,jppfs_cor:ConstructionInProgress,建設仮勘定,new,jppfs_cor:PropertyPlantAndEquipment
1173150,S100NY07,jppfs_cor:OrdinaryIncome,経常利益又は経常損失（△）,decrease_20,jppfs_cor:IncomeBeforeIncomeTaxes
1173151,S100NY07,jppfs_cor:ImpairmentLossEL,減損損失、特別損失,new,jppfs_cor:ExtraordinaryLoss
1173152,S100NY07,jppfs_cor:NonOperatingIncome,営業外収益,increase_20,jppfs_cor:OrdinaryIncome
1173153,S100NY07,jppfs_cor:DividendsIncomeNOI,受取配当金、営業外収益,decrease_10,jppfs_cor:NonOperatingIncome
1173154,S100NY07,jppfs_cor:MiscellaneousIncomeNOI,雑収入、営業外収益,increase_20,jppfs_cor:NonOperatingIncome
1173155,S100NY07,jppfs_cor:RetainedEarningsBroughtForward,繰越利益剰余金,new,jppfs_cor:RetainedEarnings
1173156,S100NY07,jppfs_cor:ProvisionForRetirementBenefits,退職給付引当金,decrease_10,jppfs_cor:NoncurrentLiabilities
1173157,S100NY07,jppfs_cor:Liabilities,負債,stable,jppfs_cor:LiabilitiesAndNetAssets
1173158,S100NY07,jppfs_cor:AccumulatedDepreciationLeaseAssetsPPE,減価償却累計額、リース資産、有形固定資産,increase_10,jppfs_cor:LeaseAssetsNetPPE
1173159,S100NY07,jppfs_cor:AccumulatedDepreciationToolsFurnitureAndFixtures,減価償却累計額、工具、器具及び備品,stable,jppfs_cor:ToolsFurnitureAndFixturesNet
1173160,S100NY07,jppfs_cor:Land,土地,stable,jppfs_cor:PropertyPlantAndEquipment
1173161,S100NY07,jppfs_cor:OtherNCL,その他、固定負債,stable,jppfs_cor:NoncurrentLiabilities
1173162,S100NY07,jppfs_cor:AllowanceForDoubtfulAccountsCA,貸倒引当金、流動資産、一括控除,decrease_20,jppfs_cor:CurrentAssets
1173163,S100NY07,jppfs_cor:InvestmentsAndOtherAssets,投資その他の資産,decrease_20,jppfs_cor:NoncurrentAssets
1173164,S100NY07,jppfs_cor:IncomeTaxesReceivable,未収還付法人税等,decrease_20,jppfs_cor:CurrentAssets
1173165,S100NY07,jpcrp030000-asr_E04763-000:ProfitRelatedToEmploymentAdjustmentSubsidesEtcNOI,雇用調整助成金等,increase_20,jppfs_cor:NonOperatingIncome
1173166,S100NY07,jppfs_cor:GrossProfit,売上総利益又は売上総損失（△）,increase_20,jppfs_cor:OperatingIncome
1173167,S100NY07,jppfs_cor:OtherCapitalSurplus,その他資本剰余金,new,jppfs_cor:CapitalSurplus
1173168,S100NY07,jppfs_cor:DepreciationNOE,減価償却費、営業外費用,decrease_20,jppfs_cor:NonOperatingExpenses
1173169,S100NY07,jppfs_cor:OtherCA,その他、流動資産,stable,jppfs_cor:CurrentAssets
1173170,S100NY07,jppfs_cor:InterestOnSecuritiesNOI,有価証券利息、営業外収益,stable,jppfs_cor:NonOperatingIncome
1173171,S100NY07,jppfs_cor:LegalRetainedEarnings,利益準備金,stable,jppfs_cor:RetainedEarnings
1173172,S100NY07,jppfs_cor:CostOfSales,売上原価,stable,jppfs_cor:GrossProfit
1173173,S100NY07,jpcrp030000-asr_E04763-000:RentExpensesOnLandAndBuildingsNOE,地代家賃,new,jppfs_cor:NonOperatingExpenses
1173174,S100NY07,jppfs_cor:CostOfProductsManufactured,当期製品製造原価,stable,jppfs_cor:CostOfSales
1173175,S100NY07,jppfs_cor:IncomeBeforeIncomeTaxes,税引前当期純利益又は税引前当期純損失（△）,decrease_20,jppfs_cor:ProfitLoss
1173176,S100NY07,jppfs_cor:LossOnClosingOfStoresEL,店舗閉鎖損失、特別損失,new,jppfs_cor:ExtraordinaryLoss
1173177,S100NY07,jppfs_cor:ProvisionForBonuses,賞与引当金,increase_20,jppfs_cor:CurrentLiabilities
1173178,S100NY07,jppfs_cor:IntangibleAssets,無形固定資産,increase_20,jppfs_cor:NoncurrentAssets
1173179,S100NY07,jppfs_cor:OperatingIncome,営業利益又は営業損失（△）,decrease_20,jppfs_cor:OrdinaryIncome
1173180,S100NY07,jppfs_cor:SellingGeneralAndAdministrativeExpenses,販売費及び一般管理費,decrease_10,jppfs_cor:OperatingIncome
1173181,S100NY07,jppfs_cor:Buildings,建物,stable,jppfs_cor:BuildingsNet
1173182,S100NY07,jppfs_cor:UnearnedRevenue,前受収益,stable,jppfs_cor:CurrentLiabilities
1173183,S100NY07,jpcrp030000-asr_E04763-000:GainOnDifferencesBetweenTheAssetRetirementObligationBalanceAndTheActualRetirementCostsEI,資産除去債務履行差額,new,jppfs_cor:ExtraordinaryIncome
1173184,S100NY07,jppfs_cor:AccountsPayableTrade,買掛金,new,jppfs_cor:CurrentLiabilities
1173185,S100NY07,jppfs_cor:AccumulatedDepreciationMachineryAndEquipment,減価償却累計額、機械及び装置,stable,jppfs_cor:MachineryAndEquipmentNet
1173186,S100NY07,jppfs_cor:AccountsPayableOther,未払金,decrease_20,jppfs_cor:CurrentLiabilities
1173187,S100NY07,jppfs_cor:CashAndDeposits,現金及び預金,decrease_10,jppfs_cor:CurrentAssets
1173188,S100NY07,jppfs_cor:IncomeTaxesPayable,未払法人税等,increase_10,jppfs_cor:CurrentLiabilities
1173189,S100NY07,jppfs_cor:Inventories,棚卸資産,decrease_10,jppfs_cor:CurrentAssets
1173190,S100NY07,jppfs_cor:PrepaidExpenses,前払費用,decrease_10,jppfs_cor:CurrentAssets
1173191,S100NY07,jppfs_cor:NoncurrentLiabilities,固定負債,stable,jppfs_cor:Liabilities
1173192,S100NY07,jppfs_cor:NoncurrentAssets,固定資産,decrease_10,jppfs_cor:Assets
1173193,S100NY07,jppfs_cor:LongTermPrepaidExpenses,長期前払費用,new,jppfs_cor:InvestmentsAndOtherAssets
1173194,S100NY07,jppfs_cor:LeaseObligationsCL,リース債務、流動負債,stable,jppfs_cor:CurrentLiabilities
1173195,S100NY07,jppfs_cor:InterestIncomeNOI,受取利息、営業外収益,decrease_20,jppfs_cor:NonOperatingIncome
1173196,S100NY07,jppfs_cor:LongTermUnearnedRevenue,長期前受収益,stable,jppfs_cor:NoncurrentLiabilities
1173197,S100NY07,jppfs_cor:AccountsReceivableTrade,売掛金,increase_20,jppfs_cor:CurrentAssets
1173198,S100NY07,jppfs_cor:MachineryAndEquipment,機械及び装置,stable,jppfs_cor:MachineryAndEquipmentNet
1173199,S100NY07,jppfs_cor:ValuationDifferenceOnAvailableForSaleSecurities,その他有価証券評価差額金,decrease_10,jppfs_cor:ValuationAndTranslationAdjustments
1173200,S100NY07,jppfs_cor:LeaseAssetsPPE,リース資産、有形固定資産,increase_20,jppfs_cor:LeaseAssetsNetPPE
1173201,S100NY07,jppfs_cor:DepositsReceived,預り金,decrease_20,jppfs_cor:CurrentLiabilities
1173202,S100NY07,jppfs_cor:AccumulatedDepreciationBuildings,減価償却累計額、建物,stable,jppfs_cor:BuildingsNet
1173203,S100NY07,jppfs_cor:CapitalStock,資本金,decrease_20,jppfs_cor:ShareholdersEquity
1173204,S100NY07,jppfs_cor:LeaseholdRight,借地権,stable,jppfs_cor:IntangibleAssets
1173205,S100NY07,jppfs_cor:InvestmentsInCapital,出資金,stable,jppfs_cor:InvestmentsAndOtherAssets
1173206,S100NY07,jppfs_cor:ToolsFurnitureAndFixtures,工具、器具及び備品,stable,jppfs_cor:ToolsFurnitureAndFixturesNet
1173207,S100NY07,jppfs_cor:DeferredTaxLiabilities,繰延税金負債,decrease_10,jppfs_cor:NoncurrentLiabilities
1173208,S100NY07,jppfs_cor:ProvisionForDirectorsRetirementBenefits,役員退職慰労引当金,increase_10,jppfs_cor:NoncurrentLiabilities
1173209,S100NY07,jppfs_cor:PropertyPlantAndEquipment,有形固定資産,stable,jppfs_cor:NoncurrentAssets
1173210,S100NY07,jppfs_cor:TreasuryStock,自己株式,stable,jppfs_cor:ShareholdersEquity
1173211,S100NY07,jppfs_cor:ValuationAndTranslationAdjustments,評価・換算差額等,decrease_10,jppfs_cor:NetAssets
1173212,S100NY07,jppfs_cor:AdvancesReceived,前受金,new,jppfs_cor:CurrentLiabilities
1173213,S100NY07,jppfs_cor:CurrentAssets,流動資産,decrease_10,jppfs_cor:Assets
1173214,S100NY07,jppfs_cor:AccruedExpenses,未払費用,stable,jppfs_cor:CurrentLiabilities
1173215,S100NY07,jppfs_cor:Structures,構築物,stable,jppfs_cor:StructuresNet
1173216,S100NY07,jppfs_cor:CurrentLiabilities,流動負債,increase_10,jppfs_cor:Liabilities
1173217,S100NY07,jppfs_cor:ShortTermInvestmentSecurities,有価証券,new,jppfs_cor:CurrentAssets
1173218,S100NY07,jppfs_cor:LeaseObligationsNCL,リース債務、固定負債,new,jppfs_cor:NoncurrentLiabilities
1173219,S100NY07,jppfs_cor:Software,ソフトウエア,new,jppfs_cor:IntangibleAssets
1173220,S100NY07,jppfs_cor:InvestmentSecurities,投資有価証券,decrease_10,jppfs_cor:InvestmentsAndOtherAssets
1173221,S100NY07,jppfs_cor:ShareholdersEquity,株主資本,decrease_20,jppfs_cor:NetAssets
1173222,S100NY07,jppfs_cor:NetSales,売上高,increase_20,jppfs_cor:GrossProfit
1173223,S100NY07,jppfs_cor:TelephoneSubscriptionRight,電話加入権,stable,jppfs_cor:IntangibleAssets
1173224,S100NY07,jppfs_cor:AccruedConsumptionTaxes,未払消費税等,new,jppfs_cor:CurrentLiabilities
1207194,S100NPKP,jppfs_cor:SellingGeneralAndAdministrativeExpenses,販売費及び一般管理費,stable,jppfs_cor:OperatingIncome
1207195,S100NPKP,jppfs_cor:ProvisionForShareBasedRemunerationForDirectorsAndOtherOfficersNCL,役員株式給付引当金、固定負債,increase_20,jppfs_cor:NoncurrentLiabilities
1207196,S100NPKP,jppfs_cor:GrossProfit,売上総利益又は売上総損失（△）,stable,jppfs_cor:OperatingIncome
1207197,S100NPKP,jppfs_cor:AccumulatedDepreciationBuildingsAndStructures,減価償却累計額、建物及び構築物,increase_10,jppfs_cor:BuildingsAndStructuresNet
1207198,S100NPKP,jppfs_cor:InterestExpensesNOE,支払利息、営業外費用,stable,jppfs_cor:NonOperatingExpenses
1207199,S100NPKP,jppfs_cor:OtherNOI,その他、営業外収益,increase_20,jppfs_cor:NonOperatingIncome
1207200,S100NPKP,jppfs_cor:OtherNOE,その他、営業外費用,decrease_20,jppfs_cor:NonOperatingExpenses
1207201,S100NPKP,jppfs_cor:AllowanceForDoubtfulAccountsCA,貸倒引当金、流動資産、一括控除,new,jppfs_cor:CurrentAssets
1207202,S100NPKP,jppfs_cor:BuildingsAndStructures,建物及び構築物,stable,jppfs_cor:BuildingsAndStructuresNet
1207203,S100NPKP,jppfs_cor:OtherNCL,その他、固定負債,stable,jppfs_cor:NoncurrentLiabilities
1207204,S100NPKP,jppfs_cor:ForeignCurrencyTranslationAdjustment,為替換算調整勘定,decrease_20,jppfs_cor:ValuationAndTranslationAdjustments
1207205,S100NPKP,jppfs_cor:TreasuryStock,自己株式,stable,jppfs_cor:ShareholdersEquity
1207206,S100NPKP,jppfs_cor:InvestmentsAndOtherAssets,投資その他の資産,increase_10,jppfs_cor:NoncurrentAssets
1207207,S100NPKP,jppfs_cor:RentExpensesOnRealEstatesNOE,不動産賃貸費用、営業外費用,stable,jppfs_cor:NonOperatingExpenses
1207208,S100NPKP,jppfs_cor:Land,土地,stable,jppfs_cor:PropertyPlantAndEquipment
1207209,S100NPKP,jppfs_cor:CurrentLiabilities,流動負債,increase_10,jppfs_cor:Liabilities
1207210,S100NPKP,jppfs_cor:OtherCA,その他、流動資産,increase_20,jppfs_cor:CurrentAssets
1207211,S100NPKP,jppfs_cor:IncomeTaxesCurrent,法人税、住民税及び事業税,increase_20,jppfs_cor:IncomeTaxes
1207212,S100NPKP,jppfs_cor:LossOnValuationOfInvestmentSecuritiesNOE,投資有価証券評価損、営業外費用,decrease_20,jppfs_cor:NonOperatingExpenses
1207213,S100NPKP,jppfs_cor:OperatingIncome,営業利益又は営業損失（△）,increase_20,jppfs_cor:OrdinaryIncome
1207214,S100NPKP,jppfs_cor:Liabilities,負債,increase_10,jppfs_cor:LiabilitiesAndNetAssets
1207215,S100NPKP,jppfs_cor:OrdinaryIncome,経常利益又は経常損失（△）,increase_20,jppfs_cor:IncomeBeforeIncomeTaxes
1207216,S100NPKP,jppfs_cor:OtherPPE,その他、有形固定資産,increase_10,jppfs_cor:OtherNetPPE
1207217,S100NPKP,jppfs_cor:CurrentAssets,流動資産,increase_10,jppfs_cor:Assets
1207218,S100NPKP,jppfs_cor:ShareholdersEquity,株主資本,increase_10,jppfs_cor:NetAssets
1207219,S100NPKP,jppfs_cor:Inventories,棚卸資産,stable,jppfs_cor:CurrentAssets
1207220,S100NPKP,jppfs_cor:NoncurrentLiabilities,固定負債,stable,jppfs_cor:Liabilities
1207221,S100NPKP,jppfs_cor:ValuationAndTranslationAdjustments,評価・換算差額等,new,jppfs_cor:NetAssets
1207222,S100NPKP,jppfs_cor:NoncurrentAssets,固定資産,stable,jppfs_cor:Assets
1207223,S100NPKP,jppfs_cor:OtherIA,その他、無形固定資産,stable,jppfs_cor:IntangibleAssets
1207224,S100NPKP,jppfs_cor:AssetRetirementObligationsCL,資産除去債務、流動負債,new,jppfs_cor:CurrentLiabilities
1207225,S100NPKP,jppfs_cor:CostOfSales,売上原価,stable,jppfs_cor:GrossProfit
1207226,S100NPKP,jppfs_cor:AccountsPayableTrade,買掛金,increase_20,jppfs_cor:CurrentLiabilities
1207227,S100NPKP,jppfs_cor:IncomeBeforeIncomeTaxes,税引前当期純利益又は税引前当期純損失（△）,increase_20,jppfs_cor:ProfitLoss
1207228,S100NPKP,jppfs_cor:AdvancesReceived,前受金,stable,jppfs_cor:CurrentLiabilities
1207229,S100NPKP,jppfs_cor:OtherCL,その他、流動負債,stable,jppfs_cor:CurrentLiabilities
1207230,S100NPKP,jppfs_cor:CapitalStock,資本金,stable,jppfs_cor:ShareholdersEquity
1207231,S100NPKP,jppfs_cor:RealEstateRentNOI,不動産賃貸料、営業外収益,stable,jppfs_cor:NonOperatingIncome
1207232,S100NPKP,jppfs_cor:InvestmentSecurities,投資有価証券,increase_20,jppfs_cor:InvestmentsAndOtherAssets
1207233,S100NPKP,jppfs_cor:IncomeTaxes,法人税等,increase_20,jppfs_cor:ProfitLoss
1207234,S100NPKP,jppfs_cor:PropertyPlantAndEquipment,有形固定資産,stable,jppfs_cor:NoncurrentAssets
1207235,S100NPKP,jppfs_cor:IncomeTaxesPayable,未払法人税等,increase_20,jppfs_cor:CurrentLiabilities
1207236,S100NPKP,jppfs_cor:NonOperatingIncome,営業外収益,increase_20,jppfs_cor:OrdinaryIncome
1207237,S100NPKP,jppfs_cor:ProfitLossAttributableToNonControllingInterests,非支配株主に帰属する当期純利益又は非支配株主に帰属する当期純損失（△）,increase_20,not_common_account
1207238,S100NPKP,jppfs_cor:ProfitLoss,当期純利益又は当期純損失（△）（平成26年3月28日財規等改正後）,increase_20,top_account
1207239,S100NPKP,jppfs_cor:NonOperatingExpenses,営業外費用,decrease_20,jppfs_cor:OrdinaryIncome
1207240,S100NPKP,jppfs_cor:InterestAndDividendsIncomeNOI,受取利息及び配当金、営業外収益,decrease_10,jppfs_cor:NonOperatingIncome
1207241,S100NPKP,jppfs_cor:Software,ソフトウエア,increase_20,jppfs_cor:IntangibleAssets
1207242,S100NPKP,jppfs_cor:DeferredTaxAssets,繰延税金資産,increase_10,jppfs_cor:InvestmentsAndOtherAssets
1207243,S100NPKP,jppfs_cor:IntangibleAssets,無形固定資産,increase_10,jppfs_cor:NoncurrentAssets
1207244,S100NPKP,jppfs_cor:RetainedEarnings,利益剰余金,increase_10,jppfs_cor:ShareholdersEquity
1207245,S100NPKP,jppfs_cor:AccumulatedDepreciationOtherPPE,減価償却累計額、その他、有形固定資産,increase_10,jppfs_cor:OtherNetPPE
1207246,S100NPKP,jppfs_cor:CapitalSurplus,資本剰余金,stable,jppfs_cor:ShareholdersEquity
1207247,S100NPKP,jppfs_cor:AllowanceForDoubtfulAccountsIOAByGroup,貸倒引当金、投資その他の資産、一括控除,stable,jppfs_cor:InvestmentsAndOtherAssets
1207248,S100NPKP,jppfs_cor:ValuationDifferenceOnAvailableForSaleSecurities,その他有価証券評価差額金,new,jppfs_cor:ValuationAndTranslationAdjustments
1207249,S100NPKP,jppfs_cor:InsuranceFunds,保険積立金,stable,jppfs_cor:InvestmentsAndOtherAssets
1207250,S100NPKP,jppfs_cor:OtherIOA,その他、投資その他の資産,stable,jppfs_cor:InvestmentsAndOtherAssets
1207251,S100NPKP,jppfs_cor:CashAndDeposits,現金及び預金,increase_10,jppfs_cor:CurrentAssets
1207252,S100NPKP,jppfs_cor:NotesAndAccountsReceivableTrade,受取手形及び売掛金,decrease_10,jppfs_cor:CurrentAssets
1207253,S100NPKP,jppfs_cor:AccumulatedDepreciationMachineryEquipmentAndVehicles,減価償却累計額、機械装置及び運搬具,increase_10,jppfs_cor:MachineryEquipmentAndVehiclesNet
1207254,S100NPKP,jppfs_cor:ProfitLossAttributableToOwnersOfParent,親会社株主に帰属する当期純利益又は親会社株主に帰属する当期純損失（△）,new,not_common_account
1207255,S100NPKP,jpcrp030000-asr_E02120-000:GainOnForgivenessOfDebtsNOI,債務免除益,new,jppfs_cor:NonOperatingIncome
1207256,S100NPKP,jppfs_cor:IncomeTaxesDeferred,法人税等調整額,increase_20,jppfs_cor:IncomeTaxes
1207257,S100NPKP,jppfs_cor:MachineryEquipmentAndVehicles,機械装置及び運搬具,increase_10,jppfs_cor:MachineryEquipmentAndVehiclesNet
1207258,S100NPKP,jppfs_cor:NetDefinedBenefitLiability,退職給付に係る負債,stable,jppfs_cor:NoncurrentLiabilities
1207259,S100NPKP,jppfs_cor:NetSales,売上高,stable,jppfs_cor:GrossProfit
1288881,S100LU1K,jppfs_cor:ForeignCurrencyTranslationAdjustment,為替換算調整勘定,decrease_20,jppfs_cor:ValuationAndTranslationAdjustments
1288882,S100LU1K,jppfs_cor:ProfitLossAttributableToOwnersOfParent,親会社株主に帰属する当期純利益又は親会社株主に帰属する当期純損失（△）,increase_10,not_common_account
1288883,S100LU1K,jppfs_cor:IncomeBeforeIncomeTaxes,税引前当期純利益又は税引前当期純損失（△）,increase_10,jppfs_cor:ProfitLoss
1288884,S100LU1K,jppfs_cor:NetDefinedBenefitLiability,退職給付に係る負債,decrease_10,jppfs_cor:NoncurrentLiabilities
1288885,S100LU1K,jppfs_cor:LossOnValuationOfStocksOfSubsidiariesAndAffiliatesEL,関係会社株式評価損、特別損失,new,jppfs_cor:ExtraordinaryLoss
1288886,S100LU1K,jppfs_cor:LossOnSalesOfInvestmentSecuritiesEL,投資有価証券売却損、特別損失,decrease_20,jppfs_cor:ExtraordinaryLoss
1288887,S100LU1K,jppfs_cor:Liabilities,負債,increase_10,jppfs_cor:LiabilitiesAndNetAssets
1288888,S100LU1K,jppfs_cor:OtherNCL,その他、固定負債,increase_10,jppfs_cor:NoncurrentLiabilities
1288889,S100LU1K,jppfs_cor:GainOnSalesOfInvestmentSecuritiesEI,投資有価証券売却益、特別利益,decrease_20,jppfs_cor:ExtraordinaryIncome
1288890,S100LU1K,jppfs_cor:ValuationAndTranslationAdjustments,評価・換算差額等,decrease_20,jppfs_cor:NetAssets
1288891,S100LU1K,jppfs_cor:MachineryEquipmentAndVehiclesNet,機械装置及び運搬具,increase_10,jppfs_cor:PropertyPlantAndEquipment
1288892,S100LU1K,jppfs_cor:ProfitLossAttributableToNonControllingInterests,非支配株主に帰属する当期純利益又は非支配株主に帰属する当期純損失（△）,decrease_20,not_common_account
1288893,S100LU1K,jppfs_cor:GainOnSalesOfSubsidiariesAndAffiliatesStocksEI,関係会社株式売却益、特別利益,new,jppfs_cor:ExtraordinaryIncome
1288894,S100LU1K,jppfs_cor:NoncurrentLiabilities,固定負債,stable,jppfs_cor:Liabilities
1288895,S100LU1K,jppfs_cor:TreasuryStock,自己株式,increase_20,jppfs_cor:ShareholdersEquity
1288896,S100LU1K,jppfs_cor:ConstructionInProgress,建設仮勘定,increase_20,jppfs_cor:PropertyPlantAndEquipment
1288897,S100LU1K,jppfs_cor:RawMaterialsAndSupplies,原材料及び貯蔵品,stable,jppfs_cor:CurrentAssets
1288898,S100LU1K,jppfs_cor:NetDefinedBenefitAsset,退職給付に係る資産,new,jppfs_cor:InvestmentsAndOtherAssets
1288899,S100LU1K,jppfs_cor:InvestmentSecurities,投資有価証券,stable,jppfs_cor:InvestmentsAndOtherAssets
1288900,S100LU1K,jppfs_cor:GrossProfit,売上総利益又は売上総損失（△）,stable,jppfs_cor:OperatingIncome
1288901,S100LU1K,jppfs_cor:Land,土地,stable,jppfs_cor:PropertyPlantAndEquipment
1288902,S100LU1K,jppfs_cor:ForeignExchangeGainsNOI,為替差益、営業外収益,new,jppfs_cor:NonOperatingIncome
1288903,S100LU1K,jppfs_cor:LeaseholdRight,借地権,stable,jppfs_cor:IntangibleAssets
1288904,S100LU1K,jppfs_cor:CapitalStock,資本金,stable,jppfs_cor:ShareholdersEquity
1288905,S100LU1K,jpcrp030000-asr_E01673-000:GainOnInvestmentsInInsuranceFundsNOI,保険積立金運用益,decrease_20,jppfs_cor:NonOperatingIncome
1288906,S100LU1K,jppfs_cor:InterestIncomeNOI,受取利息、営業外収益,decrease_20,jppfs_cor:NonOperatingIncome
1288907,S100LU1K,jppfs_cor:ProfitLoss,当期純利益又は当期純損失（△）（平成26年3月28日財規等改正後）,increase_10,top_account
1288908,S100LU1K,jppfs_cor:OtherIA,その他、無形固定資産,increase_10,jppfs_cor:IntangibleAssets
1288909,S100LU1K,jppfs_cor:AllowanceForDoubtfulAccountsIOAByGroup,貸倒引当金、投資その他の資産、一括控除,stable,jppfs_cor:InvestmentsAndOtherAssets
1288910,S100LU1K,jppfs_cor:OtherNOE,その他、営業外費用,increase_20,jppfs_cor:NonOperatingExpenses
1288911,S100LU1K,jppfs_cor:OtherNOI,その他、営業外収益,stable,jppfs_cor:NonOperatingIncome
1288912,S100LU1K,jppfs_cor:NetSales,売上高,stable,jppfs_cor:GrossProfit
1288913,S100LU1K,jppfs_cor:NonOperatingIncome,営業外収益,increase_10,jppfs_cor:OrdinaryIncome
1288914,S100LU1K,jppfs_cor:NonOperatingExpenses,営業外費用,decrease_20,jppfs_cor:OrdinaryIncome
1288915,S100LU1K,jppfs_cor:CurrentLiabilities,流動負債,increase_20,jppfs_cor:Liabilities
1288916,S100LU1K,jppfs_cor:InvestmentsAndOtherAssets,投資その他の資産,stable,jppfs_cor:NoncurrentAssets
1288917,S100LU1K,jppfs_cor:OtherCL,その他、流動負債,increase_10,jppfs_cor:CurrentLiabilities
1288918,S100LU1K,jppfs_cor:OtherEL,その他、特別損失,increase_20,jppfs_cor:ExtraordinaryLoss
1288919,S100LU1K,jppfs_cor:ToolsFurnitureAndFixtures,工具、器具及び備品,increase_10,jppfs_cor:ToolsFurnitureAndFixturesNet
1288920,S100LU1K,jppfs_cor:OtherEI,その他、特別利益,decrease_20,jppfs_cor:ExtraordinaryIncome
1288921,S100LU1K,jppfs_cor:WorkInProcess,仕掛品,increase_10,jppfs_cor:CurrentAssets
1288922,S100LU1K,jppfs_cor:ProvisionForDirectorsRetirementBenefits,役員退職慰労引当金,decrease_20,jppfs_cor:NoncurrentLiabilities
1288923,S100LU1K,jppfs_cor:NoncurrentAssets,固定資産,stable,jppfs_cor:Assets
1288924,S100LU1K,jppfs_cor:OtherCA,その他、流動資産,increase_10,jppfs_cor:CurrentAssets
1288925,S100LU1K,jppfs_cor:ProvisionForShareBasedRemunerationForDirectorsAndOtherOfficersNCL,役員株式給付引当金、固定負債,new,jppfs_cor:NoncurrentLiabilities
1288926,S100LU1K,jppfs_cor:AccumulatedDepreciationMachineryEquipmentAndVehicles,減価償却累計額、機械装置及び運搬具,increase_10,jppfs_cor:MachineryEquipmentAndVehiclesNet
1288927,S100LU1K,jppfs_cor:ShortTermInvestmentSecurities,有価証券,decrease_10,jppfs_cor:CurrentAssets
1288928,S100LU1K,jppfs_cor:AccumulatedDepreciationToolsFurnitureAndFixtures,減価償却累計額、工具、器具及び備品,stable,jppfs_cor:ToolsFurnitureAndFixturesNet
1288929,S100LU1K,jppfs_cor:PropertyPlantAndEquipment,有形固定資産,increase_10,jppfs_cor:NoncurrentAssets
1288930,S100LU1K,jppfs_cor:IntangibleAssets,無形固定資産,increase_10,jppfs_cor:NoncurrentAssets
1288931,S100LU1K,jppfs_cor:CostOfSales,売上原価,increase_10,jppfs_cor:GrossProfit
1288932,S100LU1K,jppfs_cor:AccumulatedDepreciationBuildingsAndStructures,減価償却累計額、建物及び構築物,stable,jppfs_cor:BuildingsAndStructuresNet
1288933,S100LU1K,jppfs_cor:CurrentAssets,流動資産,increase_10,jppfs_cor:Assets
1288934,S100LU1K,jppfs_cor:ProvisionForBonuses,賞与引当金,increase_20,jppfs_cor:CurrentLiabilities
1288935,S100LU1K,jppfs_cor:ExtraordinaryIncome,特別利益,new,jppfs_cor:IncomeBeforeIncomeTaxes
1288936,S100LU1K,jppfs_cor:AllowanceForDoubtfulAccountsCA,貸倒引当金、流動資産、一括控除,increase_20,jppfs_cor:CurrentAssets
1288937,S100LU1K,jppfs_cor:OrdinaryIncome,経常利益又は経常損失（△）,increase_10,jppfs_cor:IncomeBeforeIncomeTaxes
1288938,S100LU1K,jppfs_cor:ShortTermLoansPayable,短期借入金,decrease_20,jppfs_cor:CurrentLiabilities
1288939,S100LU1K,jppfs_cor:LossOnSalesOfSecuritiesNOE,有価証券売却損、営業外費用,decrease_20,jppfs_cor:NonOperatingExpenses
1288940,S100LU1K,jppfs_cor:RetainedEarnings,利益剰余金,increase_10,jppfs_cor:ShareholdersEquity
1288941,S100LU1K,jppfs_cor:BuildingsAndStructuresNet,建物及び構築物,stable,jppfs_cor:PropertyPlantAndEquipment
1288942,S100LU1K,jppfs_cor:DeferredTaxLiabilities,繰延税金負債,decrease_10,jppfs_cor:NoncurrentLiabilities
1288943,S100LU1K,jppfs_cor:OperatingIncome,営業利益又は営業損失（△）,stable,jppfs_cor:OrdinaryIncome
1288944,S100LU1K,jppfs_cor:MerchandiseAndFinishedGoods,商品及び製品,increase_10,jppfs_cor:CurrentAssets
1288945,S100LU1K,jppfs_cor:ExtraordinaryLoss,特別損失,increase_10,jppfs_cor:IncomeBeforeIncomeTaxes
1288946,S100LU1K,jppfs_cor:IncomeTaxesDeferred,法人税等調整額,decrease_20,jppfs_cor:IncomeTaxes
1288947,S100LU1K,jppfs_cor:IncomeTaxesPayable,未払法人税等,increase_20,jppfs_cor:CurrentLiabilities
1288948,S100LU1K,jppfs_cor:CashAndDeposits,現金及び預金,increase_10,jppfs_cor:CurrentAssets
1288949,S100LU1K,jppfs_cor:IncomeTaxes,法人税等,increase_10,jppfs_cor:ProfitLoss
1288950,S100LU1K,jppfs_cor:LongTermLoansPayable,長期借入金,increase_10,jppfs_cor:NoncurrentLiabilities
1288951,S100LU1K,jppfs_cor:ShareholdersEquity,株主資本,increase_10,jppfs_cor:NetAssets
1288952,S100LU1K,jppfs_cor:InsuranceFunds,保険積立金,stable,jppfs_cor:InvestmentsAndOtherAssets
1288953,S100LU1K,jppfs_cor:NotesAndAccountsPayableTrade,支払手形及び買掛金,increase_10,jppfs_cor:CurrentLiabilities
1288954,S100LU1K,jppfs_cor:LossOnRetirementOfNoncurrentAssetsEL,固定資産除却損、特別損失,new,jppfs_cor:ExtraordinaryLoss
1288955,S100LU1K,jppfs_cor:GainOnSalesOfNoncurrentAssetsEI,固定資産売却益、特別利益,new,jppfs_cor:ExtraordinaryIncome
1288956,S100LU1K,jppfs_cor:RemeasurementsOfDefinedBenefitPlans,退職給付に係る調整累計額,decrease_20,jppfs_cor:ValuationAndTranslationAdjustments
1288957,S100LU1K,jppfs_cor:ValuationDifferenceOnAvailableForSaleSecurities,その他有価証券評価差額金,increase_20,jppfs_cor:ValuationAndTranslationAdjustments
1288958,S100LU1K,jppfs_cor:NotesAndAccountsReceivableTrade,受取手形及び売掛金,increase_20,jppfs_cor:CurrentAssets
1288959,S100LU1K,jppfs_cor:OtherIOA,その他、投資その他の資産,decrease_10,jppfs_cor:InvestmentsAndOtherAssets
1288960,S100LU1K,jppfs_cor:BuildingsAndStructures,建物及び構築物,stable,jppfs_cor:BuildingsAndStructuresNet
1288961,S100LU1K,jppfs_cor:IncomeTaxesCurrent,法人税、住民税及び事業税,increase_20,jppfs_cor:IncomeTaxes
1288962,S100LU1K,jppfs_cor:MachineryEquipmentAndVehicles,機械装置及び運搬具,increase_10,jppfs_cor:MachineryEquipmentAndVehiclesNet
1288963,S100LU1K,jppfs_cor:InterestExpensesNOE,支払利息、営業外費用,increase_20,jppfs_cor:NonOperatingExpenses
1288964,S100LU1K,jppfs_cor:DeferredTaxAssets,繰延税金資産,decrease_10,jppfs_cor:InvestmentsAndOtherAssets
1288965,S100LU1K,jppfs_cor:CapitalSurplus,資本剰余金,stable,jppfs_cor:ShareholdersEquity
1288966,S100LU1K,jppfs_cor:SellingGeneralAndAdministrativeExpenses,販売費及び一般管理費,stable,jppfs_cor:OperatingIncome
1288967,S100LU1K,jppfs_cor:SalesDiscountsNOE,売上割引、営業外費用,decrease_10,jppfs_cor:NonOperatingExpenses
1289169,S100LU1A,jppfs_cor:ProfitLoss,当期純利益又は当期純損失（△）（平成26年3月28日財規等改正後）,decrease_20,top_account
1289170,S100LU1A,jppfs_cor:CurrentAssets,流動資産,increase_10,jppfs_cor:Assets
1289171,S100LU1A,jppfs_cor:CurrentLiabilities,流動負債,stable,jppfs_cor:Liabilities
1289172,S100LU1A,jppfs_cor:NavigationExpensesExpensesShipping,運航費、海運業費用,decrease_20,jppfs_cor:ShippingBusinessExpensesWAT
1289173,S100LU1A,jpcrp030000-asr_E04251-000:ProvisionForSpecialRepairsEI,特別修繕引当金取崩額,decrease_20,jppfs_cor:ExtraordinaryIncome
1289174,S100LU1A,jppfs_cor:ShipRentalFeeExpensesShipping,借船料、海運業費用,decrease_10,jppfs_cor:ShippingBusinessExpensesWAT
1289175,S100LU1A,jppfs_cor:ShipLeaseRevenueShipping,貸船料、海運業収益,stable,jppfs_cor:ShippingBusinessRevenueWAT
1289176,S100LU1A,jppfs_cor:ShareholdersEquity,株主資本,stable,jppfs_cor:NetAssets
1289177,S100LU1A,jppfs_cor:ForeignExchangeLossesNOE,為替差損、営業外費用,new,jppfs_cor:NonOperatingExpenses
1289178,S100LU1A,jpcrp030000-asr_E04251-000:LossOnCancellationOfDerivativesNOE,デリバティブ解約損,increase_20,jppfs_cor:NonOperatingExpenses
1289179,S100LU1A,jppfs_cor:FreightAndOtherRevenueShipping,運賃、海運業収益,decrease_20,jppfs_cor:ShippingBusinessRevenueWAT
1289180,S100LU1A,jppfs_cor:HouseRentIncomeNOI,受取家賃、営業外収益,decrease_10,jppfs_cor:NonOperatingIncome
1289181,S100LU1A,jppfs_cor:CashAndDeposits,現金及び預金,stable,jppfs_cor:CurrentAssets
1289182,S100LU1A,jppfs_cor:ShipExpensesExpensesShipping,船費、海運業費用,stable,jppfs_cor:ShippingBusinessExpensesWAT
1289183,S100LU1A,jppfs_cor:InvestmentSecurities,投資有価証券,increase_20,jppfs_cor:InvestmentsAndOtherAssets
1289184,S100LU1A,jppfs_cor:ShippingBusinessRevenueWAT,海運業収益、海運業,decrease_10,jppfs_cor:ShippingBusinessIncomeWAT
1289185,S100LU1A,jppfs_cor:InterestExpensesNOE,支払利息、営業外費用,decrease_10,jppfs_cor:NonOperatingExpenses
1289186,S100LU1A,jppfs_cor:InterestIncomeNOI,受取利息、営業外収益,decrease_20,jppfs_cor:NonOperatingIncome
1289187,S100LU1A,jppfs_cor:IntangibleAssets,無形固定資産,increase_20,jppfs_cor:NoncurrentAssets
1289188,S100LU1A,jppfs_cor:InsuranceIncomeNOI,受取保険金、営業外収益,new,jppfs_cor:NonOperatingIncome
1289189,S100LU1A,jppfs_cor:OtherIOA,その他、投資その他の資産,decrease_20,jppfs_cor:InvestmentsAndOtherAssets
1289190,S100LU1A,jppfs_cor:IncomeTaxesDeferred,法人税等調整額,decrease_20,jppfs_cor:IncomeTaxes
1289191,S100LU1A,jppfs_cor:IncomeTaxesCurrent,法人税、住民税及び事業税,decrease_20,jppfs_cor:IncomeTaxes
1289192,S100LU1A,jppfs_cor:AccruedExpenses,未払費用,decrease_20,jppfs_cor:CurrentLiabilities
1289193,S100LU1A,jppfs_cor:Supplies,貯蔵品,increase_10,jppfs_cor:CurrentAssets
1289194,S100LU1A,jppfs_cor:IncomeBeforeIncomeTaxes,税引前当期純利益又は税引前当期純損失（△）,decrease_20,jppfs_cor:ProfitLoss
1289195,S100LU1A,jppfs_cor:LongTermLoansPayable,長期借入金,increase_10,jppfs_cor:NoncurrentLiabilities
1289196,S100LU1A,jppfs_cor:DeferredGainsOrLossesOnHedges,繰延ヘッジ損益,decrease_20,jppfs_cor:ValuationAndTranslationAdjustments
1289197,S100LU1A,jppfs_cor:AllowanceForDoubtfulAccountsIOAByGroup,貸倒引当金、投資その他の資産、一括控除,stable,jppfs_cor:InvestmentsAndOtherAssets
1289198,S100LU1A,jppfs_cor:DividendsIncomeNOI,受取配当金、営業外収益,increase_20,jppfs_cor:NonOperatingIncome
1289199,S100LU1A,jppfs_cor:Software,ソフトウエア,increase_20,jppfs_cor:IntangibleAssets
1289200,S100LU1A,jppfs_cor:ProfitLossAttributableToOwnersOfParent,親会社株主に帰属する当期純利益又は親会社株主に帰属する当期純損失（△）,decrease_20,not_common_account
1289201,S100LU1A,jppfs_cor:CapitalStock,資本金,stable,jppfs_cor:ShareholdersEquity
1289202,S100LU1A,jppfs_cor:OtherShippingBusinessExpensesWAT,その他海運業費用、海運業,decrease_10,jppfs_cor:ShippingBusinessExpensesWAT
1289203,S100LU1A,jppfs_cor:NoncurrentLiabilities,固定負債,increase_10,jppfs_cor:Liabilities
1289204,S100LU1A,jppfs_cor:ShippingBusinessIncomeWAT,海運業利益又は海運業損失（△）、海運業,decrease_20,jppfs_cor:OperatingIncome
1289205,S100LU1A,jppfs_cor:PropertyPlantAndEquipment,有形固定資産,stable,jppfs_cor:NoncurrentAssets
1289206,S100LU1A,jppfs_cor:DeferredAndPrepaidExpensesCAWAT,繰延及び前払費用、流動資産、海運業,increase_20,jppfs_cor:CurrentAssets
1289207,S100LU1A,jppfs_cor:ValuationAndTranslationAdjustments,評価・換算差額等,decrease_20,jppfs_cor:NetAssets
1289208,S100LU1A,jppfs_cor:AdvancesPaid,立替金,decrease_20,jppfs_cor:CurrentAssets
1289209,S100LU1A,jppfs_cor:ShippingBusinessExpensesWAT,海運業費用、海運業,stable,jppfs_cor:ShippingBusinessIncomeWAT
1289210,S100LU1A,jppfs_cor:InvestmentsAndOtherAssets,投資その他の資産,stable,jppfs_cor:NoncurrentAssets
1289211,S100LU1A,jppfs_cor:ForeignCurrencyTranslationAdjustment,為替換算調整勘定,decrease_20,jppfs_cor:ValuationAndTranslationAdjustments
1289212,S100LU1A,jppfs_cor:OtherNCL,その他、固定負債,decrease_20,jppfs_cor:NoncurrentLiabilities
1289213,S100LU1A,jppfs_cor:NetDefinedBenefitLiability,退職給付に係る負債,decrease_10,jppfs_cor:NoncurrentLiabilities
1289214,S100LU1A,jppfs_cor:OtherNOI,その他、営業外収益,new,jppfs_cor:NonOperatingIncome
1289215,S100LU1A,jppfs_cor:OtherCL,その他、流動負債,stable,jppfs_cor:CurrentLiabilities
1289216,S100LU1A,jppfs_cor:ProvisionForSpecialRepairsNCLWAT,特別修繕引当金、固定負債、海運業,decrease_20,jppfs_cor:NoncurrentLiabilities
1289217,S100LU1A,jppfs_cor:OtherNOE,その他、営業外費用,decrease_10,jppfs_cor:NonOperatingExpenses
1289218,S100LU1A,jppfs_cor:TelephoneSubscriptionRight,電話加入権,stable,jppfs_cor:IntangibleAssets
1289219,S100LU1A,jppfs_cor:NoncurrentAssets,固定資産,stable,jppfs_cor:Assets
1289220,S100LU1A,jppfs_cor:AccountsReceivableShippingCAWAT,海運業未収金、流動資産、海運業,increase_20,jppfs_cor:CurrentAssets
1289221,S100LU1A,jppfs_cor:IncomeTaxesReceivable,未収還付法人税等,new,jppfs_cor:CurrentAssets
1289222,S100LU1A,jppfs_cor:AccountsPayableShippingCLWAT,海運業未払金、流動負債、海運業,stable,jppfs_cor:CurrentLiabilities
1289223,S100LU1A,jppfs_cor:DeferredTaxLiabilities,繰延税金負債,increase_10,jppfs_cor:NoncurrentLiabilities
1289224,S100LU1A,jppfs_cor:TreasuryStock,自己株式,stable,jppfs_cor:ShareholdersEquity
1289225,S100LU1A,jpcrp030000-asr_E04251-000:GainOnSalesOfVesselEI,船舶売却益,decrease_20,jppfs_cor:ExtraordinaryIncome
1289226,S100LU1A,jppfs_cor:ExtraordinaryIncome,特別利益,decrease_20,jppfs_cor:IncomeBeforeIncomeTaxes
1289227,S100LU1A,jppfs_cor:ConstructionInProgress,建設仮勘定,decrease_10,jppfs_cor:PropertyPlantAndEquipment
1289228,S100LU1A,jppfs_cor:ShortTermLoansPayable,短期借入金,stable,jppfs_cor:CurrentLiabilities
1289229,S100LU1A,jppfs_cor:OtherCA,その他、流動資産,increase_20,jppfs_cor:CurrentAssets
1289230,S100LU1A,jppfs_cor:CapitalSurplus,資本剰余金,stable,jppfs_cor:ShareholdersEquity
1289231,S100LU1A,jppfs_cor:OperatingIncome,営業利益又は営業損失（△）,decrease_20,jppfs_cor:OrdinaryIncome
1289232,S100LU1A,jppfs_cor:IncomeTaxes,法人税等,decrease_20,jppfs_cor:ProfitLoss
1289233,S100LU1A,jppfs_cor:Liabilities,負債,stable,jppfs_cor:LiabilitiesAndNetAssets
1289234,S100LU1A,jppfs_cor:ValuationDifferenceOnAvailableForSaleSecurities,その他有価証券評価差額金,new,jppfs_cor:ValuationAndTranslationAdjustments
1289235,S100LU1A,jppfs_cor:RetainedEarnings,利益剰余金,stable,jppfs_cor:ShareholdersEquity
1289236,S100LU1A,jppfs_cor:NonOperatingExpenses,営業外費用,stable,jppfs_cor:OrdinaryIncome
1289237,S100LU1A,jppfs_cor:GeneralAndAdministrativeExpensesSGA,一般管理費、販売費及び一般管理費,decrease_10,jppfs_cor:OperatingIncome
1289238,S100LU1A,jppfs_cor:ProvisionForBonuses,賞与引当金,stable,jppfs_cor:CurrentLiabilities
1289239,S100LU1A,jppfs_cor:ImpairmentLossEL,減損損失、特別損失,new,jppfs_cor:ExtraordinaryLoss
1289240,S100LU1A,jppfs_cor:OrdinaryIncome,経常利益又は経常損失（△）,decrease_20,jppfs_cor:IncomeBeforeIncomeTaxes
1289241,S100LU1A,jppfs_cor:ExtraordinaryLoss,特別損失,new,jppfs_cor:IncomeBeforeIncomeTaxes
1289242,S100LU1A,jppfs_cor:NonOperatingIncome,営業外収益,increase_20,jppfs_cor:OrdinaryIncome
1307653,S100LSRM,jppfs_cor:GrossProfit,売上総利益又は売上総損失（△）,decrease_10,jppfs_cor:OperatingIncome
1307654,S100LSRM,jppfs_cor:MachineryEquipmentAndVehicles,機械装置及び運搬具,stable,jppfs_cor:MachineryEquipmentAndVehiclesNet
1307655,S100LSRM,jppfs_cor:IncomeTaxesDeferred,法人税等調整額,decrease_20,jppfs_cor:IncomeTaxes
1307656,S100LSRM,jppfs_cor:AccumulatedDepreciationAndImpairmentLossOtherPPE,減価償却累計額及び減損損失累計額、その他、有形固定資産,stable,jppfs_cor:OtherNetPPE
1307657,S100LSRM,jppfs_cor:LeaseAssetsPPE,リース資産、有形固定資産,stable,jppfs_cor:LeaseAssetsNetPPE
1307658,S100LSRM,jppfs_cor:DeferredTaxLiabilitiesForLandRevaluation,再評価に係る繰延税金負債,stable,jppfs_cor:NoncurrentLiabilities
1307659,S100LSRM,jppfs_cor:NotesAndAccountsPayableTrade,支払手形及び買掛金,decrease_10,jppfs_cor:CurrentLiabilities
1307660,S100LSRM,jppfs_cor:IncomeTaxesCurrent,法人税、住民税及び事業税,increase_10,jppfs_cor:IncomeTaxes
1307661,S100LSRM,jpcrp030000-asr_E01422-000:SoldPowerExpensesNOE,電力販売費用,stable,jppfs_cor:NonOperatingExpenses
1307662,S100LSRM,jppfs_cor:LossOnRetirementOfNoncurrentAssetsEL,固定資産除却損、特別損失,new,jppfs_cor:ExtraordinaryLoss
1307663,S100LSRM,jpcrp030000-asr_E01422-000:SoldPowerNOI,電力販売収益,stable,jppfs_cor:NonOperatingIncome
1307664,S100LSRM,jppfs_cor:GainOnSalesOfNoncurrentAssetsEI,固定資産売却益、特別利益,increase_20,jppfs_cor:ExtraordinaryIncome
1307665,S100LSRM,jppfs_cor:AccumulatedDepreciationAndImpairmentLossBuildingsAndStructures,減価償却累計額及び減損損失累計額、建物及び構築物,stable,jppfs_cor:BuildingsAndStructuresNet
1307666,S100LSRM,jppfs_cor:LossOnReductionOfNoncurrentAssetsEL,固定資産圧縮損、特別損失,increase_20,jppfs_cor:ExtraordinaryLoss
1307667,S100LSRM,jppfs_cor:AllowanceForDoubtfulAccountsIOAByGroup,貸倒引当金、投資その他の資産、一括控除,stable,jppfs_cor:InvestmentsAndOtherAssets
1307668,S100LSRM,jppfs_cor:CapitalStock,資本金,stable,jppfs_cor:ShareholdersEquity
1307669,S100LSRM,jppfs_cor:AdvancesReceived,前受金,decrease_10,jppfs_cor:CurrentLiabilities
1307670,S100LSRM,jppfs_cor:OtherIOA,その他、投資その他の資産,increase_10,jppfs_cor:InvestmentsAndOtherAssets
1307671,S100LSRM,jppfs_cor:WorkInProcess,仕掛品,decrease_10,jppfs_cor:CurrentAssets
1307672,S100LSRM,jppfs_cor:NotesAndAccountsReceivableTrade,受取手形及び売掛金,decrease_10,jppfs_cor:CurrentAssets
1307673,S100LSRM,jppfs_cor:AssetRetirementObligationsNCL,資産除去債務、固定負債,stable,jppfs_cor:NoncurrentLiabilities
1307674,S100LSRM,jppfs_cor:Goodwill,のれん,decrease_10,jppfs_cor:IntangibleAssets
1307675,S100LSRM,jppfs_cor:ElectronicallyRecordedObligationsOperatingCL,電子記録債務、流動負債,stable,jppfs_cor:CurrentLiabilities
1307676,S100LSRM,jppfs_cor:IncomeBeforeIncomeTaxes,税引前当期純利益又は税引前当期純損失（△）,increase_20,jppfs_cor:ProfitLoss
1307677,S100LSRM,jppfs_cor:RemeasurementsOfDefinedBenefitPlans,退職給付に係る調整累計額,decrease_20,jppfs_cor:ValuationAndTranslationAdjustments
1307678,S100LSRM,jppfs_cor:ValuationDifferenceOnAvailableForSaleSecurities,その他有価証券評価差額金,increase_20,jppfs_cor:ValuationAndTranslationAdjustments
1307679,S100LSRM,jppfs_cor:NetDefinedBenefitLiability,退職給付に係る負債,stable,jppfs_cor:NoncurrentLiabilities
1307680,S100LSRM,jppfs_cor:NetSales,売上高,decrease_10,jppfs_cor:GrossProfit
1307681,S100LSRM,jppfs_cor:BuildingsAndStructures,建物及び構築物,stable,jppfs_cor:BuildingsAndStructuresNet
1307682,S100LSRM,jppfs_cor:ShortTermLoansPayable,短期借入金,increase_20,jppfs_cor:CurrentLiabilities
1307683,S100LSRM,jppfs_cor:ImpairmentLossEL,減損損失、特別損失,new,jppfs_cor:ExtraordinaryLoss
1307684,S100LSRM,jppfs_cor:LossOnSalesOfNotesPayableNOE,手形売却損、営業外費用,decrease_20,jppfs_cor:NonOperatingExpenses
1307685,S100LSRM,jppfs_cor:ProfitLossAttributableToOwnersOfParent,親会社株主に帰属する当期純利益又は親会社株主に帰属する当期純損失（△）,increase_20,not_common_account
1307686,S100LSRM,jppfs_cor:Land,土地,stable,jppfs_cor:PropertyPlantAndEquipment
1307687,S100LSRM,jppfs_cor:Liabilities,負債,stable,jppfs_cor:LiabilitiesAndNetAssets
1307688,S100LSRM,jppfs_cor:PropertyPlantAndEquipment,有形固定資産,stable,jppfs_cor:NoncurrentAssets
1307689,S100LSRM,jppfs_cor:BondsPayable,社債,decrease_20,jppfs_cor:NoncurrentLiabilities
1307690,S100LSRM,jppfs_cor:ProfitLoss,当期純利益又は当期純損失（△）（平成26年3月28日財規等改正後）,increase_20,top_account
1307691,S100LSRM,jppfs_cor:AccumulatedDepreciationAndImpairmentLossMachineryEquipmentAndVehicles,減価償却累計額及び減損損失累計額、機械装置及び運搬具,stable,jppfs_cor:MachineryEquipmentAndVehiclesNet
1307692,S100LSRM,jppfs_cor:ProfitLossAttributableToNonControllingInterests,非支配株主に帰属する当期純利益又は非支配株主に帰属する当期純損失（△）,new,not_common_account
1307693,S100LSRM,jppfs_cor:IntangibleAssets,無形固定資産,stable,jppfs_cor:NoncurrentAssets
1307694,S100LSRM,jppfs_cor:RevaluationReserveForLand,土地再評価差額金,stable,jppfs_cor:ValuationAndTranslationAdjustments
1307695,S100LSRM,jppfs_cor:MerchandiseAndFinishedGoods,商品及び製品,increase_10,jppfs_cor:CurrentAssets
1307696,S100LSRM,jppfs_cor:OtherNCL,その他、固定負債,stable,jppfs_cor:NoncurrentLiabilities
1307697,S100LSRM,jppfs_cor:ValuationAndTranslationAdjustments,評価・換算差額等,increase_20,jppfs_cor:NetAssets
1307698,S100LSRM,jppfs_cor:LeaseObligationsNCL,リース債務、固定負債,decrease_10,jppfs_cor:NoncurrentLiabilities
1307699,S100LSRM,jppfs_cor:SubsidiesForEmploymentAdjustmentNOI,雇用調整助成金、営業外収益,new,jppfs_cor:NonOperatingIncome
1307700,S100LSRM,jppfs_cor:RealEstateForSale,販売用不動産,stable,jppfs_cor:CurrentAssets
1307701,S100LSRM,jppfs_cor:RentIncomeNOI,受取賃貸料、営業外収益,increase_20,jppfs_cor:NonOperatingIncome
1307702,S100LSRM,jppfs_cor:InsuranceIncomeNOI,受取保険金、営業外収益,decrease_20,jppfs_cor:NonOperatingIncome
1307703,S100LSRM,jppfs_cor:DividendsIncomeOfInsuranceNOI,保険配当金、営業外収益,increase_10,jppfs_cor:NonOperatingIncome
1307704,S100LSRM,jppfs_cor:NoncurrentLiabilities,固定負債,decrease_10,jppfs_cor:Liabilities
1307705,S100LSRM,jppfs_cor:IncomeTaxesPayable,未払法人税等,decrease_10,jppfs_cor:CurrentLiabilities
1307706,S100LSRM,jppfs_cor:RentExpensesNOE,賃貸費用、営業外費用,increase_20,jppfs_cor:NonOperatingExpenses
1307707,S100LSRM,jppfs_cor:GainOnTransferOfBusinessEI,事業譲渡益、特別利益,new,jppfs_cor:ExtraordinaryIncome
1307708,S100LSRM,jppfs_cor:TreasuryStock,自己株式,decrease_20,jppfs_cor:ShareholdersEquity
1307709,S100LSRM,jppfs_cor:ShareholdersEquity,株主資本,stable,jppfs_cor:NetAssets
1307710,S100LSRM,jppfs_cor:DeferredTaxLiabilities,繰延税金負債,stable,jppfs_cor:NoncurrentLiabilities
1307711,S100LSRM,jppfs_cor:InterestIncomeNOI,受取利息、営業外収益,increase_10,jppfs_cor:NonOperatingIncome
1307712,S100LSRM,jppfs_cor:DeferredTaxAssets,繰延税金資産,decrease_10,jppfs_cor:InvestmentsAndOtherAssets
1307713,S100LSRM,jppfs_cor:DividendsIncomeNOI,受取配当金、営業外収益,stable,jppfs_cor:NonOperatingIncome
1307714,S100LSRM,jppfs_cor:NoncurrentAssets,固定資産,stable,jppfs_cor:Assets
1307715,S100LSRM,jppfs_cor:CurrentLiabilities,流動負債,stable,jppfs_cor:Liabilities
1307716,S100LSRM,jppfs_cor:CurrentAssets,流動資産,stable,jppfs_cor:Assets
1307717,S100LSRM,jppfs_cor:InterestExpensesNOE,支払利息、営業外費用,decrease_10,jppfs_cor:NonOperatingExpenses
1307718,S100LSRM,jppfs_cor:CashAndDeposits,現金及び預金,increase_10,jppfs_cor:CurrentAssets
1307719,S100LSRM,jppfs_cor:SubsidyEI,補助金収入、特別利益,increase_20,jppfs_cor:ExtraordinaryIncome
1307720,S100LSRM,jppfs_cor:SellingGeneralAndAdministrativeExpenses,販売費及び一般管理費,decrease_10,jppfs_cor:OperatingIncome
1307721,S100LSRM,jppfs_cor:LeaseObligationsCL,リース債務、流動負債,stable,jppfs_cor:CurrentLiabilities
1307722,S100LSRM,jppfs_cor:InvestmentSecurities,投資有価証券,increase_20,jppfs_cor:InvestmentsAndOtherAssets
1307723,S100LSRM,jppfs_cor:AllowanceForDoubtfulAccountsCA,貸倒引当金、流動資産、一括控除,stable,jppfs_cor:CurrentAssets
1307724,S100LSRM,jppfs_cor:OtherIA,その他、無形固定資産,increase_20,jppfs_cor:IntangibleAssets
1307725,S100LSRM,jppfs_cor:EquityInEarningsOfAffiliatesNOI,持分法による投資利益、営業外収益,decrease_20,jppfs_cor:NonOperatingIncome
1307726,S100LSRM,jppfs_cor:OtherNOI,その他、営業外収益,increase_10,jppfs_cor:NonOperatingIncome
1307727,S100LSRM,jppfs_cor:CapitalSurplus,資本剰余金,stable,jppfs_cor:ShareholdersEquity
1307728,S100LSRM,jppfs_cor:OperatingIncome,営業利益又は営業損失（△）,decrease_10,jppfs_cor:OrdinaryIncome
1307729,S100LSRM,jppfs_cor:RetainedEarnings,利益剰余金,stable,jppfs_cor:ShareholdersEquity
1307730,S100LSRM,jppfs_cor:OrdinaryIncome,経常利益又は経常損失（△）,increase_20,jppfs_cor:IncomeBeforeIncomeTaxes
1307731,S100LSRM,jppfs_cor:LongTermLoansReceivable,長期貸付金,stable,jppfs_cor:InvestmentsAndOtherAssets
1307732,S100LSRM,jppfs_cor:OtherEL,その他、特別損失,increase_20,jppfs_cor:ExtraordinaryLoss
1307733,S100LSRM,jppfs_cor:ProvisionForLossOnConstructionContracts,工事損失引当金,increase_10,jppfs_cor:CurrentLiabilities
1307734,S100LSRM,jppfs_cor:LongTermLoansPayable,長期借入金,decrease_10,jppfs_cor:NoncurrentLiabilities
1307735,S100LSRM,jppfs_cor:IncomeTaxes,法人税等,increase_20,jppfs_cor:ProfitLoss
1307736,S100LSRM,jppfs_cor:NonOperatingExpenses,営業外費用,stable,jppfs_cor:OrdinaryIncome
1307737,S100LSRM,jppfs_cor:OtherEI,その他、特別利益,new,jppfs_cor:ExtraordinaryIncome
1307738,S100LSRM,jppfs_cor:ExtraordinaryIncome,特別利益,new,jppfs_cor:IncomeBeforeIncomeTaxes
1307739,S100LSRM,jppfs_cor:NonOperatingIncome,営業外収益,increase_20,jppfs_cor:OrdinaryIncome
1307740,S100LSRM,jppfs_cor:ExtraordinaryLoss,特別損失,increase_20,jppfs_cor:IncomeBeforeIncomeTaxes
1307741,S100LSRM,jppfs_cor:CostOfSales,売上原価,decrease_10,jppfs_cor:GrossProfit
1307742,S100LSRM,jppfs_cor:InvestmentsAndOtherAssets,投資その他の資産,increase_10,jppfs_cor:NoncurrentAssets
1307743,S100LSRM,jppfs_cor:ConstructionInProgress,建設仮勘定,decrease_20,jppfs_cor:PropertyPlantAndEquipment
1307744,S100LSRM,jppfs_cor:AccumulatedDepreciationLeaseAssetsPPE,減価償却累計額、リース資産、有形固定資産,increase_20,jppfs_cor:LeaseAssetsNetPPE
1307745,S100LSRM,jppfs_cor:CurrentPortionOfBonds,１年内償還予定の社債,new,jppfs_cor:CurrentLiabilities
1307746,S100LSRM,jppfs_cor:OtherNOE,その他、営業外費用,increase_20,jppfs_cor:NonOperatingExpenses
1307747,S100LSRM,jppfs_cor:ForeignCurrencyTranslationAdjustment,為替換算調整勘定,increase_10,jppfs_cor:ValuationAndTranslationAdjustments
1307748,S100LSRM,jppfs_cor:RawMaterialsAndSupplies,原材料及び貯蔵品,stable,jppfs_cor:CurrentAssets
1307749,S100LSRM,jppfs_cor:OtherCA,その他、流動資産,stable,jppfs_cor:CurrentAssets
1307750,S100LSRM,jppfs_cor:OtherPPE,その他、有形固定資産,stable,jppfs_cor:OtherNetPPE
1307751,S100LSRM,jppfs_cor:OtherCL,その他、流動負債,decrease_10,jppfs_cor:CurrentLiabilities
1358903,S100LPRD,jppfs_cor:GainOnSalesOfNoncurrentAssetsEI,固定資産売却益、特別利益,increase_20,jppfs_cor:ExtraordinaryIncome
1358904,S100LPRD,jppfs_cor:ExtraordinaryIncome,特別利益,increase_20,jppfs_cor:IncomeBeforeIncomeTaxes
1358905,S100LPRD,jppfs_cor:OrdinaryIncome,経常利益又は経常損失（△）,stable,jppfs_cor:IncomeBeforeIncomeTaxes
1358906,S100LPRD,jppfs_cor:Liabilities,負債,stable,jppfs_cor:LiabilitiesAndNetAssets
1358907,S100LPRD,jppfs_cor:BuildingsAndStructures,建物及び構築物,stable,jppfs_cor:BuildingsAndStructuresNet
1358908,S100LPRD,jppfs_cor:NotesAndAccountsPayableTrade,支払手形及び買掛金,stable,jppfs_cor:CurrentLiabilities
1358909,S100LPRD,jppfs_cor:OperatingIncome,営業利益又は営業損失（△）,decrease_10,jppfs_cor:OrdinaryIncome
1358910,S100LPRD,jppfs_cor:ProvisionForShareBasedRemunerationForDirectorsAndOtherOfficersNCL,役員株式給付引当金、固定負債,increase_20,jppfs_cor:NoncurrentLiabilities
1358911,S100LPRD,jppfs_cor:OtherSGA,その他、販売費及び一般管理費,decrease_10,jppfs_cor:SellingGeneralAndAdministrativeExpenses
1358912,S100LPRD,jppfs_cor:AccumulatedDepreciationOtherPPE,減価償却累計額、その他、有形固定資産,stable,jppfs_cor:OtherNetPPE
1358913,S100LPRD,jppfs_cor:ProvisionForDirectorsBonuses,役員賞与引当金,decrease_20,jppfs_cor:CurrentLiabilities
1358914,S100LPRD,jppfs_cor:ValuationAndTranslationAdjustments,評価・換算差額等,decrease_20,jppfs_cor:NetAssets
1358915,S100LPRD,jppfs_cor:ProfitLoss,当期純利益又は当期純損失（△）（平成26年3月28日財規等改正後）,stable,top_account
1358916,S100LPRD,jppfs_cor:CurrentLiabilities,流動負債,stable,jppfs_cor:Liabilities
1358917,S100LPRD,jppfs_cor:OtherNOE,その他、営業外費用,increase_20,jppfs_cor:NonOperatingExpenses
1358918,S100LPRD,jppfs_cor:OtherNOI,その他、営業外収益,increase_20,jppfs_cor:NonOperatingIncome
1358919,S100LPRD,jppfs_cor:ImpairmentLossEL,減損損失、特別損失,decrease_20,jppfs_cor:ExtraordinaryLoss
1358920,S100LPRD,jpcrp030000-asr_E01554-000:LossOnCOVIDEL,新型コロナウィルス感染症による損失,new,jppfs_cor:ExtraordinaryLoss
1358921,S100LPRD,jppfs_cor:MachineryEquipmentAndVehicles,機械装置及び運搬具,stable,jppfs_cor:MachineryEquipmentAndVehiclesNet
1358922,S100LPRD,jppfs_cor:EquityInEarningsOfAffiliatesNOI,持分法による投資利益、営業外収益,stable,jppfs_cor:NonOperatingIncome
1358923,S100LPRD,jppfs_cor:NonOperatingExpenses,営業外費用,decrease_20,jppfs_cor:OrdinaryIncome
1358924,S100LPRD,jppfs_cor:NonOperatingIncome,営業外収益,increase_20,jppfs_cor:OrdinaryIncome
1358925,S100LPRD,jppfs_cor:IncomeTaxesCurrent,法人税、住民税及び事業税,stable,jppfs_cor:IncomeTaxes
1358926,S100LPRD,jppfs_cor:AccumulatedDepreciationLeaseAssetsPPE,減価償却累計額、リース資産、有形固定資産,increase_10,jppfs_cor:LeaseAssetsNetPPE
1358927,S100LPRD,jppfs_cor:AllowanceForDoubtfulAccountsIOAByGroup,貸倒引当金、投資その他の資産、一括控除,stable,jppfs_cor:InvestmentsAndOtherAssets
1358928,S100LPRD,jppfs_cor:SellingGeneralAndAdministrativeExpenses,販売費及び一般管理費,decrease_10,jppfs_cor:OperatingIncome
1358929,S100LPRD,jppfs_cor:IncomeTaxesPayable,未払法人税等,increase_20,jppfs_cor:CurrentLiabilities
1358930,S100LPRD,jppfs_cor:RawMaterialsAndSupplies,原材料及び貯蔵品,increase_10,jppfs_cor:CurrentAssets
1358931,S100LPRD,jppfs_cor:ProvisionForProductWarranties,製品保証引当金,stable,jppfs_cor:CurrentLiabilities
1358932,S100LPRD,jppfs_cor:SalesCommissionSGA,販売手数料、販売費及び一般管理費,decrease_20,jppfs_cor:SellingGeneralAndAdministrativeExpenses
1358933,S100LPRD,jppfs_cor:ProvisionForBonusesSGA,賞与引当金繰入額、販売費及び一般管理費,stable,jppfs_cor:SellingGeneralAndAdministrativeExpenses
1358934,S100LPRD,jppfs_cor:NotesAndAccountsReceivableTrade,受取手形及び売掛金,decrease_10,jppfs_cor:CurrentAssets
1358935,S100LPRD,jppfs_cor:NetDefinedBenefitAsset,退職給付に係る資産,increase_10,jppfs_cor:InvestmentsAndOtherAssets
1358936,S100LPRD,jppfs_cor:LeaseObligationsNCL,リース債務、固定負債,decrease_10,jppfs_cor:NoncurrentLiabilities
1358937,S100LPRD,jppfs_cor:OtherCL,その他、流動負債,decrease_10,jppfs_cor:CurrentLiabilities
1358938,S100LPRD,jppfs_cor:ExtraordinaryLoss,特別損失,decrease_10,jppfs_cor:IncomeBeforeIncomeTaxes
1358939,S100LPRD,jppfs_cor:Land,土地,stable,jppfs_cor:PropertyPlantAndEquipment
1358940,S100LPRD,jppfs_cor:PackingAndTransportationExpensesSGA,荷造運搬費、販売費及び一般管理費,decrease_10,jppfs_cor:SellingGeneralAndAdministrativeExpenses
1358941,S100LPRD,jppfs_cor:NetDefinedBenefitLiability,退職給付に係る負債,stable,jppfs_cor:NoncurrentLiabilities
1358942,S100LPRD,jppfs_cor:InvestmentsAndOtherAssets,投資その他の資産,stable,jppfs_cor:NoncurrentAssets
1358943,S100LPRD,jppfs_cor:ProfitLossAttributableToNonControllingInterests,非支配株主に帰属する当期純利益又は非支配株主に帰属する当期純損失（△）,increase_20,not_common_account
1358944,S100LPRD,jppfs_cor:OtherCA,その他、流動資産,increase_10,jppfs_cor:CurrentAssets
1358945,S100LPRD,jppfs_cor:WelfareExpensesSGA,福利厚生費、販売費及び一般管理費,decrease_10,jppfs_cor:SellingGeneralAndAdministrativeExpenses
1358946,S100LPRD,jppfs_cor:OtherNCL,その他、固定負債,increase_10,jppfs_cor:NoncurrentLiabilities
1358947,S100LPRD,jppfs_cor:ProfitLossAttributableToOwnersOfParent,親会社株主に帰属する当期純利益又は親会社株主に帰属する当期純損失（△）,stable,not_common_account
1358948,S100LPRD,jppfs_cor:DividendsIncomeNOI,受取配当金、営業外収益,decrease_10,jppfs_cor:NonOperatingIncome
1358949,S100LPRD,jppfs_cor:ShareholdersEquity,株主資本,stable,jppfs_cor:NetAssets
1358950,S100LPRD,jppfs_cor:DeferredTaxAssets,繰延税金資産,decrease_10,jppfs_cor:InvestmentsAndOtherAssets
1358951,S100LPRD,jppfs_cor:CashAndDeposits,現金及び預金,increase_10,jppfs_cor:CurrentAssets
1358952,S100LPRD,jppfs_cor:DirectorsCompensationsSalariesAndAllowancesSGA,役員報酬及び給料手当、販売費及び一般管理費,stable,jppfs_cor:SellingGeneralAndAdministrativeExpenses
1358953,S100LPRD,jppfs_cor:RentExpensesSGA,賃借料、販売費及び一般管理費,stable,jppfs_cor:SellingGeneralAndAdministrativeExpenses
1358954,S100LPRD,jppfs_cor:ForeignExchangeGainsNOI,為替差益、営業外収益,new,jppfs_cor:NonOperatingIncome
1358955,S100LPRD,jppfs_cor:LossOnSalesOfNoncurrentAssetsEL,固定資産売却損、特別損失,decrease_20,jppfs_cor:ExtraordinaryLoss
1358956,S100LPRD,jppfs_cor:InterestIncomeNOI,受取利息、営業外収益,decrease_10,jppfs_cor:NonOperatingIncome
1358957,S100LPRD,jppfs_cor:InterestExpensesNOE,支払利息、営業外費用,decrease_10,jppfs_cor:NonOperatingExpenses
1358958,S100LPRD,jppfs_cor:ProvisionForBonuses,賞与引当金,increase_10,jppfs_cor:CurrentLiabilities
1358959,S100LPRD,jppfs_cor:RetainedEarnings,利益剰余金,increase_10,jppfs_cor:ShareholdersEquity
1358960,S100LPRD,jppfs_cor:TreasuryStock,自己株式,new,jppfs_cor:ShareholdersEquity
1358961,S100LPRD,jppfs_cor:OtherIA,その他、無形固定資産,increase_10,jppfs_cor:IntangibleAssets
1358962,S100LPRD,jppfs_cor:AccumulatedDepreciationMachineryEquipmentAndVehicles,減価償却累計額、機械装置及び運搬具,increase_10,jppfs_cor:MachineryEquipmentAndVehiclesNet
1358963,S100LPRD,jppfs_cor:WorkInProcess,仕掛品,stable,jppfs_cor:CurrentAssets
1358964,S100LPRD,jppfs_cor:ShortTermLoansPayable,短期借入金,decrease_10,jppfs_cor:CurrentLiabilities
1358965,S100LPRD,jppfs_cor:CapitalSurplus,資本剰余金,decrease_10,jppfs_cor:ShareholdersEquity
1358966,S100LPRD,jppfs_cor:LongTermLoansReceivable,長期貸付金,increase_20,jppfs_cor:InvestmentsAndOtherAssets
1358967,S100LPRD,jppfs_cor:ProvisionForDirectorsBonusesSGA,役員賞与引当金繰入額、販売費及び一般管理費,decrease_20,jppfs_cor:SellingGeneralAndAdministrativeExpenses
1358968,S100LPRD,jppfs_cor:MerchandiseAndFinishedGoods,商品及び製品,increase_10,jppfs_cor:CurrentAssets
1358969,S100LPRD,jppfs_cor:CapitalStock,資本金,stable,jppfs_cor:ShareholdersEquity
1358970,S100LPRD,jpcrp030000-asr_E01554-000:SubsidiesForEmploymentAdjustmentEI,雇用調整助成金,new,jppfs_cor:ExtraordinaryIncome
1358971,S100LPRD,jppfs_cor:OtherIOA,その他、投資その他の資産,stable,jppfs_cor:InvestmentsAndOtherAssets
1358972,S100LPRD,jppfs_cor:RemeasurementsOfDefinedBenefitPlans,退職給付に係る調整累計額,decrease_20,jppfs_cor:ValuationAndTranslationAdjustments
1358973,S100LPRD,jppfs_cor:IncomeTaxesDeferred,法人税等調整額,increase_20,jppfs_cor:IncomeTaxes
1358974,S100LPRD,jppfs_cor:LongTermTimeDeposits,長期預金,decrease_20,jppfs_cor:InvestmentsAndOtherAssets
1358975,S100LPRD,jppfs_cor:GrossProfit,売上総利益又は売上総損失（△）,decrease_10,jppfs_cor:OperatingIncome
1358976,S100LPRD,jppfs_cor:LeaseAssetsPPE,リース資産、有形固定資産,stable,jppfs_cor:LeaseAssetsNetPPE
1358977,S100LPRD,jppfs_cor:CurrentPortionOfLongTermLoansPayable,１年内返済予定の長期借入金,new,jppfs_cor:CurrentLiabilities
1358978,S100LPRD,jppfs_cor:Software,ソフトウエア,increase_20,jppfs_cor:IntangibleAssets
1358979,S100LPRD,jppfs_cor:LossOnRetirementOfNoncurrentAssetsEL,固定資産除却損、特別損失,increase_20,jppfs_cor:ExtraordinaryLoss
1358980,S100LPRD,jppfs_cor:DeferredTaxLiabilities,繰延税金負債,decrease_10,jppfs_cor:NoncurrentLiabilities
1358981,S100LPRD,jppfs_cor:GainOnSalesOfInvestmentSecuritiesEI,投資有価証券売却益、特別利益,new,jppfs_cor:ExtraordinaryIncome
1358982,S100LPRD,jppfs_cor:CurrentAssets,流動資産,increase_10,jppfs_cor:Assets
1358983,S100LPRD,jppfs_cor:ProvisionForProductWarrantiesSGA,製品保証引当金繰入額、販売費及び一般管理費,increase_10,jppfs_cor:SellingGeneralAndAdministrativeExpenses
1358984,S100LPRD,jppfs_cor:IncomeBeforeIncomeTaxes,税引前当期純利益又は税引前当期純損失（△）,stable,jppfs_cor:ProfitLoss
1358985,S100LPRD,jppfs_cor:InvestmentSecurities,投資有価証券,stable,jppfs_cor:InvestmentsAndOtherAssets
1358986,S100LPRD,jppfs_cor:ShortTermInvestmentSecurities,有価証券,new,jppfs_cor:CurrentAssets
1358987,S100LPRD,jppfs_cor:ProvisionForShareBasedRemunerationForDirectorsAndOtherOfficersSGA,役員株式給付引当金繰入額、販売費及び一般管理費,increase_10,jppfs_cor:SellingGeneralAndAdministrativeExpenses
1358988,S100LPRD,jppfs_cor:CostOfSales,売上原価,decrease_10,jppfs_cor:GrossProfit
1358989,S100LPRD,jppfs_cor:OtherPPE,その他、有形固定資産,stable,jppfs_cor:OtherNetPPE
1358990,S100LPRD,jppfs_cor:SubsidiesForEmploymentAdjustmentNOI,雇用調整助成金、営業外収益,new,jppfs_cor:NonOperatingIncome
1358991,S100LPRD,jppfs_cor:PropertyPlantAndEquipment,有形固定資産,stable,jppfs_cor:NoncurrentAssets
1358992,S100LPRD,jppfs_cor:ForeignCurrencyTranslationAdjustment,為替換算調整勘定,increase_20,jppfs_cor:ValuationAndTranslationAdjustments
1358993,S100LPRD,jppfs_cor:LeaseObligationsCL,リース債務、流動負債,increase_10,jppfs_cor:CurrentLiabilities
1358994,S100LPRD,jppfs_cor:NoncurrentAssets,固定資産,stable,jppfs_cor:Assets
1358995,S100LPRD,jppfs_cor:ProvisionOfAllowanceForDoubtfulAccountsSGA,貸倒引当金繰入額、販売費及び一般管理費,decrease_20,jppfs_cor:SellingGeneralAndAdministrativeExpenses
1358996,S100LPRD,jppfs_cor:SubsidyIncomeNOIBounty,助成金収入、営業外収益,decrease_20,jppfs_cor:NonOperatingIncome
1358997,S100LPRD,jppfs_cor:ValuationDifferenceOnAvailableForSaleSecurities,その他有価証券評価差額金,increase_20,jppfs_cor:ValuationAndTranslationAdjustments
1358998,S100LPRD,jppfs_cor:NoncurrentLiabilities,固定負債,decrease_10,jppfs_cor:Liabilities
1358999,S100LPRD,jppfs_cor:AccumulatedDepreciationBuildingsAndStructures,減価償却累計額、建物及び構築物,increase_10,jppfs_cor:BuildingsAndStructuresNet
1359000,S100LPRD,jppfs_cor:AllowanceForDoubtfulAccountsCA,貸倒引当金、流動資産、一括控除,decrease_10,jppfs_cor:CurrentAssets
1359001,S100LPRD,jppfs_cor:InsuranceIncomeNOI,受取保険金、営業外収益,increase_20,jppfs_cor:NonOperatingIncome
1359002,S100LPRD,jppfs_cor:IntangibleAssets,無形固定資産,stable,jppfs_cor:NoncurrentAssets
1359003,S100LPRD,jppfs_cor:Goodwill,のれん,decrease_20,jppfs_cor:IntangibleAssets
1359004,S100LPRD,jpcrp030000-asr_E01554-000:CustomDutiesForPriorPeriodsNOE,過年度関税等,new,jppfs_cor:NonOperatingExpenses
1359005,S100LPRD,jppfs_cor:IncomeTaxes,法人税等,decrease_10,jppfs_cor:ProfitLoss
1359006,S100LPRD,jppfs_cor:ConstructionInProgress,建設仮勘定,increase_20,jppfs_cor:PropertyPlantAndEquipment
1359007,S100LPRD,jppfs_cor:NetSales,売上高,decrease_10,jppfs_cor:GrossProfit
1359008,S100LPRD,jppfs_cor:RetirementBenefitExpensesSGA,退職給付費用、販売費及び一般管理費,increase_20,jppfs_cor:SellingGeneralAndAdministrativeExpenses
1444680,S100LKLF,jppfs_cor:IncomeBeforeIncomeTaxes,税引前当期純利益又は税引前当期純損失（△）,stable,jppfs_cor:ProfitLoss
1444681,S100LKLF,jppfs_cor:GuaranteeDepositsIOA,差入保証金、投資その他の資産,stable,jppfs_cor:InvestmentsAndOtherAssets
1444682,S100LKLF,jppfs_cor:DepositsReceived,預り金,stable,jppfs_cor:CurrentLiabilities
1444683,S100LKLF,jppfs_cor:MerchandiseAndFinishedGoods,商品及び製品,decrease_10,jppfs_cor:CurrentAssets
1444684,S100LKLF,jppfs_cor:OtherNOE,その他、営業外費用,new,jppfs_cor:NonOperatingExpenses
1444685,S100LKLF,jppfs_cor:IncomeTaxesPayable,未払法人税等,decrease_10,jppfs_cor:CurrentLiabilities
1444686,S100LKLF,jppfs_cor:ToolsFurnitureAndFixtures,工具、器具及び備品,stable,jppfs_cor:ToolsFurnitureAndFixturesNet
1444687,S100LKLF,jppfs_cor:OtherIOA,その他、投資その他の資産,increase_20,jppfs_cor:InvestmentsAndOtherAssets
1444688,S100LKLF,jppfs_cor:MachineryAndEquipment,機械及び装置,stable,jppfs_cor:MachineryAndEquipmentNet
1444689,S100LKLF,jppfs_cor:LeaseObligationsCL,リース債務、流動負債,increase_10,jppfs_cor:CurrentLiabilities
1444690,S100LKLF,jppfs_cor:ProvisionForShareBasedRemunerationForDirectorsAndOtherOfficersNCL,役員株式給付引当金、固定負債,increase_20,jppfs_cor:NoncurrentLiabilities
1444691,S100LKLF,jppfs_cor:AccountsReceivableTrade,売掛金,increase_10,jppfs_cor:CurrentAssets
1444692,S100LKLF,jppfs_cor:AccountsPayableTrade,買掛金,decrease_10,jppfs_cor:CurrentLiabilities
1444693,S100LKLF,jppfs_cor:FinishedGoodsTransferToOtherAccountCOS,製品他勘定振替高、売上原価,decrease_20,jppfs_cor:CostOfFinishedGoodsSold
1444694,S100LKLF,jppfs_cor:Structures,構築物,stable,jppfs_cor:StructuresNet
1444695,S100LKLF,jppfs_cor:OrdinaryIncome,経常利益又は経常損失（△）,increase_10,jppfs_cor:IncomeBeforeIncomeTaxes
1444696,S100LKLF,jppfs_cor:WorkInProcess,仕掛品,increase_20,jppfs_cor:CurrentAssets
1444697,S100LKLF,jppfs_cor:OperatingIncome,営業利益又は営業損失（△）,stable,jppfs_cor:OrdinaryIncome
1444698,S100LKLF,jppfs_cor:NetSales,売上高,decrease_10,jppfs_cor:GrossProfit
1444699,S100LKLF,jppfs_cor:InvestmentSecurities,投資有価証券,increase_10,jppfs_cor:InvestmentsAndOtherAssets
1444700,S100LKLF,jppfs_cor:GoodsTransferToOtherAccountCOS,商品他勘定振替高、売上原価,increase_20,jppfs_cor:CostOfGoodsSold
1444701,S100LKLF,jppfs_cor:AdvancesReceived,前受金,increase_20,jppfs_cor:CurrentLiabilities
1444702,S100LKLF,jppfs_cor:TotalBeginningAndPurchaseOfGoods,合計、商品期首棚卸高及び当期商品仕入高,decrease_20,jppfs_cor:CostOfGoodsSold
1444703,S100LKLF,jppfs_cor:InvestmentsInCapital,出資金,stable,jppfs_cor:InvestmentsAndOtherAssets
1444704,S100LKLF,jppfs_cor:RetirementBenefitExpensesSGA,退職給付費用、販売費及び一般管理費,stable,jppfs_cor:SellingGeneralAndAdministrativeExpenses
1444705,S100LKLF,jppfs_cor:PropertyPlantAndEquipment,有形固定資産,stable,jppfs_cor:NoncurrentAssets
1444706,S100LKLF,jppfs_cor:ProfitLoss,当期純利益又は当期純損失（△）（平成26年3月28日財規等改正後）,stable,top_account
1444707,S100LKLF,jppfs_cor:AccumulatedDepreciationMachineryAndEquipment,減価償却累計額、機械及び装置,stable,jppfs_cor:MachineryAndEquipmentNet
1444708,S100LKLF,jppfs_cor:IntangibleAssets,無形固定資産,decrease_20,jppfs_cor:NoncurrentAssets
1444709,S100LKLF,jppfs_cor:LeaseAssetsPPE,リース資産、有形固定資産,increase_20,jppfs_cor:LeaseAssetsNetPPE
1444710,S100LKLF,jppfs_cor:LeaseObligationsNCL,リース債務、固定負債,decrease_10,jppfs_cor:NoncurrentLiabilities
1444711,S100LKLF,jppfs_cor:LeaseAssetsIA,リース資産、無形固定資産,decrease_20,jppfs_cor:IntangibleAssets
1444712,S100LKLF,jppfs_cor:ValuationDifferenceOnAvailableForSaleSecurities,その他有価証券評価差額金,increase_20,jppfs_cor:ValuationAndTranslationAdjustments
1444713,S100LKLF,jppfs_cor:ProvisionForBonusesSGA,賞与引当金繰入額、販売費及び一般管理費,stable,jppfs_cor:SellingGeneralAndAdministrativeExpenses
1444714,S100LKLF,jppfs_cor:OtherNOI,その他、営業外収益,increase_20,jppfs_cor:NonOperatingIncome
1444715,S100LKLF,jppfs_cor:LongTermGuaranteeDeposited,長期預り保証金,stable,jppfs_cor:NoncurrentLiabilities
1444716,S100LKLF,jppfs_cor:ResearchAndDevelopmentExpensesSGA,研究開発費、販売費及び一般管理費,decrease_10,jppfs_cor:SellingGeneralAndAdministrativeExpenses
1444717,S100LKLF,jppfs_cor:GeneralReserve,別途積立金,stable,jppfs_cor:RetainedEarnings
1444718,S100LKLF,jppfs_cor:EmployeesSalariesSGA,従業員給料、販売費及び一般管理費,stable,jppfs_cor:SellingGeneralAndAdministrativeExpenses
1444719,S100LKLF,jppfs_cor:EmployeesBonusesSGA,従業員賞与、販売費及び一般管理費,increase_10,jppfs_cor:SellingGeneralAndAdministrativeExpenses
1444720,S100LKLF,jppfs_cor:AdvertisingExpensesSGA,広告宣伝費、販売費及び一般管理費,decrease_20,jppfs_cor:SellingGeneralAndAdministrativeExpenses
1444721,S100LKLF,jppfs_cor:AccumulatedDepreciationLeaseAssetsPPE,減価償却累計額、リース資産、有形固定資産,increase_20,jppfs_cor:LeaseAssetsNetPPE
1444722,S100LKLF,jppfs_cor:CommissionFeeSGA,支払手数料、販売費及び一般管理費,increase_10,jppfs_cor:SellingGeneralAndAdministrativeExpenses
1444723,S100LKLF,jppfs_cor:LegalWelfareExpensesSGA,法定福利費、販売費及び一般管理費,stable,jppfs_cor:SellingGeneralAndAdministrativeExpenses
1444724,S100LKLF,jppfs_cor:LegalRetainedEarnings,利益準備金,stable,jppfs_cor:RetainedEarnings
1444725,S100LKLF,jppfs_cor:OtherNCL,その他、固定負債,increase_20,jppfs_cor:NoncurrentLiabilities
1444726,S100LKLF,jppfs_cor:Buildings,建物,stable,jppfs_cor:BuildingsNet
1444727,S100LKLF,jppfs_cor:Land,土地,stable,jppfs_cor:PropertyPlantAndEquipment
1444728,S100LKLF,jppfs_cor:LegalCapitalSurplus,資本準備金,stable,jppfs_cor:CapitalSurplus
1444729,S100LKLF,jppfs_cor:Liabilities,負債,stable,jppfs_cor:LiabilitiesAndNetAssets
1444730,S100LKLF,jppfs_cor:UtilitiesExpensesSGA,水道光熱費、販売費及び一般管理費,decrease_10,jppfs_cor:SellingGeneralAndAdministrativeExpenses
1444731,S100LKLF,jppfs_cor:ProvisionForShareBasedRemunerationNCL,株式給付引当金、固定負債,increase_20,jppfs_cor:NoncurrentLiabilities
1444732,S100LKLF,jppfs_cor:SuppliesExpensesSGA,消耗品費、販売費及び一般管理費,decrease_20,jppfs_cor:SellingGeneralAndAdministrativeExpenses
1444733,S100LKLF,jppfs_cor:DividendsIncomeNOI,受取配当金、営業外収益,stable,jppfs_cor:NonOperatingIncome
1444734,S100LKLF,jppfs_cor:RentsSGA,地代家賃、販売費及び一般管理費,decrease_10,jppfs_cor:SellingGeneralAndAdministrativeExpenses
1444735,S100LKLF,jppfs_cor:DirectorsCompensationsSGA,役員報酬、販売費及び一般管理費,increase_10,jppfs_cor:SellingGeneralAndAdministrativeExpenses
1444736,S100LKLF,jppfs_cor:CapitalStock,資本金,stable,jppfs_cor:ShareholdersEquity
1444737,S100LKLF,jppfs_cor:SalesDiscountsNOE,売上割引、営業外費用,decrease_10,jppfs_cor:NonOperatingExpenses
1444738,S100LKLF,jppfs_cor:NetSalesOfGoodsRevOA,商品売上高、営業活動による収益,decrease_20,jppfs_cor:NetSales
1444739,S100LKLF,jppfs_cor:TaxesAndDuesSGA,租税公課、販売費及び一般管理費,stable,jppfs_cor:SellingGeneralAndAdministrativeExpenses
1444740,S100LKLF,jppfs_cor:FiduciaryObligationFeeNOI,業務受託料、営業外収益,new,jppfs_cor:NonOperatingIncome
1444741,S100LKLF,jppfs_cor:AccumulatedDepreciationStructures,減価償却累計額、構築物,stable,jppfs_cor:StructuresNet
1444742,S100LKLF,jppfs_cor:ProvisionForShareBasedRemunerationSGA,株式給付引当金繰入額、販売費及び一般管理費,stable,jppfs_cor:SellingGeneralAndAdministrativeExpenses
1444743,S100LKLF,jppfs_cor:GrossProfit,売上総利益又は売上総損失（△）,stable,jppfs_cor:OperatingIncome
1444744,S100LKLF,jppfs_cor:TravelingAndTransportationExpensesSGA,旅費及び交通費、販売費及び一般管理費,decrease_20,jppfs_cor:SellingGeneralAndAdministrativeExpenses
1444745,S100LKLF,jppfs_cor:DepreciationSGA,減価償却費、販売費及び一般管理費,increase_10,jppfs_cor:SellingGeneralAndAdministrativeExpenses
1444746,S100LKLF,jppfs_cor:SellingGeneralAndAdministrativeExpenses,販売費及び一般管理費,decrease_10,jppfs_cor:OperatingIncome
1444747,S100LKLF,jppfs_cor:InterestExpensesNOE,支払利息、営業外費用,stable,jppfs_cor:NonOperatingExpenses
1444748,S100LKLF,jpcrp030000-asr_E00977-000:ProvisionForManagementBoardIncentivePlanTrustSGA,役員株式給付引当金繰入額,stable,jppfs_cor:SellingGeneralAndAdministrativeExpenses
1444749,S100LKLF,jppfs_cor:ForeignExchangeGainsNOI,為替差益、営業外収益,increase_20,jppfs_cor:NonOperatingIncome
1444750,S100LKLF,jppfs_cor:CostOfGoodsSold,商品売上原価,decrease_20,jppfs_cor:CostOfSales
1444751,S100LKLF,jppfs_cor:EndingGoodsCOS,商品期末棚卸高、売上原価,decrease_20,jppfs_cor:CostOfGoodsSold
1444752,S100LKLF,jppfs_cor:TotalBeginningFinishedGoodsAndCostOfProductsManufacturedForThePeriod,合計、製品期首棚卸高及び当期製品製造原価,decrease_10,jppfs_cor:CostOfFinishedGoodsSold
1444753,S100LKLF,jppfs_cor:InvestmentsAndOtherAssets,投資その他の資産,increase_10,jppfs_cor:NoncurrentAssets
1444754,S100LKLF,jppfs_cor:BeginningFinishedGoodsCOS,製品期首棚卸高、売上原価,stable,jppfs_cor:TotalBeginningFinishedGoodsAndCostOfProductsManufacturedForThePeriod
1444755,S100LKLF,jppfs_cor:IncomeTaxesCurrent,法人税、住民税及び事業税,decrease_10,jppfs_cor:IncomeTaxes
1444756,S100LKLF,jppfs_cor:ValuationAndTranslationAdjustments,評価・換算差額等,increase_20,jppfs_cor:NetAssets
1444757,S100LKLF,jppfs_cor:GainOnSalesOfNoncurrentAssetsEI,固定資産売却益、特別利益,new,jppfs_cor:ExtraordinaryIncome
1444758,S100LKLF,jppfs_cor:AccumulatedDepreciationToolsFurnitureAndFixtures,減価償却累計額、工具、器具及び備品,increase_10,jppfs_cor:ToolsFurnitureAndFixturesNet
1444759,S100LKLF,jppfs_cor:WelfareExpensesSGA,福利厚生費、販売費及び一般管理費,decrease_10,jppfs_cor:SellingGeneralAndAdministrativeExpenses
1444760,S100LKLF,jppfs_cor:CurrentPortionOfLongTermLoansPayable,１年内返済予定の長期借入金,increase_20,jppfs_cor:CurrentLiabilities
1444761,S100LKLF,jppfs_cor:EndingFinishedGoodsCOS,製品期末棚卸高、売上原価,decrease_10,jppfs_cor:CostOfFinishedGoodsSold
1444762,S100LKLF,jppfs_cor:LossOnRetirementOfNoncurrentAssetsEL,固定資産除却損、特別損失,decrease_20,jppfs_cor:ExtraordinaryLoss
1444763,S100LKLF,jppfs_cor:CostOfFinishedGoodsSold,製品売上原価,stable,jppfs_cor:CostOfSales
1444764,S100LKLF,jppfs_cor:BeginningGoodsCOS,商品期首棚卸高、売上原価,decrease_10,jppfs_cor:TotalBeginningAndPurchaseOfGoods
1444765,S100LKLF,jppfs_cor:RawMaterialsAndSupplies,原材料及び貯蔵品,stable,jppfs_cor:CurrentAssets
1444766,S100LKLF,jppfs_cor:LongTermLoansPayable,長期借入金,decrease_20,jppfs_cor:NoncurrentLiabilities
1444767,S100LKLF,jppfs_cor:OtherCA,その他、流動資産,stable,jppfs_cor:CurrentAssets
1444768,S100LKLF,jppfs_cor:PromotionExpensesSGA,販売促進費、販売費及び一般管理費,stable,jppfs_cor:SellingGeneralAndAdministrativeExpenses
1444769,S100LKLF,jppfs_cor:NetSalesOfFinishedGoodsRevOA,製品売上高、営業活動による収益,stable,jppfs_cor:NetSales
1444770,S100LKLF,jppfs_cor:LongTermAccountsPayableOther,長期未払金,stable,jppfs_cor:NoncurrentLiabilities
1444771,S100LKLF,jppfs_cor:TelephoneSubscriptionRight,電話加入権,stable,jppfs_cor:IntangibleAssets
1444772,S100LKLF,jppfs_cor:InterestIncomeNOI,受取利息、営業外収益,decrease_20,jppfs_cor:NonOperatingIncome
1444773,S100LKLF,jppfs_cor:CostOfProductsManufactured,当期製品製造原価,decrease_10,jppfs_cor:TotalBeginningFinishedGoodsAndCostOfProductsManufacturedForThePeriod
1444774,S100LKLF,jppfs_cor:CashAndDeposits,現金及び預金,increase_10,jppfs_cor:CurrentAssets
1444775,S100LKLF,jppfs_cor:CostOfPurchasedGoods,当期商品仕入高,decrease_20,jppfs_cor:TotalBeginningAndPurchaseOfGoods
1444776,S100LKLF,jppfs_cor:RentExpensesSGA,賃借料、販売費及び一般管理費,stable,jppfs_cor:SellingGeneralAndAdministrativeExpenses
1444777,S100LKLF,jppfs_cor:RepairExpensesSGA,修繕費、販売費及び一般管理費,increase_20,jppfs_cor:SellingGeneralAndAdministrativeExpenses
1444778,S100LKLF,jppfs_cor:ProvisionForBonuses,賞与引当金,stable,jppfs_cor:CurrentLiabilities
1444779,S100LKLF,jppfs_cor:ConstructionInProgress,建設仮勘定,new,jppfs_cor:PropertyPlantAndEquipment
1444780,S100LKLF,jppfs_cor:OtherSGA,その他、販売費及び一般管理費,decrease_10,jppfs_cor:SellingGeneralAndAdministrativeExpenses
1444781,S100LKLF,jppfs_cor:InsuranceExpensesSGA,保険料、販売費及び一般管理費,decrease_10,jppfs_cor:SellingGeneralAndAdministrativeExpenses
1444782,S100LKLF,jppfs_cor:LossOnValuationOfInvestmentSecuritiesEL,投資有価証券評価損、特別損失,new,jppfs_cor:ExtraordinaryLoss
1444783,S100LKLF,jppfs_cor:EntertainmentExpensesSGA,交際費、販売費及び一般管理費,decrease_20,jppfs_cor:SellingGeneralAndAdministrativeExpenses
1444784,S100LKLF,jppfs_cor:DistributionExpensesSGA,配送費、販売費及び一般管理費,decrease_20,jppfs_cor:SellingGeneralAndAdministrativeExpenses
1444785,S100LKLF,jppfs_cor:AccountsPayableOther,未払金,increase_10,jppfs_cor:CurrentLiabilities
1444786,S100LKLF,jppfs_cor:NonOperatingIncome,営業外収益,increase_20,jppfs_cor:OrdinaryIncome
1444787,S100LKLF,jppfs_cor:IncomeTaxesDeferred,法人税等調整額,decrease_20,jppfs_cor:IncomeTaxes
1444788,S100LKLF,jppfs_cor:DeferredTaxAssets,繰延税金資産,decrease_10,jppfs_cor:InvestmentsAndOtherAssets
1444789,S100LKLF,jppfs_cor:CommunicationExpensesSGA,通信費、販売費及び一般管理費,stable,jppfs_cor:SellingGeneralAndAdministrativeExpenses
1444790,S100LKLF,jppfs_cor:Software,ソフトウエア,decrease_20,jppfs_cor:IntangibleAssets
1444791,S100LKLF,jppfs_cor:NonOperatingExpenses,営業外費用,stable,jppfs_cor:OrdinaryIncome
1444792,S100LKLF,jppfs_cor:NoncurrentLiabilities,固定負債,decrease_20,jppfs_cor:Liabilities
1444793,S100LKLF,jppfs_cor:AccumulatedDepreciationBuildings,減価償却累計額、建物,stable,jppfs_cor:BuildingsNet
1444794,S100LKLF,jppfs_cor:NotesPayableTrade,支払手形,increase_10,jppfs_cor:CurrentLiabilities
1444795,S100LKLF,jppfs_cor:CostOfSales,売上原価,decrease_10,jppfs_cor:GrossProfit
1444796,S100LKLF,jppfs_cor:IncomeTaxes,法人税等,stable,jppfs_cor:ProfitLoss
1444797,S100LKLF,jppfs_cor:ExtraordinaryLoss,特別損失,increase_20,jppfs_cor:IncomeBeforeIncomeTaxes
1444798,S100LKLF,jppfs_cor:AccruedExpenses,未払費用,stable,jppfs_cor:CurrentLiabilities
1444799,S100LKLF,jppfs_cor:RetainedEarnings,利益剰余金,increase_10,jppfs_cor:ShareholdersEquity
1444800,S100LKLF,jppfs_cor:NoncurrentAssets,固定資産,stable,jppfs_cor:Assets
1444801,S100LKLF,jppfs_cor:AccruedConsumptionTaxes,未払消費税等,decrease_20,jppfs_cor:CurrentLiabilities
1444802,S100LKLF,jppfs_cor:ExtraordinaryIncome,特別利益,new,jppfs_cor:IncomeBeforeIncomeTaxes
1444803,S100LKLF,jppfs_cor:CurrentLiabilities,流動負債,stable,jppfs_cor:Liabilities
1444804,S100LKLF,jppfs_cor:PrepaidExpenses,前払費用,decrease_20,jppfs_cor:CurrentAssets
1444805,S100LKLF,jppfs_cor:CapitalSurplus,資本剰余金,stable,jppfs_cor:ShareholdersEquity
1444806,S100LKLF,jppfs_cor:ShareholdersEquity,株主資本,increase_10,jppfs_cor:NetAssets
1444807,S100LKLF,jppfs_cor:CurrentAssets,流動資産,increase_10,jppfs_cor:Assets
1444808,S100LKLF,jppfs_cor:TreasuryStock,自己株式,increase_20,jppfs_cor:ShareholdersEquity
1444809,S100LKLF,jppfs_cor:ShortTermLoansPayable,短期借入金,stable,jppfs_cor:CurrentLiabilities
1444810,S100LKLF,jppfs_cor:NotesReceivableTrade,受取手形,decrease_10,jppfs_cor:CurrentAssets
1444811,S100LKLF,jppfs_cor:RetainedEarningsBroughtForward,繰越利益剰余金,increase_10,jppfs_cor:RetainedEarnings
1528474,S100KZGC,jppfs_cor:ProfitLossAttributableToOwnersOfParent,親会社株主に帰属する当期純利益又は親会社株主に帰属する当期純損失（△）,decrease_20,not_common_account
1528475,S100KZGC,jppfs_cor:StockIssuanceCostNOE,株式交付費、営業外費用,new,jppfs_cor:NonOperatingExpenses
1528476,S100KZGC,jppfs_cor:NonOperatingIncome,営業外収益,new,jppfs_cor:OrdinaryIncome
1528477,S100KZGC,jppfs_cor:SubsidyIncomeNOI,補助金収入、営業外収益,new,jppfs_cor:NonOperatingIncome
1528478,S100KZGC,jppfs_cor:OtherIOA,その他、投資その他の資産,increase_10,jppfs_cor:InvestmentsAndOtherAssets
1528479,S100KZGC,jppfs_cor:RetainedEarnings,利益剰余金,increase_20,jppfs_cor:ShareholdersEquity
1528480,S100KZGC,jppfs_cor:ProfitLoss,当期純利益又は当期純損失（△）（平成26年3月28日財規等改正後）,decrease_20,top_account
1528481,S100KZGC,jppfs_cor:CurrentPortionOfLongTermLoansPayable,1年内返済予定の長期借入金,stable,jppfs_cor:CurrentLiabilities
1528482,S100KZGC,jppfs_cor:IncomeTaxesPayable,未払法人税等,new,jppfs_cor:CurrentLiabilities
1528483,S100KZGC,jppfs_cor:IntangibleAssets,無形固定資産,decrease_10,jppfs_cor:NoncurrentAssets
1528484,S100KZGC,jppfs_cor:AccountsPayableOther,未払金,increase_20,jppfs_cor:CurrentLiabilities
1528485,S100KZGC,jppfs_cor:NonOperatingExpenses,営業外費用,new,jppfs_cor:OrdinaryIncome
1528486,S100KZGC,jppfs_cor:AccumulatedDepreciationBuildings,減価償却累計額、建物,increase_10,jppfs_cor:BuildingsNet
1528487,S100KZGC,jppfs_cor:Liabilities,負債,stable,jppfs_cor:LiabilitiesAndNetAssets
1528488,S100KZGC,jppfs_cor:NetSales,売上高,decrease_20,jppfs_cor:GrossProfit
1528489,S100KZGC,jppfs_cor:CapitalSurplus,資本剰余金,increase_20,jppfs_cor:ShareholdersEquity
1528490,S100KZGC,jppfs_cor:LongTermLoansPayable,長期借入金,decrease_10,jppfs_cor:NoncurrentLiabilities
1528491,S100KZGC,jppfs_cor:CashAndDeposits,現金及び預金,increase_20,jppfs_cor:CurrentAssets
1528492,S100KZGC,jppfs_cor:OrdinaryIncome,経常利益又は経常損失（△）,decrease_20,jppfs_cor:IncomeBeforeIncomeTaxes
1528493,S100KZGC,jppfs_cor:ResearchAndDevelopmentExpensesSGA,研究開発費、販売費及び一般管理費,increase_20,jppfs_cor:SellingGeneralAndAdministrativeExpenses
1528494,S100KZGC,jppfs_cor:GrossProfit,売上総利益又は売上総損失（△）,decrease_20,jppfs_cor:OperatingIncome
1528495,S100KZGC,jppfs_cor:Buildings,建物,stable,jppfs_cor:BuildingsNet
1528496,S100KZGC,jppfs_cor:CapitalStock,資本金,new,jppfs_cor:ShareholdersEquity
1528497,S100KZGC,jppfs_cor:CostOfSales,売上原価,decrease_20,jppfs_cor:GrossProfit
1528498,S100KZGC,jppfs_cor:CurrentAssets,流動資産,increase_20,jppfs_cor:Assets
1528499,S100KZGC,jppfs_cor:OtherCL,その他、流動負債,decrease_10,jppfs_cor:CurrentLiabilities
1528500,S100KZGC,jppfs_cor:OtherSGA,その他、販売費及び一般管理費,increase_20,jppfs_cor:SellingGeneralAndAdministrativeExpenses
1528501,S100KZGC,jppfs_cor:NoncurrentLiabilities,固定負債,decrease_10,jppfs_cor:Liabilities
1528502,S100KZGC,jppfs_cor:IncomeTaxes,法人税等,stable,jppfs_cor:ProfitLoss
1528503,S100KZGC,jppfs_cor:ToolsFurnitureAndFixtures,工具、器具及び備品,stable,jppfs_cor:ToolsFurnitureAndFixturesNet
1528504,S100KZGC,jppfs_cor:SellingGeneralAndAdministrativeExpenses,販売費及び一般管理費,increase_20,jppfs_cor:OperatingIncome
1528505,S100KZGC,jppfs_cor:StockIssuanceCostPriorNOE,新株発行費、営業外費用,new,jppfs_cor:NonOperatingExpenses
1528506,S100KZGC,jppfs_cor:ForeignExchangeLossesNOE,為替差損、営業外費用,new,jppfs_cor:NonOperatingExpenses
1528507,S100KZGC,jppfs_cor:PropertyPlantAndEquipment,有形固定資産,increase_20,jppfs_cor:NoncurrentAssets
1528508,S100KZGC,jppfs_cor:OtherNCL,その他、固定負債,stable,jppfs_cor:NoncurrentLiabilities
1528509,S100KZGC,jppfs_cor:InterestIncomeNOI,受取利息、営業外収益,decrease_20,jppfs_cor:NonOperatingIncome
1528510,S100KZGC,jppfs_cor:InterestExpensesNOE,支払利息、営業外費用,decrease_10,jppfs_cor:NonOperatingExpenses
1528511,S100KZGC,jppfs_cor:CommissionFeeNOE,支払手数料、営業外費用,new,jppfs_cor:NonOperatingExpenses
1528512,S100KZGC,jppfs_cor:OtherNOI,その他、営業外収益,decrease_10,jppfs_cor:NonOperatingIncome
1528513,S100KZGC,jppfs_cor:InvestmentSecurities,投資有価証券,increase_20,jppfs_cor:InvestmentsAndOtherAssets
1528514,S100KZGC,jppfs_cor:IncomeBeforeIncomeTaxes,税引前当期純利益又は税引前当期純損失（△）,decrease_20,jppfs_cor:ProfitLoss
1528515,S100KZGC,jppfs_cor:Supplies,貯蔵品,stable,jppfs_cor:CurrentAssets
1528516,S100KZGC,jppfs_cor:ProfitLossAttributableToNonControllingInterests,非支配株主に帰属する当期純利益又は非支配株主に帰属する当期純損失（△）,decrease_20,not_common_account
1528517,S100KZGC,jppfs_cor:OtherNOE,その他、営業外費用,decrease_20,jppfs_cor:NonOperatingExpenses
1528518,S100KZGC,jpcrp030000-asr_E22024-000:ContractRelatedIntangibleAssets,契約関連無形資産,decrease_10,jppfs_cor:IntangibleAssets
1528519,S100KZGC,jppfs_cor:NoncurrentAssets,固定資産,decrease_10,jppfs_cor:Assets
1528520,S100KZGC,jppfs_cor:CurrentLiabilities,流動負債,increase_10,jppfs_cor:Liabilities
1528521,S100KZGC,jppfs_cor:AccumulatedDepreciationToolsFurnitureAndFixtures,減価償却累計額、工具、器具及び備品,stable,jppfs_cor:ToolsFurnitureAndFixturesNet
1528522,S100KZGC,jppfs_cor:OtherCA,その他、流動資産,new,jppfs_cor:CurrentAssets
1528523,S100KZGC,jppfs_cor:InvestmentsAndOtherAssets,投資その他の資産,increase_20,jppfs_cor:NoncurrentAssets
1528524,S100KZGC,jppfs_cor:OtherIA,その他、無形固定資産,decrease_10,jppfs_cor:IntangibleAssets
1528525,S100KZGC,jppfs_cor:ShareholdersEquity,株主資本,increase_20,jppfs_cor:NetAssets
1528526,S100KZGC,jppfs_cor:IncomeTaxesCurrent,法人税、住民税及び事業税,stable,jppfs_cor:IncomeTaxes
1528527,S100KZGC,jppfs_cor:OperatingIncome,営業利益又は営業損失（△）,decrease_20,jppfs_cor:OrdinaryIncome
1528528,S100KZGC,jppfs_cor:AccountsReceivableTrade,売掛金,decrease_10,jppfs_cor:CurrentAssets
1541682,S100KG5F,jppfs_cor:OtherCL,その他、流動負債,increase_20,jppfs_cor:CurrentLiabilities
1541683,S100KG5F,jppfs_cor:IncomeBeforeIncomeTaxes,税引前当期純利益又は税引前当期純損失（△）,decrease_20,jppfs_cor:ProfitLoss
1541684,S100KG5F,jppfs_cor:ProfitLoss,当期純利益又は当期純損失（△）（平成26年3月28日財規等改正後）,decrease_20,top_account
1541685,S100KG5F,jppfs_cor:IncomeTaxes,法人税等,decrease_20,jppfs_cor:ProfitLoss
1541686,S100KG5F,jppfs_cor:Liabilities,負債,decrease_10,jppfs_cor:LiabilitiesAndNetAssets
1541687,S100KG5F,jppfs_cor:ValuationAndTranslationAdjustments,評価・換算差額等,new,jppfs_cor:NetAssets
1541688,S100KG5F,jppfs_cor:RetainedEarnings,利益剰余金,increase_10,jppfs_cor:ShareholdersEquity
1541689,S100KG5F,jppfs_cor:PrepaidExpenses,前払費用,increase_20,jppfs_cor:CurrentAssets
1541690,S100KG5F,jppfs_cor:GrossProfit,売上総利益又は売上総損失（△）,decrease_20,jppfs_cor:OperatingIncome
1541691,S100KG5F,jppfs_cor:ShareholdersEquity,株主資本,stable,jppfs_cor:NetAssets
1541692,S100KG5F,jppfs_cor:OrdinaryIncome,経常利益又は経常損失（△）,decrease_20,jppfs_cor:IncomeBeforeIncomeTaxes
1541693,S100KG5F,jppfs_cor:Inventories,たな卸資産,decrease_10,jppfs_cor:CurrentAssets
1541694,S100KG5F,jppfs_cor:AccumulatedDepreciationBuildings,減価償却累計額、建物,increase_20,jppfs_cor:BuildingsNet
1541695,S100KG5F,jppfs_cor:OtherSGA,その他、販売費及び一般管理費,decrease_10,jppfs_cor:SellingGeneralAndAdministrativeExpenses
1541696,S100KG5F,jppfs_cor:AmortizationOfStockIssuanceCostNOE,株式交付費償却、営業外費用,increase_20,jppfs_cor:NonOperatingExpenses
1541697,S100KG5F,jppfs_cor:NetSales,売上高,stable,jppfs_cor:GrossProfit
1541698,S100KG5F,jppfs_cor:AccumulatedDepreciationToolsFurnitureAndFixtures,減価償却累計額、工具、器具及び備品,increase_20,jppfs_cor:ToolsFurnitureAndFixturesNet
1541699,S100KG5F,jppfs_cor:OtherNOI,その他、営業外収益,decrease_20,jppfs_cor:NonOperatingIncome
1541700,S100KG5F,jppfs_cor:OperatingIncome,営業利益又は営業損失（△）,decrease_20,jppfs_cor:OrdinaryIncome
1541701,S100KG5F,jppfs_cor:LongTermLoansPayable,長期借入金,decrease_10,jppfs_cor:NoncurrentLiabilities
1541702,S100KG5F,jppfs_cor:InvestmentsAndOtherAssets,投資その他の資産,stable,jppfs_cor:NoncurrentAssets
1541703,S100KG5F,jppfs_cor:OtherCapitalSurplus,その他資本剰余金,stable,jppfs_cor:CapitalSurplus
1541704,S100KG5F,jppfs_cor:OtherCA,その他、流動資産,decrease_20,jppfs_cor:CurrentAssets
1541705,S100KG5F,jppfs_cor:CapitalSurplus,資本剰余金,stable,jppfs_cor:ShareholdersEquity
1541706,S100KG5F,jppfs_cor:IncomeTaxesCurrent,法人税、住民税及び事業税,decrease_20,jppfs_cor:IncomeTaxes
1541707,S100KG5F,jppfs_cor:Buildings,建物,stable,jppfs_cor:BuildingsNet
1541708,S100KG5F,jppfs_cor:ExtraordinaryLoss,特別損失,decrease_20,jppfs_cor:IncomeBeforeIncomeTaxes
1541709,S100KG5F,jppfs_cor:RentIncomeNOI,受取賃貸料、営業外収益,increase_10,jppfs_cor:NonOperatingIncome
1541710,S100KG5F,jppfs_cor:OtherNOE,その他、営業外費用,increase_20,jppfs_cor:NonOperatingExpenses
1541711,S100KG5F,jppfs_cor:InterestIncomeNOI,受取利息、営業外収益,increase_20,jppfs_cor:NonOperatingIncome
1541712,S100KG5F,jppfs_cor:LossOnValuationOfInvestmentSecuritiesEL,投資有価証券評価損、特別損失,decrease_20,jppfs_cor:ExtraordinaryLoss
1541713,S100KG5F,jppfs_cor:OtherNCL,その他、固定負債,decrease_20,jppfs_cor:NoncurrentLiabilities
1541714,S100KG5F,jppfs_cor:InterestExpensesNOE,支払利息、営業外費用,decrease_20,jppfs_cor:NonOperatingExpenses
1541715,S100KG5F,jppfs_cor:AccountsPayableOther,未払金,increase_20,jppfs_cor:CurrentLiabilities
1541716,S100KG5F,jppfs_cor:AssetRetirementObligationsNCL,資産除去債務、固定負債,decrease_20,jppfs_cor:NoncurrentLiabilities
1541717,S100KG5F,jppfs_cor:OtherIA,その他、無形固定資産,increase_20,jppfs_cor:IntangibleAssets
1541718,S100KG5F,jppfs_cor:NonOperatingExpenses,営業外費用,decrease_20,jppfs_cor:OrdinaryIncome
1541719,S100KG5F,jppfs_cor:NonOperatingIncome,営業外収益,decrease_20,jppfs_cor:OrdinaryIncome
1541720,S100KG5F,jppfs_cor:CurrentLiabilities,流動負債,decrease_10,jppfs_cor:Liabilities
1541721,S100KG5F,jppfs_cor:ProvisionForLossOnOrderReceivedCL,受注損失引当金、流動負債,new,jppfs_cor:CurrentLiabilities
1541722,S100KG5F,jppfs_cor:ValuationDifferenceOnAvailableForSaleSecurities,その他有価証券評価差額金,new,jppfs_cor:ValuationAndTranslationAdjustments
1541723,S100KG5F,jppfs_cor:LeaseObligationsNCL,リース債務、固定負債,decrease_20,jppfs_cor:NoncurrentLiabilities
1541724,S100KG5F,jppfs_cor:ProvisionForShareholderBenefitProgramCL,株主優待引当金、流動負債,decrease_20,jppfs_cor:CurrentLiabilities
1541725,S100KG5F,jppfs_cor:SalariesAndAllowancesSGA,給料及び手当、販売費及び一般管理費,stable,jppfs_cor:SellingGeneralAndAdministrativeExpenses
1541726,S100KG5F,jppfs_cor:DepositsReceived,預り金,increase_20,jppfs_cor:CurrentLiabilities
1541727,S100KG5F,jppfs_cor:LeaseAndGuaranteeDeposits,敷金及び保証金,stable,jppfs_cor:InvestmentsAndOtherAssets
1541728,S100KG5F,jppfs_cor:RetainedEarningsBroughtForward,繰越利益剰余金,increase_10,jppfs_cor:RetainedEarnings
1541729,S100KG5F,jppfs_cor:PatentRight,特許権,decrease_20,jppfs_cor:IntangibleAssets
1541730,S100KG5F,jppfs_cor:CapitalStock,資本金,stable,jppfs_cor:ShareholdersEquity
1541731,S100KG5F,jppfs_cor:BusinessConsignmentExpensesSGA,業務委託費、販売費及び一般管理費,increase_20,jppfs_cor:SellingGeneralAndAdministrativeExpenses
1541732,S100KG5F,jppfs_cor:UnearnedRevenue,前受収益,increase_20,jppfs_cor:CurrentLiabilities
1541733,S100KG5F,jppfs_cor:DepreciationSGA,減価償却費、販売費及び一般管理費,increase_20,jppfs_cor:SellingGeneralAndAdministrativeExpenses
1541734,S100KG5F,jppfs_cor:LeaseObligationsCL,リース債務、流動負債,stable,jppfs_cor:CurrentLiabilities
1541735,S100KG5F,jppfs_cor:CostOfSales,売上原価,increase_10,jppfs_cor:GrossProfit
1541736,S100KG5F,jppfs_cor:CashAndDeposits,現金及び預金,decrease_10,jppfs_cor:CurrentAssets
1541737,S100KG5F,jppfs_cor:OperationalInvestmentSecuritiesCA,営業投資有価証券、流動資産,new,jppfs_cor:CurrentAssets
1541738,S100KG5F,jppfs_cor:Software,ソフトウエア,increase_20,jppfs_cor:IntangibleAssets
1541739,S100KG5F,jppfs_cor:TreasuryStock,自己株式,increase_20,jppfs_cor:ShareholdersEquity
1541740,S100KG5F,jppfs_cor:NoncurrentAssets,固定資産,stable,jppfs_cor:Assets
1541741,S100KG5F,jppfs_cor:SellingGeneralAndAdministrativeExpenses,販売費及び一般管理費,stable,jppfs_cor:OperatingIncome
1541742,S100KG5F,jppfs_cor:AccountsReceivableTrade,売掛金,increase_10,jppfs_cor:CurrentAssets
1541743,S100KG5F,jppfs_cor:LegalCapitalSurplus,資本準備金,stable,jppfs_cor:CapitalSurplus
1541744,S100KG5F,jppfs_cor:AccruedExpenses,未払費用,increase_20,jppfs_cor:CurrentLiabilities
1541745,S100KG5F,jppfs_cor:InvestmentSecurities,投資有価証券,decrease_20,jppfs_cor:InvestmentsAndOtherAssets
1541746,S100KG5F,jppfs_cor:IntangibleAssets,無形固定資産,increase_20,jppfs_cor:NoncurrentAssets
1541747,S100KG5F,jppfs_cor:IncomeTaxesPayable,未払法人税等,decrease_20,jppfs_cor:CurrentLiabilities
1541748,S100KG5F,jppfs_cor:ToolsFurnitureAndFixtures,工具、器具及び備品,increase_20,jppfs_cor:ToolsFurnitureAndFixturesNet
1541749,S100KG5F,jppfs_cor:DeferredTaxLiabilities,繰延税金負債,new,jppfs_cor:NoncurrentLiabilities
1541750,S100KG5F,jppfs_cor:AccountsPayableTrade,買掛金,decrease_20,jppfs_cor:CurrentLiabilities
1541751,S100KG5F,jppfs_cor:CurrentAssets,流動資産,stable,jppfs_cor:Assets
1541752,S100KG5F,jppfs_cor:StocksOfSubsidiariesAndAffiliates,関係会社株式,stable,jppfs_cor:InvestmentsAndOtherAssets
1541753,S100KG5F,jppfs_cor:AdvancePaymentsTrade,前渡金,decrease_10,jppfs_cor:CurrentAssets
1541754,S100KG5F,jppfs_cor:PropertyPlantAndEquipment,有形固定資産,stable,jppfs_cor:NoncurrentAssets
1541755,S100KG5F,jppfs_cor:IncomeTaxesDeferred,法人税等調整額,decrease_20,jppfs_cor:IncomeTaxes
1541756,S100KG5F,jppfs_cor:CurrentPortionOfLongTermLoansPayable,1年内返済予定の長期借入金,stable,jppfs_cor:CurrentLiabilities
1541757,S100KG5F,jppfs_cor:AssetRetirementObligationsCL,資産除去債務、流動負債,new,jppfs_cor:CurrentLiabilities
1541758,S100KG5F,jppfs_cor:NoncurrentLiabilities,固定負債,decrease_10,jppfs_cor:Liabilities
1564148,S100JRY4,jppfs_cor:CashAndDeposits,現金及び預金,decrease_20,jppfs_cor:CurrentAssets
1564149,S100JRY4,jppfs_cor:DividendsIncomeNOI,受取配当金、営業外収益,stable,jppfs_cor:NonOperatingIncome
1564150,S100JRY4,jppfs_cor:AccountsPayableOther,未払金,stable,jppfs_cor:CurrentLiabilities
1564151,S100JRY4,jppfs_cor:AccountsPayableTrade,買掛金,decrease_20,jppfs_cor:CurrentLiabilities
1564152,S100JRY4,jpcrp030000-asr_E04655-000:MaintenanceFeeOfGolfcourses,コース費,stable,jppfs_cor:SellingGeneralAndAdministrativeExpenses
1564153,S100JRY4,jppfs_cor:PropertyPlantAndEquipment,有形固定資産,increase_10,jppfs_cor:NoncurrentAssets
1564154,S100JRY4,jppfs_cor:MiscellaneousLossNOE,雑損失、営業外費用,decrease_20,jppfs_cor:NonOperatingExpenses
1564155,S100JRY4,jppfs_cor:MerchandiseAndFinishedGoods,商品及び製品,increase_10,jppfs_cor:CurrentAssets
1564156,S100JRY4,jppfs_cor:LegalRetainedEarnings,利益準備金,stable,jppfs_cor:RetainedEarnings
1564157,S100JRY4,jppfs_cor:CostOfGoodsSold,商品売上原価,decrease_20,jppfs_cor:GrossProfit
1564158,S100JRY4,jppfs_cor:InterestExpensesNOE,支払利息、営業外費用,decrease_10,jppfs_cor:NonOperatingExpenses
1564159,S100JRY4,jppfs_cor:NoncurrentLiabilities,固定負債,stable,jppfs_cor:Liabilities
1564160,S100JRY4,jppfs_cor:IncomeTaxesCurrent,法人税、住民税及び事業税,increase_20,jppfs_cor:IncomeTaxes
1564161,S100JRY4,jppfs_cor:InvestmentSecurities,投資有価証券,decrease_20,jppfs_cor:InvestmentsAndOtherAssets
1564162,S100JRY4,jppfs_cor:CapitalStock,資本金,stable,jppfs_cor:ShareholdersEquity
1564163,S100JRY4,jppfs_cor:OperatingAccountsReceivableCA,営業未収入金、流動資産,stable,jppfs_cor:CurrentAssets
1564164,S100JRY4,jppfs_cor:Liabilities,負債,increase_10,jppfs_cor:LiabilitiesAndNetAssets
1564165,S100JRY4,jppfs_cor:NetSales,売上高,increase_10,jppfs_cor:GrossProfit
1564166,S100JRY4,jppfs_cor:DepositsReceived,預り金,increase_10,jppfs_cor:CurrentLiabilities
1564167,S100JRY4,jppfs_cor:IncomeTaxesPayable,未払法人税等,increase_20,jppfs_cor:CurrentLiabilities
1564168,S100JRY4,jppfs_cor:AccruedConsumptionTaxes,未払消費税等,increase_20,jppfs_cor:CurrentLiabilities
1564169,S100JRY4,jppfs_cor:AccruedBusinessOfficeTaxes,未払事業所税,stable,jppfs_cor:CurrentLiabilities
1564170,S100JRY4,jppfs_cor:SellingGeneralAndAdministrativeExpenses,販売費及び一般管理費,increase_20,jppfs_cor:OperatingIncome
1564171,S100JRY4,jppfs_cor:InvestmentsInCapital,出資金,stable,jppfs_cor:InvestmentsAndOtherAssets
1564172,S100JRY4,jppfs_cor:IncomeTaxes,法人税等,increase_20,jppfs_cor:ProfitLoss
1564173,S100JRY4,jpcrp030000-asr_E04655-000:RentExpensesOfLand,借地料,stable,jppfs_cor:SellingGeneralAndAdministrativeExpenses
1564174,S100JRY4,jppfs_cor:ExtraordinaryLoss,特別損失,decrease_20,jppfs_cor:IncomeBeforeIncomeTaxes
1564175,S100JRY4,jppfs_cor:NoncurrentAssets,固定資産,increase_10,jppfs_cor:Assets
1564176,S100JRY4,jppfs_cor:AccruedExpenses,未払費用,increase_20,jppfs_cor:CurrentLiabilities
1564177,S100JRY4,jppfs_cor:LeaseObligationsCL,リース債務、流動負債,increase_20,jppfs_cor:CurrentLiabilities
1564178,S100JRY4,jppfs_cor:CostOfPurchasedGoods,当期商品仕入高,decrease_20,jppfs_cor:TotalBeginningAndPurchaseOfGoods
1564179,S100JRY4,jppfs_cor:AccountsReceivableOther,未収入金,increase_20,jppfs_cor:CurrentAssets
1564180,S100JRY4,jppfs_cor:LeaseObligationsNCL,リース債務、固定負債,increase_20,jppfs_cor:NoncurrentLiabilities
1564181,S100JRY4,jppfs_cor:PrepaidExpenses,前払費用,increase_20,jppfs_cor:CurrentAssets
1564182,S100JRY4,jppfs_cor:TaxesAndDuesSGA,租税公課、販売費及び一般管理費,increase_10,jppfs_cor:SellingGeneralAndAdministrativeExpenses
1564183,S100JRY4,jppfs_cor:DepreciationSGA,減価償却費、販売費及び一般管理費,stable,jppfs_cor:SellingGeneralAndAdministrativeExpenses
1564184,S100JRY4,jppfs_cor:GrossProfit,売上総利益又は売上総損失（△）,increase_10,jppfs_cor:OperatingIncome
1564185,S100JRY4,jppfs_cor:DirectorsCompensationsSGA,役員報酬、販売費及び一般管理費,increase_20,jppfs_cor:SellingGeneralAndAdministrativeExpenses
1564186,S100JRY4,jpcrp030000-asr_E04655-000:GolfcoursesPPE,ゴルフコース,stable,jppfs_cor:PropertyPlantAndEquipment
1564187,S100JRY4,jppfs_cor:ValuationAndTranslationAdjustments,評価・換算差額等,decrease_20,jppfs_cor:NetAssets
1564188,S100JRY4,jppfs_cor:LegalCapitalSurplus,資本準備金,stable,jppfs_cor:CapitalSurplus
1564189,S100JRY4,jppfs_cor:MiscellaneousIncomeNOI,雑収入、営業外収益,decrease_20,jppfs_cor:NonOperatingIncome
1564190,S100JRY4,jppfs_cor:IntangibleAssets,無形固定資産,stable,jppfs_cor:NoncurrentAssets
1564191,S100JRY4,jppfs_cor:GuaranteeDepositsIOA,差入保証金、投資その他の資産,stable,jppfs_cor:InvestmentsAndOtherAssets
1564192,S100JRY4,jppfs_cor:TelephoneSubscriptionRight,電話加入権,stable,jppfs_cor:IntangibleAssets
1564193,S100JRY4,jppfs_cor:UtilitiesExpensesSGA,水道光熱費、販売費及び一般管理費,stable,jppfs_cor:SellingGeneralAndAdministrativeExpenses
1564194,S100JRY4,jppfs_cor:RetainedEarningsBroughtForward,繰越利益剰余金,stable,jppfs_cor:RetainedEarnings
1564195,S100JRY4,jppfs_cor:OperatingIncome,営業利益又は営業損失（△）,decrease_20,jppfs_cor:OrdinaryIncome
1564196,S100JRY4,jppfs_cor:OrdinaryIncome,経常利益又は経常損失（△）,decrease_20,jppfs_cor:IncomeBeforeIncomeTaxes
1564197,S100JRY4,jppfs_cor:ProvisionForRetirementBenefits,退職給付引当金,increase_10,jppfs_cor:NoncurrentLiabilities
1564198,S100JRY4,jppfs_cor:SalariesAndAllowancesSGA,給料及び手当、販売費及び一般管理費,increase_20,jppfs_cor:SellingGeneralAndAdministrativeExpenses
1564199,S100JRY4,jppfs_cor:NonOperatingIncome,営業外収益,decrease_20,jppfs_cor:OrdinaryIncome
1564200,S100JRY4,jppfs_cor:NonOperatingExpenses,営業外費用,decrease_10,jppfs_cor:OrdinaryIncome
1564201,S100JRY4,jppfs_cor:TotalBeginningAndPurchaseOfGoods,合計、商品期首たな卸高及び当期商品仕入高,decrease_20,jppfs_cor:CostOfGoodsSold
1564202,S100JRY4,jppfs_cor:BeginningGoodsCOS,商品期首たな卸高、売上原価,decrease_10,jppfs_cor:TotalBeginningAndPurchaseOfGoods
1564203,S100JRY4,jppfs_cor:ProvisionForBonuses,賞与引当金,increase_20,jppfs_cor:CurrentLiabilities
1564204,S100JRY4,jppfs_cor:CurrentAssets,流動資産,stable,jppfs_cor:Assets
1564205,S100JRY4,jppfs_cor:CurrentLiabilities,流動負債,increase_10,jppfs_cor:Liabilities
1564206,S100JRY4,jppfs_cor:RawMaterialsAndSupplies,原材料及び貯蔵品,increase_20,jppfs_cor:CurrentAssets
1564207,S100JRY4,jppfs_cor:LongTermLoansPayable,長期借入金,decrease_20,jppfs_cor:NoncurrentLiabilities
1564208,S100JRY4,jppfs_cor:EndingGoodsCOS,商品期末たな卸高、売上原価,increase_10,jppfs_cor:CostOfGoodsSold
1564209,S100JRY4,jppfs_cor:LossOnDisasterEL,災害による損失、特別損失,decrease_20,jppfs_cor:ExtraordinaryLoss
1564210,S100JRY4,jppfs_cor:WelfareExpensesSGA,福利厚生費、販売費及び一般管理費,increase_20,jppfs_cor:SellingGeneralAndAdministrativeExpenses
1564211,S100JRY4,jppfs_cor:GeneralReserve,別途積立金,stable,jppfs_cor:RetainedEarnings
1564212,S100JRY4,jppfs_cor:ShareholdersEquity,株主資本,decrease_10,jppfs_cor:NetAssets
1564213,S100JRY4,jppfs_cor:DepositsReceivedFromMembers,会員預り金,stable,jppfs_cor:NoncurrentLiabilities
1564214,S100JRY4,jppfs_cor:UnearnedRevenue,前受収益,increase_10,jppfs_cor:CurrentLiabilities
1564215,S100JRY4,jppfs_cor:RetainedEarnings,利益剰余金,stable,jppfs_cor:ShareholdersEquity
1564216,S100JRY4,jppfs_cor:ShortTermLoansPayable,短期借入金,increase_10,jppfs_cor:CurrentLiabilities
1564217,S100JRY4,jppfs_cor:ProvisionForDirectorsRetirementBenefits,役員退職慰労引当金,increase_10,jppfs_cor:NoncurrentLiabilities
1564218,S100JRY4,jppfs_cor:OtherSGA,その他、販売費及び一般管理費,increase_20,jppfs_cor:SellingGeneralAndAdministrativeExpenses
1564219,S100JRY4,jppfs_cor:ValuationDifferenceOnAvailableForSaleSecurities,その他有価証券評価差額金,decrease_20,jppfs_cor:ValuationAndTranslationAdjustments
1564220,S100JRY4,jppfs_cor:InvestmentsAndOtherAssets,投資その他の資産,decrease_10,jppfs_cor:NoncurrentAssets
1564221,S100JRY4,jppfs_cor:CapitalSurplus,資本剰余金,stable,jppfs_cor:ShareholdersEquity
1564222,S100JRY4,jppfs_cor:IncomeBeforeIncomeTaxes,税引前当期純利益又は税引前当期純損失（△）,decrease_20,jppfs_cor:ProfitLoss
1564223,S100JRY4,jpcrp030000-asr_E04655-000:SalariesOfCaddies,キャディ人件費,decrease_10,jppfs_cor:SellingGeneralAndAdministrativeExpenses
1564224,S100JRY4,jpcrp030000-asr_E04655-000:InsuranceIncomeByDisaster,災害保険金収入,decrease_20,jppfs_cor:ExtraordinaryIncome
1564225,S100JRY4,jppfs_cor:OtherCA,その他、流動資産,decrease_10,jppfs_cor:CurrentAssets
1564226,S100JRY4,jppfs_cor:LongTermAccountsPayableOther,長期未払金,decrease_20,jppfs_cor:NoncurrentLiabilities
1564227,S100JRY4,jpcrp030000-asr_E04655-000:Trees,植樹,stable,jppfs_cor:PropertyPlantAndEquipment
1564228,S100JRY4,jppfs_cor:CurrentPortionOfLongTermLoansPayable,1年内返済予定の長期借入金,decrease_10,jppfs_cor:CurrentLiabilities
1564229,S100JRY4,jppfs_cor:ProfitLoss,当期純利益又は当期純損失（△）（平成26年3月28日財規等改正後）,decrease_20,top_account
1564230,S100JRY4,jppfs_cor:LongTermDepositsReceived,長期預り金,stable,jppfs_cor:NoncurrentLiabilities
1564231,S100JRY4,jppfs_cor:ExtraordinaryIncome,特別利益,decrease_20,jppfs_cor:IncomeBeforeIncomeTaxes
1688413,S100IYGI,jppfs_cor:InvestmentSecurities,投資有価証券,decrease_20,jppfs_cor:InvestmentsAndOtherAssets
1688414,S100IYGI,jppfs_cor:NonOperatingExpenses,営業外費用,stable,jppfs_cor:OrdinaryIncome
1688415,S100IYGI,jppfs_cor:CurrentPortionOfLongTermLoansPayable,1年内返済予定の長期借入金,increase_10,jppfs_cor:CurrentLiabilities
1688416,S100IYGI,jppfs_cor:ProvisionForBonuses,賞与引当金,increase_10,jppfs_cor:CurrentLiabilities
1688417,S100IYGI,jppfs_cor:AssetRetirementObligationsNCL,資産除去債務、固定負債,stable,jppfs_cor:NoncurrentLiabilities
1688418,S100IYGI,jppfs_cor:NonOperatingIncome,営業外収益,decrease_10,jppfs_cor:OrdinaryIncome
1688419,S100IYGI,jppfs_cor:AllowanceForDoubtfulAccountsCA,貸倒引当金、流動資産、一括控除,increase_20,jppfs_cor:CurrentAssets
1688420,S100IYGI,jppfs_cor:ValuationAndTranslationAdjustments,評価・換算差額等,decrease_20,jppfs_cor:NetAssets
1688421,S100IYGI,jppfs_cor:ProfitLoss,当期純利益又は当期純損失（△）（平成26年3月28日財規等改正後）,decrease_20,top_account
1688422,S100IYGI,jppfs_cor:OtherNCL,その他、固定負債,increase_20,jppfs_cor:NoncurrentLiabilities
1688423,S100IYGI,jppfs_cor:InvestmentsAndOtherAssets,投資その他の資産,decrease_10,jppfs_cor:NoncurrentAssets
1688424,S100IYGI,jppfs_cor:IncomeTaxesDeferred,法人税等調整額,decrease_20,jppfs_cor:IncomeTaxes
1688425,S100IYGI,jppfs_cor:RealEstateForInvestment,投資不動産,stable,jppfs_cor:InvestmentsAndOtherAssets
1688426,S100IYGI,jppfs_cor:RetainedEarnings,利益剰余金,increase_10,jppfs_cor:ShareholdersEquity
1688427,S100IYGI,jppfs_cor:GainOnSalesOfNoncurrentAssetsEI,固定資産売却益、特別利益,new,jppfs_cor:ExtraordinaryIncome
1688428,S100IYGI,jppfs_cor:CurrentLiabilities,流動負債,decrease_10,jppfs_cor:Liabilities
1688429,S100IYGI,jppfs_cor:CurrentAssets,流動資産,stable,jppfs_cor:Assets
1688430,S100IYGI,jppfs_cor:AccruedExpenses,未払費用,decrease_10,jppfs_cor:CurrentLiabilities
1688431,S100IYGI,jppfs_cor:NetDefinedBenefitLiability,退職給付に係る負債,stable,jppfs_cor:NoncurrentLiabilities
1688432,S100IYGI,jppfs_cor:ShortTermLoansPayable,短期借入金,stable,jppfs_cor:CurrentLiabilities
1688433,S100IYGI,jppfs_cor:RawMaterialsAndSupplies,原材料及び貯蔵品,increase_20,jppfs_cor:CurrentAssets
1688434,S100IYGI,jppfs_cor:InterestExpensesNOE,支払利息、営業外費用,stable,jppfs_cor:NonOperatingExpenses
1688435,S100IYGI,jppfs_cor:InterestIncomeNOI,受取利息、営業外収益,stable,jppfs_cor:NonOperatingIncome
1688436,S100IYGI,jppfs_cor:LossOnRetirementOfNoncurrentAssetsEL,固定資産除却損、特別損失,decrease_20,jppfs_cor:ExtraordinaryLoss
1688437,S100IYGI,jppfs_cor:RentIncomeNOI,受取賃貸料、営業外収益,increase_20,jppfs_cor:NonOperatingIncome
1688438,S100IYGI,jppfs_cor:PropertyPlantAndEquipment,有形固定資産,increase_20,jppfs_cor:NoncurrentAssets
1688439,S100IYGI,jppfs_cor:Liabilities,負債,increase_10,jppfs_cor:LiabilitiesAndNetAssets
1688440,S100IYGI,jppfs_cor:DividendsIncomeNOI,受取配当金、営業外収益,increase_10,jppfs_cor:NonOperatingIncome
1688441,S100IYGI,jppfs_cor:NoncurrentAssets,固定資産,increase_10,jppfs_cor:Assets
1688442,S100IYGI,jppfs_cor:LeaseObligationsNCL,リース債務、固定負債,stable,jppfs_cor:NoncurrentLiabilities
1688443,S100IYGI,jppfs_cor:NoncurrentLiabilities,固定負債,increase_20,jppfs_cor:Liabilities
1688444,S100IYGI,jppfs_cor:OrdinaryIncome,経常利益又は経常損失（△）,decrease_10,jppfs_cor:IncomeBeforeIncomeTaxes
1688445,S100IYGI,jppfs_cor:TreasuryStock,自己株式,decrease_10,jppfs_cor:ShareholdersEquity
1688446,S100IYGI,jppfs_cor:ProfitLossAttributableToOwnersOfParent,親会社株主に帰属する当期純利益又は親会社株主に帰属する当期純損失（△）,decrease_20,not_common_account
1688447,S100IYGI,jppfs_cor:OperatingIncome,営業利益又は営業損失（△）,decrease_10,jppfs_cor:OrdinaryIncome
1688448,S100IYGI,jppfs_cor:IncomeTaxes,法人税等,increase_10,jppfs_cor:ProfitLoss
1688449,S100IYGI,jppfs_cor:CostOfSales,売上原価,stable,jppfs_cor:GrossProfit
1688450,S100IYGI,jppfs_cor:GrossProfit,売上総利益又は売上総損失（△）,stable,jppfs_cor:OperatingIncome
1688451,S100IYGI,jppfs_cor:Land,土地,stable,jppfs_cor:PropertyPlantAndEquipment
1688452,S100IYGI,jppfs_cor:IntangibleAssets,無形固定資産,decrease_10,jppfs_cor:NoncurrentAssets
1688453,S100IYGI,jppfs_cor:OtherEL,その他、特別損失,new,jppfs_cor:ExtraordinaryLoss
1688454,S100IYGI,jppfs_cor:IncomeTaxesPayable,未払法人税等,increase_10,jppfs_cor:CurrentLiabilities
1688455,S100IYGI,jppfs_cor:DeferredTaxAssets,繰延税金資産,increase_20,jppfs_cor:InvestmentsAndOtherAssets
1688456,S100IYGI,jppfs_cor:AllowanceForDoubtfulAccountsIOAByGroup,貸倒引当金、投資その他の資産、一括控除,decrease_20,jppfs_cor:InvestmentsAndOtherAssets
1688457,S100IYGI,jppfs_cor:OtherIA,その他、無形固定資産,decrease_10,jppfs_cor:IntangibleAssets
1688458,S100IYGI,jppfs_cor:SubsidyIncomeNOIBounty,助成金収入、営業外収益,new,jppfs_cor:NonOperatingIncome
1688459,S100IYGI,jppfs_cor:LeaseObligationsCL,リース債務、流動負債,increase_10,jppfs_cor:CurrentLiabilities
1688460,S100IYGI,jppfs_cor:WorkInProcess,仕掛品,decrease_10,jppfs_cor:CurrentAssets
1688461,S100IYGI,jppfs_cor:ExtraordinaryLoss,特別損失,new,jppfs_cor:IncomeBeforeIncomeTaxes
1688462,S100IYGI,jppfs_cor:AccountsPayableOther,未払金,increase_10,jppfs_cor:CurrentLiabilities
1688463,S100IYGI,jpcrp030000-asr_E02994-000:RealEstateAcquisitionTaxesEL,不動産取得税等,increase_10,jppfs_cor:ExtraordinaryLoss
1688464,S100IYGI,jppfs_cor:MerchandiseAndFinishedGoods,商品及び製品,increase_10,jppfs_cor:CurrentAssets
1688465,S100IYGI,jppfs_cor:SubsidyEI,補助金収入、特別利益,new,jppfs_cor:ExtraordinaryIncome
1688466,S100IYGI,jppfs_cor:CashAndDeposits,現金及び預金,increase_20,jppfs_cor:CurrentAssets
1688467,S100IYGI,jppfs_cor:IncomeTaxesCurrent,法人税、住民税及び事業税,decrease_10,jppfs_cor:IncomeTaxes
1688468,S100IYGI,jppfs_cor:IncomeBeforeIncomeTaxes,税引前当期純利益又は税引前当期純損失（△）,decrease_10,jppfs_cor:ProfitLoss
1688469,S100IYGI,jppfs_cor:GainOnSalesOfGoodsNOI,物品売却益、営業外収益,decrease_20,jppfs_cor:NonOperatingIncome
1688470,S100IYGI,jppfs_cor:ExtraordinaryIncome,特別利益,new,jppfs_cor:IncomeBeforeIncomeTaxes
1688471,S100IYGI,jppfs_cor:ShareholdersEquity,株主資本,stable,jppfs_cor:NetAssets
1688472,S100IYGI,jppfs_cor:GainOnNegativeGoodwillEI,負ののれん発生益、特別利益,new,jppfs_cor:ExtraordinaryIncome
1688473,S100IYGI,jppfs_cor:AccountsPayableTrade,買掛金,decrease_20,jppfs_cor:CurrentLiabilities
1688474,S100IYGI,jppfs_cor:AccountsReceivableTrade,売掛金,decrease_20,jppfs_cor:CurrentAssets
1688475,S100IYGI,jppfs_cor:SellingGeneralAndAdministrativeExpenses,販売費及び一般管理費,stable,jppfs_cor:OperatingIncome
1688476,S100IYGI,jppfs_cor:CapitalStock,資本金,stable,jppfs_cor:ShareholdersEquity
1688477,S100IYGI,jppfs_cor:LongTermLoansPayable,長期借入金,increase_20,jppfs_cor:NoncurrentLiabilities
1688478,S100IYGI,jppfs_cor:LossOnReductionOfNoncurrentAssetsEL,固定資産圧縮損、特別損失,new,jppfs_cor:ExtraordinaryLoss
1688479,S100IYGI,jppfs_cor:OtherNOE,その他、営業外費用,decrease_20,jppfs_cor:NonOperatingExpenses
1688480,S100IYGI,jppfs_cor:CapitalSurplus,資本剰余金,stable,jppfs_cor:ShareholdersEquity
1688481,S100IYGI,jppfs_cor:OtherNOI,その他、営業外収益,decrease_20,jppfs_cor:NonOperatingIncome
1688482,S100IYGI,jppfs_cor:OtherIOA,その他、投資その他の資産,decrease_10,jppfs_cor:InvestmentsAndOtherAssets
1688483,S100IYGI,jppfs_cor:RemeasurementsOfDefinedBenefitPlans,退職給付に係る調整累計額,decrease_20,jppfs_cor:ValuationAndTranslationAdjustments
1688484,S100IYGI,jppfs_cor:LongTermLoansReceivable,長期貸付金,stable,jppfs_cor:InvestmentsAndOtherAssets
1688485,S100IYGI,jppfs_cor:LossOnValuationOfInvestmentSecuritiesEL,投資有価証券評価損、特別損失,decrease_20,jppfs_cor:ExtraordinaryLoss
1688486,S100IYGI,jppfs_cor:GainOnSalesOfInvestmentSecuritiesEI,投資有価証券売却益、特別利益,new,jppfs_cor:ExtraordinaryIncome
1688487,S100IYGI,jppfs_cor:OtherCL,その他、流動負債,decrease_20,jppfs_cor:CurrentLiabilities
1688488,S100IYGI,jppfs_cor:NetSales,売上高,stable,jppfs_cor:GrossProfit
1688489,S100IYGI,jppfs_cor:OtherCA,その他、流動資産,increase_20,jppfs_cor:CurrentAssets
1688490,S100IYGI,jppfs_cor:ConstructionInProgress,建設仮勘定,decrease_20,jppfs_cor:PropertyPlantAndEquipment
1688491,S100IYGI,jppfs_cor:ValuationDifferenceOnAvailableForSaleSecurities,その他有価証券評価差額金,decrease_20,jppfs_cor:ValuationAndTranslationAdjustments
1689981,S100IYE6,jppfs_cor:ConvertibleBondTypeBondsWithSubscriptionRightsToShares,転換社債型新株予約権付社債,stable,jppfs_cor:NoncurrentLiabilities
1689982,S100IYE6,jppfs_cor:SubsidyIncomeNOIBounty,助成金収入、営業外収益,new,jppfs_cor:NonOperatingIncome
1689983,S100IYE6,jppfs_cor:OtherCA,その他、流動資産,increase_10,jppfs_cor:CurrentAssets
1689984,S100IYE6,jppfs_cor:InterestExpensesNOE,支払利息、営業外費用,decrease_10,jppfs_cor:NonOperatingExpenses
1689985,S100IYE6,jppfs_cor:NonOperatingExpenses,営業外費用,increase_20,jppfs_cor:OrdinaryIncome
1689986,S100IYE6,jppfs_cor:AssetRetirementObligationsNCL,資産除去債務、固定負債,increase_10,jppfs_cor:NoncurrentLiabilities
1689987,S100IYE6,jpcrp030000-asr_E03399-000:ProvisionForProductsWarrantiesNCL,商品保証引当金,stable,jppfs_cor:NoncurrentLiabilities
1689988,S100IYE6,jppfs_cor:ExtraordinaryIncome,特別利益,new,jppfs_cor:IncomeBeforeIncomeTaxes
1689989,S100IYE6,jppfs_cor:ExtraordinaryLoss,特別損失,increase_20,jppfs_cor:IncomeBeforeIncomeTaxes
1689990,S100IYE6,jppfs_cor:OtherNOI,その他、営業外収益,stable,jppfs_cor:NonOperatingIncome
1689991,S100IYE6,jppfs_cor:OtherNOE,その他、営業外費用,decrease_10,jppfs_cor:NonOperatingExpenses
1689992,S100IYE6,jppfs_cor:OtherCL,その他、流動負債,decrease_10,jppfs_cor:CurrentLiabilities
1689993,S100IYE6,jppfs_cor:Liabilities,負債,stable,jppfs_cor:LiabilitiesAndNetAssets
1689994,S100IYE6,jppfs_cor:CommissionFeeNOI,受取手数料、営業外収益,decrease_20,jppfs_cor:NonOperatingIncome
1689995,S100IYE6,jppfs_cor:AllowanceForDoubtfulAccountsIOAByGroup,貸倒引当金、投資その他の資産、一括控除,stable,jppfs_cor:InvestmentsAndOtherAssets
1689996,S100IYE6,jppfs_cor:CurrentPortionOfLongTermLoansPayable,1年内返済予定の長期借入金,increase_10,jppfs_cor:CurrentLiabilities
1689997,S100IYE6,jppfs_cor:ContributionNOE,寄付金、営業外費用,new,jppfs_cor:NonOperatingExpenses
1689998,S100IYE6,jppfs_cor:OtherEL,その他、特別損失,decrease_10,jppfs_cor:ExtraordinaryLoss
1689999,S100IYE6,jppfs_cor:CostOfSales,売上原価,stable,jppfs_cor:GrossProfit
1690000,S100IYE6,jppfs_cor:RevaluationReserveForLand,土地再評価差額金,decrease_10,jppfs_cor:ValuationAndTranslationAdjustments
1690001,S100IYE6,jppfs_cor:Land,土地,decrease_10,jppfs_cor:PropertyPlantAndEquipment
1690002,S100IYE6,jppfs_cor:ProvisionForPointCardCertificatesCL,ポイント引当金、流動負債,increase_10,jppfs_cor:CurrentLiabilities
1690003,S100IYE6,jppfs_cor:IncomeBeforeIncomeTaxes,税引前当期純利益又は税引前当期純損失（△）,decrease_20,jppfs_cor:ProfitLoss
1690004,S100IYE6,jppfs_cor:CurrentLiabilities,流動負債,decrease_10,jppfs_cor:Liabilities
1690005,S100IYE6,jppfs_cor:CurrentAssets,流動資産,stable,jppfs_cor:Assets
1690006,S100IYE6,jppfs_cor:LeaseObligationsNCL,リース債務、固定負債,increase_10,jppfs_cor:NoncurrentLiabilities
1690007,S100IYE6,jppfs_cor:IncomeTaxesPayable,未払法人税等,decrease_20,jppfs_cor:CurrentLiabilities
1690008,S100IYE6,jppfs_cor:AccruedConsumptionTaxes,未払消費税等,decrease_20,jppfs_cor:CurrentLiabilities
1690009,S100IYE6,jppfs_cor:DeferredTaxAssets,繰延税金資産,stable,jppfs_cor:InvestmentsAndOtherAssets
1690010,S100IYE6,jppfs_cor:DeferredTaxLiabilities,繰延税金負債,increase_20,jppfs_cor:NoncurrentLiabilities
1690011,S100IYE6,jppfs_cor:IntangibleAssets,無形固定資産,increase_20,jppfs_cor:NoncurrentAssets
1690012,S100IYE6,jppfs_cor:InvestmentSecurities,投資有価証券,decrease_10,jppfs_cor:InvestmentsAndOtherAssets
1690013,S100IYE6,jppfs_cor:ProfitLoss,当期純利益又は当期純損失（△）（平成26年3月28日財規等改正後）,decrease_10,top_account
1690014,S100IYE6,jppfs_cor:OperatingIncome,営業利益又は営業損失（△）,decrease_20,jppfs_cor:OrdinaryIncome
1690015,S100IYE6,jppfs_cor:TreasuryStock,自己株式,new,jppfs_cor:ShareholdersEquity
1690016,S100IYE6,jppfs_cor:LossOnCancellationOfLeaseholdContractsEL,賃貸借契約解約損、特別損失,decrease_20,jppfs_cor:ExtraordinaryLoss
1690017,S100IYE6,jppfs_cor:SellingGeneralAndAdministrativeExpenses,販売費及び一般管理費,stable,jppfs_cor:OperatingIncome
1690018,S100IYE6,jppfs_cor:IncomeTaxesDeferred,法人税等調整額,decrease_20,jppfs_cor:IncomeTaxes
1690019,S100IYE6,jppfs_cor:InvestmentsAndOtherAssets,投資その他の資産,stable,jppfs_cor:NoncurrentAssets
1690020,S100IYE6,jppfs_cor:ShareholdersEquity,株主資本,stable,jppfs_cor:NetAssets
1690021,S100IYE6,jppfs_cor:OrdinaryIncome,経常利益又は経常損失（△）,decrease_20,jppfs_cor:IncomeBeforeIncomeTaxes
1690022,S100IYE6,jppfs_cor:ImpairmentLossEL,減損損失、特別損失,increase_20,jppfs_cor:ExtraordinaryLoss
1690023,S100IYE6,jppfs_cor:LeaseObligationsCL,リース債務、流動負債,increase_20,jppfs_cor:CurrentLiabilities
1690024,S100IYE6,jppfs_cor:RemeasurementsOfDefinedBenefitPlans,退職給付に係る調整累計額,increase_20,jppfs_cor:ValuationAndTranslationAdjustments
1690025,S100IYE6,jppfs_cor:CashAndDeposits,現金及び預金,increase_20,jppfs_cor:CurrentAssets
1690026,S100IYE6,jppfs_cor:ValuationDifferenceOnAvailableForSaleSecurities,その他有価証券評価差額金,new,jppfs_cor:ValuationAndTranslationAdjustments
1690027,S100IYE6,jppfs_cor:NoncurrentLiabilities,固定負債,stable,jppfs_cor:Liabilities
1690028,S100IYE6,jppfs_cor:PenaltyIncomeEI,違約金収入、特別利益,increase_10,jppfs_cor:ExtraordinaryIncome
1690029,S100IYE6,jppfs_cor:Goodwill,のれん,new,jppfs_cor:IntangibleAssets
1690030,S100IYE6,jppfs_cor:CapitalStock,資本金,stable,jppfs_cor:ShareholdersEquity
1690031,S100IYE6,jppfs_cor:NotesAndAccountsReceivableTrade,受取手形及び売掛金,decrease_10,jppfs_cor:CurrentAssets
1690032,S100IYE6,jppfs_cor:NoncurrentAssets,固定資産,stable,jppfs_cor:Assets
1690033,S100IYE6,jppfs_cor:NotesAndAccountsPayableTrade,支払手形及び買掛金,increase_10,jppfs_cor:CurrentLiabilities
1690034,S100IYE6,jppfs_cor:OtherIOA,その他、投資その他の資産,decrease_10,jppfs_cor:InvestmentsAndOtherAssets
1690035,S100IYE6,jppfs_cor:EquityInEarningsOfAffiliatesNOI,持分法による投資利益、営業外収益,new,jppfs_cor:NonOperatingIncome
1690036,S100IYE6,jppfs_cor:PropertyPlantAndEquipment,有形固定資産,decrease_10,jppfs_cor:NoncurrentAssets
1690037,S100IYE6,jppfs_cor:MerchandiseAndFinishedGoods,商品及び製品,decrease_10,jppfs_cor:CurrentAssets
1690038,S100IYE6,jppfs_cor:OtherIA,その他、無形固定資産,stable,jppfs_cor:IntangibleAssets
1690039,S100IYE6,jppfs_cor:NetDefinedBenefitLiability,退職給付に係る負債,stable,jppfs_cor:NoncurrentLiabilities
1690040,S100IYE6,jppfs_cor:GuaranteeDepositsIOA,差入保証金、投資その他の資産,stable,jppfs_cor:InvestmentsAndOtherAssets
1690041,S100IYE6,jppfs_cor:NonOperatingIncome,営業外収益,increase_10,jppfs_cor:OrdinaryIncome
1690042,S100IYE6,jppfs_cor:IncomeTaxes,法人税等,decrease_20,jppfs_cor:ProfitLoss
1690043,S100IYE6,jppfs_cor:OtherNCL,その他、固定負債,decrease_10,jppfs_cor:NoncurrentLiabilities
1690044,S100IYE6,jpcrp030000-asr_E03399-000:RefundOfSurchargesEI,課徴金返還額,new,jppfs_cor:ExtraordinaryIncome
1690045,S100IYE6,jppfs_cor:ValuationAndTranslationAdjustments,評価・換算差額等,stable,jppfs_cor:NetAssets
1690046,S100IYE6,jppfs_cor:NetSales,売上高,stable,jppfs_cor:GrossProfit
1690047,S100IYE6,jppfs_cor:ProvisionForBonuses,賞与引当金,stable,jppfs_cor:CurrentLiabilities
1690048,S100IYE6,jppfs_cor:RetainedEarnings,利益剰余金,increase_10,jppfs_cor:ShareholdersEquity
1690049,S100IYE6,jppfs_cor:LossOnRetirementOfNoncurrentAssetsEL,固定資産除却損、特別損失,increase_20,jppfs_cor:ExtraordinaryLoss
1690050,S100IYE6,jppfs_cor:ShortTermLoansPayable,短期借入金,decrease_20,jppfs_cor:CurrentLiabilities
1690051,S100IYE6,jppfs_cor:CapitalSurplus,資本剰余金,stable,jppfs_cor:ShareholdersEquity
1690052,S100IYE6,jppfs_cor:ConstructionInProgress,建設仮勘定,decrease_20,jppfs_cor:PropertyPlantAndEquipment
1690053,S100IYE6,jppfs_cor:LongTermLoansPayable,長期借入金,decrease_10,jppfs_cor:NoncurrentLiabilities
1690054,S100IYE6,jppfs_cor:InterestAndDividendsIncomeNOI,受取利息及び配当金、営業外収益,stable,jppfs_cor:NonOperatingIncome
1690055,S100IYE6,jppfs_cor:GrossProfit,売上総利益又は売上総損失（△）,stable,jppfs_cor:OperatingIncome
1690056,S100IYE6,jppfs_cor:ProfitLossAttributableToOwnersOfParent,親会社株主に帰属する当期純利益又は親会社株主に帰属する当期純損失（△）,decrease_10,not_common_account
1690057,S100IYE6,jppfs_cor:LossOnSalesOfNoncurrentAssetsEL,固定資産売却損、特別損失,increase_20,jppfs_cor:ExtraordinaryLoss
1690058,S100IYE6,jppfs_cor:AllowanceForDoubtfulAccountsCA,貸倒引当金、流動資産、一括控除,stable,jppfs_cor:CurrentAssets
1690059,S100IYE6,jppfs_cor:IncomeTaxesCurrent,法人税、住民税及び事業税,decrease_20,jppfs_cor:IncomeTaxes
1690060,S100IYE6,jppfs_cor:DeferredTaxLiabilitiesForLandRevaluation,再評価に係る繰延税金負債,decrease_10,jppfs_cor:NoncurrentLiabilities
1690061,S100IYE6,jppfs_cor:GainOnSalesOfNoncurrentAssetsEI,固定資産売却益、特別利益,new,jppfs_cor:ExtraordinaryIncome
1749046,S100IV3J,jppfs_cor:CurrentAssets,流動資産,increase_10,jppfs_cor:Assets
1749047,S100IV3J,jppfs_cor:InterestOnBondsOESPF,社債利息、営業費用、特定金融業,decrease_20,jppfs_cor:FinancialExpenses
1749048,S100IV3J,jppfs_cor:AccountsReceivableOther,未収入金,increase_10,jppfs_cor:CurrentAssets
1749049,S100IV3J,jpcrp030000-asr_E03730-000:LongTermUnearnedOperatingRevenueNCL,長期前受営業収益,increase_10,jppfs_cor:NoncurrentLiabilities
1749050,S100IV3J,jppfs_cor:SellingGeneralAndAdministrativeExpenses,販売費及び一般管理費,increase_10,jppfs_cor:OperatingExpensesSPF
1749051,S100IV3J,jppfs_cor:DeferredAssets,繰延資産,increase_20,jppfs_cor:Assets
1749052,S100IV3J,jppfs_cor:AssetRetirementObligationsNCL,資産除去債務、固定負債,stable,jppfs_cor:NoncurrentLiabilities
1749053,S100IV3J,jpcrp030000-asr_E03730-000:UnearnedOperatingRevenueCL,前受営業収益,stable,jppfs_cor:CurrentLiabilities
1749054,S100IV3J,jppfs_cor:DepositsReceived,預り金,decrease_20,jppfs_cor:CurrentLiabilities
1749055,S100IV3J,jppfs_cor:LeaseRevenueRevOA,リース収益、営業活動による収益,stable,jppfs_cor:OperatingRevenueSPF
1749056,S100IV3J,jppfs_cor:IncomeTaxes,法人税等,increase_10,jppfs_cor:ProfitLoss
1749057,S100IV3J,jppfs_cor:InvestmentsAndOtherAssets,投資その他の資産,stable,jppfs_cor:NoncurrentAssets
1749058,S100IV3J,jppfs_cor:PrepaidExpenses,前払費用,stable,jppfs_cor:CurrentAssets
1749059,S100IV3J,jppfs_cor:CapitalSurplus,資本剰余金,stable,jppfs_cor:ShareholdersEquity
1749060,S100IV3J,jppfs_cor:OfficeTransferExpensesEL,事務所移転費用、特別損失,increase_20,jppfs_cor:ExtraordinaryLoss
1749061,S100IV3J,jppfs_cor:LossOnSalesOfNoncurrentAssetsEL,固定資産売却損、特別損失,decrease_20,jppfs_cor:ExtraordinaryLoss
1749062,S100IV3J,jppfs_cor:FinancingRevenueRevOA,融資収益、営業活動による収益,decrease_10,jppfs_cor:OperatingRevenueSPF
1749063,S100IV3J,jppfs_cor:ClaimsProvableInBankruptcyClaimsProvableInRehabilitationAndOther,破産更生債権等,stable,jppfs_cor:InvestmentsAndOtherAssets
1749064,S100IV3J,jppfs_cor:AccountsReceivableOperatingLoansCASPF,営業貸付金、流動資産、特定金融業,increase_10,jppfs_cor:CurrentAssets
1749065,S100IV3J,jppfs_cor:OtherCL,その他、流動負債,stable,jppfs_cor:CurrentLiabilities
1749066,S100IV3J,jppfs_cor:AccountsPayableOther,未払金,increase_10,jppfs_cor:CurrentLiabilities
1749067,S100IV3J,jppfs_cor:NoncurrentLiabilities,固定負債,increase_10,jppfs_cor:Liabilities
1749068,S100IV3J,jppfs_cor:OtherFinancialExpensesSPF,その他、金融費用、特定金融業,stable,jppfs_cor:FinancialExpenses
1749069,S100IV3J,jppfs_cor:CurrentPortionOfBonds,1年内償還予定の社債,decrease_20,jppfs_cor:CurrentLiabilities
1749070,S100IV3J,jppfs_cor:LongTermLoansPayable,長期借入金,stable,jppfs_cor:NoncurrentLiabilities
1749071,S100IV3J,jppfs_cor:LegalCapitalSurplus,資本準備金,stable,jppfs_cor:CapitalSurplus
1749072,S100IV3J,jppfs_cor:BondsPayable,社債,increase_20,jppfs_cor:NoncurrentLiabilities
1749073,S100IV3J,jppfs_cor:CurrentPortionOfLongTermLoansPayable,1年内返済予定の長期借入金,new,jppfs_cor:CurrentLiabilities
1749074,S100IV3J,jppfs_cor:TelephoneSubscriptionRight,電話加入権,stable,jppfs_cor:IntangibleAssets
1749075,S100IV3J,jppfs_cor:OtherIOA,その他、投資その他の資産,decrease_10,jppfs_cor:InvestmentsAndOtherAssets
1749076,S100IV3J,jppfs_cor:PrepaidPensionCostIOA,前払年金費用、投資その他の資産,decrease_20,jppfs_cor:InvestmentsAndOtherAssets
1749077,S100IV3J,jppfs_cor:Software,ソフトウエア,stable,jppfs_cor:IntangibleAssets
1749078,S100IV3J,jppfs_cor:ShareholdersEquity,株主資本,increase_10,jppfs_cor:NetAssets
1749079,S100IV3J,jppfs_cor:AccountsPayableTrade,買掛金,decrease_20,jppfs_cor:CurrentLiabilities
1749080,S100IV3J,jppfs_cor:Inventories,たな卸資産,increase_20,jppfs_cor:CurrentAssets
1749081,S100IV3J,jppfs_cor:AllowanceForDoubtfulAccountsIOAByGroup,貸倒引当金、投資その他の資産、一括控除,stable,jppfs_cor:InvestmentsAndOtherAssets
1749082,S100IV3J,jppfs_cor:AccruedExpenses,未払費用,increase_10,jppfs_cor:CurrentLiabilities
1749083,S100IV3J,jppfs_cor:CurrentPortionOfLongTermPayablesUnderFluidityLeaseReceivablesCLLEA,1年内支払予定の債権流動化に伴う長期支払債務、流動負債、リース事業,decrease_10,jppfs_cor:CurrentLiabilities
1749084,S100IV3J,jppfs_cor:CurrentLiabilities,流動負債,stable,jppfs_cor:Liabilities
1749085,S100IV3J,jppfs_cor:AllowanceForDoubtfulAccountsCA,貸倒引当金、流動資産、一括控除,stable,jppfs_cor:CurrentAssets
1749086,S100IV3J,jppfs_cor:IncomeBeforeIncomeTaxes,税引前当期純利益又は税引前当期純損失（△）,increase_10,jppfs_cor:ProfitLoss
1749087,S100IV3J,jpcrp030000-asr_E03730-000:AccruedCommissionsReceivableCA,未収手数料,increase_10,jppfs_cor:CurrentAssets
1749088,S100IV3J,jppfs_cor:IncomeTaxesDeferred,法人税等調整額,decrease_20,jppfs_cor:IncomeTaxes
1749089,S100IV3J,jppfs_cor:OtherCA,その他、流動資産,decrease_10,jppfs_cor:CurrentAssets
1749090,S100IV3J,jppfs_cor:IntangibleAssets,無形固定資産,increase_10,jppfs_cor:NoncurrentAssets
1749091,S100IV3J,jppfs_cor:NonOperatingIncome,営業外収益,increase_10,jppfs_cor:OrdinaryIncome
1749092,S100IV3J,jppfs_cor:OrdinaryIncome,経常利益又は経常損失（△）,increase_10,jppfs_cor:IncomeBeforeIncomeTaxes
1749093,S100IV3J,jppfs_cor:LongTermLeaseDeposited,長期預り敷金,stable,jppfs_cor:NoncurrentLiabilities
1749094,S100IV3J,jppfs_cor:OperatingIncome,営業利益又は営業損失（△）,increase_10,jppfs_cor:OrdinaryIncome
1749095,S100IV3J,jppfs_cor:DeferredTaxAssets,繰延税金資産,increase_10,jppfs_cor:InvestmentsAndOtherAssets
1749096,S100IV3J,jppfs_cor:IncomeTaxesPayable,未払法人税等,increase_10,jppfs_cor:CurrentLiabilities
1749097,S100IV3J,jppfs_cor:LeaseInvestmentAssetsCA,リース投資資産、流動資産,stable,jppfs_cor:CurrentAssets
1749098,S100IV3J,jppfs_cor:SoftwareInProgress,ソフトウエア仮勘定,increase_20,jppfs_cor:IntangibleAssets
1749099,S100IV3J,jppfs_cor:InvestmentSecurities,投資有価証券,stable,jppfs_cor:InvestmentsAndOtherAssets
1749100,S100IV3J,jppfs_cor:NonOperatingExpenses,営業外費用,new,jppfs_cor:OrdinaryIncome
1749101,S100IV3J,jppfs_cor:LongTermPrepaidExpenses,長期前払費用,stable,jppfs_cor:InvestmentsAndOtherAssets
1749102,S100IV3J,jppfs_cor:LegalRetainedEarnings,利益準備金,stable,jppfs_cor:RetainedEarnings
1749103,S100IV3J,jppfs_cor:LongTermPayablesUnderFluidityLeaseReceivablesNCLLEA,債権流動化に伴う長期支払債務、固定負債、リース事業,decrease_20,jppfs_cor:NoncurrentLiabilities
1749104,S100IV3J,jppfs_cor:CashAndDeposits,現金及び預金,increase_20,jppfs_cor:CurrentAssets
1749105,S100IV3J,jppfs_cor:OtherRevenue1RevOA,その他の収益、営業活動による収益,stable,jppfs_cor:OperatingRevenueSPF
1749106,S100IV3J,jppfs_cor:ProvisionForDirectorsRetirementBenefits,役員退職慰労引当金,increase_20,jppfs_cor:NoncurrentLiabilities
1749107,S100IV3J,jpcrp030000-asr_E03730-000:LeaseCostCOSExpOA,リース原価,stable,jppfs_cor:OperatingExpensesSPF
1749108,S100IV3J,jppfs_cor:ProfitLoss,当期純利益又は当期純損失（△）（平成26年3月28日財規等改正後）,increase_10,top_account
1749109,S100IV3J,jppfs_cor:Liabilities,負債,increase_10,jppfs_cor:LiabilitiesAndNetAssets
1749110,S100IV3J,jppfs_cor:OperatingRevenueSPF,営業収益、特定金融業,stable,jppfs_cor:OperatingIncome
1749111,S100IV3J,jppfs_cor:CommercialPapersLiabilities,コマーシャル・ペーパー,decrease_10,jppfs_cor:CurrentLiabilities
1749112,S100IV3J,jppfs_cor:OtherNOE,その他、営業外費用,new,jppfs_cor:NonOperatingExpenses
1749113,S100IV3J,jppfs_cor:PropertyPlantAndEquipment,有形固定資産,stable,jppfs_cor:NoncurrentAssets
1749114,S100IV3J,jppfs_cor:RetainedEarningsBroughtForward,繰越利益剰余金,increase_10,jppfs_cor:RetainedEarnings
1749115,S100IV3J,jppfs_cor:LossOnAbandonmentOfNoncurrentAssetsEL,固定資産廃棄損、特別損失,stable,jppfs_cor:ExtraordinaryLoss
1749116,S100IV3J,jppfs_cor:PerItemRevenueRevOA,個別信用購入あっせん収益、営業活動による収益,increase_10,jppfs_cor:OperatingRevenueSPF
1749117,S100IV3J,jppfs_cor:NoncurrentAssets,固定資産,stable,jppfs_cor:Assets
1749118,S100IV3J,jppfs_cor:InterestExpensesOESPF,支払利息、営業費用、特定金融業,increase_20,jppfs_cor:FinancialExpenses
1749119,S100IV3J,jppfs_cor:DividendsIncomeNOI,受取配当金、営業外収益,increase_10,jppfs_cor:NonOperatingIncome
1749120,S100IV3J,jppfs_cor:ProvisionForBonuses,賞与引当金,stable,jppfs_cor:CurrentLiabilities
1749121,S100IV3J,jppfs_cor:FinancialExpenses,金融費用,decrease_10,jppfs_cor:OperatingExpensesSPF
1749122,S100IV3J,jppfs_cor:LeaseholdRight,借地権,stable,jppfs_cor:IntangibleAssets
1749123,S100IV3J,jppfs_cor:IncomeTaxesCurrent,法人税、住民税及び事業税,increase_10,jppfs_cor:IncomeTaxes
1749124,S100IV3J,jppfs_cor:ExtraordinaryLoss,特別損失,decrease_20,jppfs_cor:IncomeBeforeIncomeTaxes
1749125,S100IV3J,jppfs_cor:AccountsReceivableTrade,売掛金,stable,jppfs_cor:CurrentAssets
1749126,S100IV3J,jppfs_cor:OperatingExpensesSPF,営業費用、特定金融業,stable,jppfs_cor:OperatingIncome
1749127,S100IV3J,jppfs_cor:CapitalStock,資本金,stable,jppfs_cor:ShareholdersEquity
1749128,S100IV3J,jppfs_cor:RetainedEarnings,利益剰余金,increase_10,jppfs_cor:ShareholdersEquity
1749129,S100IV3J,jppfs_cor:BondIssuanceCostDA,社債発行費、繰延資産,increase_20,jppfs_cor:DeferredAssets
1749130,S100IV3J,jppfs_cor:LeaseReceivablesCA,リース債権、流動資産,stable,jppfs_cor:CurrentAssets
1792423,S100IOZN,jppfs_cor:OrdinaryIncome,経常利益又は経常損失（△）,new,jppfs_cor:IncomeBeforeIncomeTaxes
1792424,S100IOZN,jppfs_cor:Land,土地,stable,jppfs_cor:PropertyPlantAndEquipment
1792425,S100IOZN,jppfs_cor:GuaranteeDepositsIOA,差入保証金、投資その他の資産,stable,jppfs_cor:InvestmentsAndOtherAssets
1792426,S100IOZN,jppfs_cor:AccumulatedDepreciationOtherPPE,減価償却累計額、その他、有形固定資産,decrease_10,jppfs_cor:OtherNetPPE
1792427,S100IOZN,jppfs_cor:AssetRetirementObligationsNCL,資産除去債務、固定負債,stable,jppfs_cor:NoncurrentLiabilities
1792428,S100IOZN,jppfs_cor:SubsidyIncomeNOIBounty,助成金収入、営業外収益,decrease_10,jppfs_cor:NonOperatingIncome
1792429,S100IOZN,jppfs_cor:LossOnSalesAndRetirementOfNoncurrentAssetsEL,固定資産除売却損、特別損失,increase_20,jppfs_cor:ExtraordinaryLoss
1792430,S100IOZN,jppfs_cor:CommissionFeeNOE,支払手数料、営業外費用,decrease_20,jppfs_cor:NonOperatingExpenses
1792431,S100IOZN,jppfs_cor:DividendsIncomeOfLifeInsuranceNOI,生命保険配当金、営業外収益,decrease_10,jppfs_cor:NonOperatingIncome
1792432,S100IOZN,jppfs_cor:ElectronicallyRecordedObligationsOperatingCL,電子記録債務、流動負債,increase_10,jppfs_cor:CurrentLiabilities
1792433,S100IOZN,jppfs_cor:DividendsIncomeNOI,受取配当金、営業外収益,increase_20,jppfs_cor:NonOperatingIncome
1792434,S100IOZN,jppfs_cor:DeferredTaxLiabilitiesNCL,繰延税金負債、固定負債,decrease_10,jppfs_cor:NoncurrentLiabilities
1792435,S100IOZN,jppfs_cor:AssetRetirementObligationsCL,資産除去債務、流動負債,increase_20,jppfs_cor:CurrentLiabilities
1792436,S100IOZN,jppfs_cor:CurrentPortionOfLongTermLoansPayable,1年内返済予定の長期借入金,stable,jppfs_cor:CurrentLiabilities
1792437,S100IOZN,jppfs_cor:OperatingIncome,営業利益又は営業損失（△）,new,jppfs_cor:OrdinaryIncome
1792438,S100IOZN,jppfs_cor:Liabilities,負債,stable,jppfs_cor:LiabilitiesAndNetAssets
1792439,S100IOZN,jppfs_cor:OtherIOA,その他、投資その他の資産,stable,jppfs_cor:InvestmentsAndOtherAssets
1792440,S100IOZN,jppfs_cor:RemeasurementsOfDefinedBenefitPlans,退職給付に係る調整累計額,increase_10,jppfs_cor:ValuationAndTranslationAdjustments
1792441,S100IOZN,jppfs_cor:NoncurrentLiabilities,固定負債,decrease_20,jppfs_cor:Liabilities
1792442,S100IOZN,jppfs_cor:ProvisionForPointCardCertificatesCL,ポイント引当金、流動負債,increase_10,jppfs_cor:CurrentLiabilities
1792443,S100IOZN,jppfs_cor:IncomeTaxes,法人税等,decrease_20,jppfs_cor:ProfitLoss
1792444,S100IOZN,jppfs_cor:ProfitLoss,当期純利益又は当期純損失（△）（平成26年3月28日財規等改正後）,increase_20,top_account
1792445,S100IOZN,jppfs_cor:ProvisionOfAllowanceForDoubtfulAccountsSGA,貸倒引当金繰入額、販売費及び一般管理費,decrease_20,jppfs_cor:SellingGeneralAndAdministrativeExpenses
1792446,S100IOZN,jppfs_cor:PromotionExpensesSGA,販売促進費、販売費及び一般管理費,decrease_10,jppfs_cor:SellingGeneralAndAdministrativeExpenses
1792447,S100IOZN,jppfs_cor:IncomeTaxesDeferred,法人税等調整額,decrease_20,jppfs_cor:IncomeTaxes
1792448,S100IOZN,jpcrp030000-asr_E00605-000:LossOnClosingOfOfficeEL,事業所閉鎖損失,new,jppfs_cor:ExtraordinaryLoss
1792449,S100IOZN,jppfs_cor:GrossProfit,売上総利益又は売上総損失（△）,decrease_20,jppfs_cor:OperatingIncome
1792450,S100IOZN,jppfs_cor:GainOnValuationOfInvestmentSecuritiesNOI,投資有価証券評価益、営業外収益,new,jppfs_cor:NonOperatingIncome
1792451,S100IOZN,jppfs_cor:RentsSGA,地代家賃、販売費及び一般管理費,increase_10,jppfs_cor:SellingGeneralAndAdministrativeExpenses
1792452,S100IOZN,jppfs_cor:NetSales,売上高,decrease_10,jppfs_cor:GrossProfit
1792453,S100IOZN,jppfs_cor:ExtraordinaryLoss,特別損失,decrease_20,jppfs_cor:IncomeBeforeIncomeTaxes
1792454,S100IOZN,jppfs_cor:ShareholdersEquity,株主資本,decrease_20,jppfs_cor:NetAssets
1792455,S100IOZN,jppfs_cor:CurrentAssets,流動資産,decrease_20,jppfs_cor:Assets
1792456,S100IOZN,jppfs_cor:CapitalSurplus,資本剰余金,increase_20,jppfs_cor:ShareholdersEquity
1792457,S100IOZN,jppfs_cor:ExtraordinaryIncome,特別利益,decrease_20,jppfs_cor:IncomeBeforeIncomeTaxes
1792458,S100IOZN,jppfs_cor:ValuationDifferenceOnAvailableForSaleSecurities,その他有価証券評価差額金,decrease_20,jppfs_cor:ValuationAndTranslationAdjustments
1792459,S100IOZN,jppfs_cor:CurrentLiabilities,流動負債,stable,jppfs_cor:Liabilities
1792460,S100IOZN,jppfs_cor:RetainedEarnings,利益剰余金,increase_20,jppfs_cor:ShareholdersEquity
1792461,S100IOZN,jppfs_cor:ValuationAndTranslationAdjustments,評価・換算差額等,decrease_20,jppfs_cor:NetAssets
1792462,S100IOZN,jppfs_cor:NetDefinedBenefitAsset,退職給付に係る資産,increase_20,jppfs_cor:InvestmentsAndOtherAssets
1792463,S100IOZN,jppfs_cor:NetDefinedBenefitLiability,退職給付に係る負債,decrease_20,jppfs_cor:NoncurrentLiabilities
1792464,S100IOZN,jppfs_cor:DepreciationSGA,減価償却費、販売費及び一般管理費,decrease_20,jppfs_cor:SellingGeneralAndAdministrativeExpenses
1792465,S100IOZN,jppfs_cor:MerchandiseAndFinishedGoods,商品及び製品,decrease_20,jppfs_cor:CurrentAssets
1792466,S100IOZN,jppfs_cor:InvestmentsAndOtherAssets,投資その他の資産,decrease_10,jppfs_cor:NoncurrentAssets
1792467,S100IOZN,jppfs_cor:OtherCL,その他、流動負債,new,jppfs_cor:CurrentLiabilities
1792468,S100IOZN,jppfs_cor:NoncurrentAssets,固定資産,decrease_10,jppfs_cor:Assets
1792469,S100IOZN,jppfs_cor:OtherSGA,その他、販売費及び一般管理費,stable,jppfs_cor:SellingGeneralAndAdministrativeExpenses
1792470,S100IOZN,jppfs_cor:OtherPPE,その他、有形固定資産,decrease_10,jppfs_cor:OtherNetPPE
1792471,S100IOZN,jppfs_cor:OtherIA,その他、無形固定資産,new,jppfs_cor:IntangibleAssets
1792472,S100IOZN,jppfs_cor:ProfitLossAttributableToOwnersOfParent,親会社株主に帰属する当期純利益又は親会社株主に帰属する当期純損失（△）,increase_20,not_common_account
1792473,S100IOZN,jppfs_cor:AccruedExpenses,未払費用,decrease_20,jppfs_cor:CurrentLiabilities
1792474,S100IOZN,jppfs_cor:ImpairmentLossEL,減損損失、特別損失,decrease_20,jppfs_cor:ExtraordinaryLoss
1792475,S100IOZN,jppfs_cor:OtherNOE,その他、営業外費用,decrease_20,jppfs_cor:NonOperatingExpenses
1792476,S100IOZN,jppfs_cor:OtherNOI,その他、営業外収益,decrease_20,jppfs_cor:NonOperatingIncome
1792477,S100IOZN,jppfs_cor:AccumulatedDepreciationMachineryEquipmentAndVehicles,減価償却累計額、機械装置及び運搬具,stable,jppfs_cor:MachineryEquipmentAndVehiclesNet
1792478,S100IOZN,jppfs_cor:OtherNCL,その他、固定負債,decrease_10,jppfs_cor:NoncurrentLiabilities
1792479,S100IOZN,jppfs_cor:PropertyPlantAndEquipment,有形固定資産,stable,jppfs_cor:NoncurrentAssets
1792480,S100IOZN,jppfs_cor:IncomeTaxesPayable,未払法人税等,decrease_20,jppfs_cor:CurrentLiabilities
1792481,S100IOZN,jppfs_cor:RawMaterialsAndSupplies,原材料及び貯蔵品,increase_20,jppfs_cor:CurrentAssets
1792482,S100IOZN,jppfs_cor:OtherCA,その他、流動資産,increase_10,jppfs_cor:CurrentAssets
1792483,S100IOZN,jppfs_cor:IntangibleAssets,無形固定資産,new,jppfs_cor:NoncurrentAssets
1792484,S100IOZN,jppfs_cor:LongTermLoansPayable,長期借入金,decrease_10,jppfs_cor:NoncurrentLiabilities
1792485,S100IOZN,jppfs_cor:InvestmentSecurities,投資有価証券,decrease_20,jppfs_cor:InvestmentsAndOtherAssets
1792486,S100IOZN,jppfs_cor:CashAndDeposits,現金及び預金,decrease_20,jppfs_cor:CurrentAssets
1792487,S100IOZN,jppfs_cor:MachineryEquipmentAndVehicles,機械装置及び運搬具,stable,jppfs_cor:MachineryEquipmentAndVehiclesNet
1792488,S100IOZN,jppfs_cor:IncomeBeforeIncomeTaxes,税引前当期純利益又は税引前当期純損失（△）,increase_20,jppfs_cor:ProfitLoss
1792489,S100IOZN,jppfs_cor:AccumulatedDepreciationBuildingsAndStructures,減価償却累計額、建物及び構築物,stable,jppfs_cor:BuildingsAndStructuresNet
1792490,S100IOZN,jppfs_cor:CostOfSales,売上原価,increase_10,jppfs_cor:GrossProfit
1792491,S100IOZN,jppfs_cor:InterestExpensesNOE,支払利息、営業外費用,decrease_20,jppfs_cor:NonOperatingExpenses
1792492,S100IOZN,jppfs_cor:AccountsPayableOther,未払金,stable,jppfs_cor:CurrentLiabilities
1792493,S100IOZN,jppfs_cor:AllowanceForDoubtfulAccountsIOAByGroup,貸倒引当金、投資その他の資産、一括控除,increase_10,jppfs_cor:InvestmentsAndOtherAssets
1792494,S100IOZN,jppfs_cor:NotesAndAccountsReceivableTrade,受取手形及び売掛金,decrease_10,jppfs_cor:CurrentAssets
1792495,S100IOZN,jppfs_cor:ForeignExchangeLossesNOE,為替差損、営業外費用,new,jppfs_cor:NonOperatingExpenses
1792496,S100IOZN,jpcrp030000-asr_E00605-000:RetirementPaymentsEL,退職加算金,new,jppfs_cor:ExtraordinaryLoss
1792497,S100IOZN,jppfs_cor:NotesAndAccountsPayableTrade,支払手形及び買掛金,decrease_10,jppfs_cor:CurrentLiabilities
1792498,S100IOZN,jppfs_cor:SellingGeneralAndAdministrativeExpenses,販売費及び一般管理費,stable,jppfs_cor:OperatingIncome
1792499,S100IOZN,jppfs_cor:IncomeTaxesCurrent,法人税、住民税及び事業税,decrease_20,jppfs_cor:IncomeTaxes
1792500,S100IOZN,jppfs_cor:InterestIncomeNOI,受取利息、営業外収益,increase_20,jppfs_cor:NonOperatingIncome
1792501,S100IOZN,jppfs_cor:ProvisionForSalesReturns,返品調整引当金,decrease_20,jppfs_cor:CurrentLiabilities
1792502,S100IOZN,jppfs_cor:CapitalStock,資本金,decrease_20,jppfs_cor:ShareholdersEquity
1792503,S100IOZN,jppfs_cor:NonOperatingIncome,営業外収益,increase_10,jppfs_cor:OrdinaryIncome
1792504,S100IOZN,jppfs_cor:NonOperatingExpenses,営業外費用,decrease_20,jppfs_cor:OrdinaryIncome
1792505,S100IOZN,jppfs_cor:AllowanceForDoubtfulAccountsCA,貸倒引当金、流動資産、一括控除,decrease_10,jppfs_cor:CurrentAssets
1792506,S100IOZN,jppfs_cor:SalariesAndAllowancesSGA,給料及び手当、販売費及び一般管理費,stable,jppfs_cor:SellingGeneralAndAdministrativeExpenses
1792507,S100IOZN,jppfs_cor:RetirementBenefitExpensesSGA,退職給付費用、販売費及び一般管理費,decrease_20,jppfs_cor:SellingGeneralAndAdministrativeExpenses
1792508,S100IOZN,jppfs_cor:DeferredGainsOrLossesOnHedges,繰延ヘッジ損益,decrease_20,jppfs_cor:ValuationAndTranslationAdjustments
1792509,S100IOZN,jppfs_cor:BuildingsAndStructures,建物及び構築物,stable,jppfs_cor:BuildingsAndStructuresNet
1792510,S100IOZN,jpcrp030000-asr_E00605-000:ReversalForLossOnClosingOfOfficeEI,事業所閉鎖損失戻入額,new,jppfs_cor:ExtraordinaryIncome
1792511,S100IOZN,jppfs_cor:LongTermGuaranteeDeposited,長期預り保証金,stable,jppfs_cor:NoncurrentLiabilities
1792512,S100IOZN,jppfs_cor:TreasuryStock,自己株式,decrease_20,jppfs_cor:ShareholdersEquity
1792513,S100IOZN,jppfs_cor:WorkInProcess,仕掛品,decrease_20,jppfs_cor:CurrentAssets
1908280,S100GCI1,jppfs_cor:ConstructionInProgress,建設仮勘定,increase_20,jppfs_cor:PropertyPlantAndEquipment
1908281,S100GCI1,jppfs_cor:NonOperatingExpenses,営業外費用,increase_20,jppfs_cor:OrdinaryIncome
1908282,S100GCI1,jppfs_cor:IncomeTaxes,法人税等,increase_20,jppfs_cor:ProfitLoss
1908283,S100GCI1,jppfs_cor:ProvisionForBonuses,賞与引当金,increase_10,jppfs_cor:CurrentLiabilities
1908284,S100GCI1,jppfs_cor:OperatingIncome,営業利益又は営業損失（△）,increase_20,jppfs_cor:OrdinaryIncome
1908285,S100GCI1,jppfs_cor:OrdinaryIncome,経常利益又は経常損失（△）,increase_20,jppfs_cor:IncomeBeforeIncomeTaxes
1908286,S100GCI1,jppfs_cor:RetainedEarnings,利益剰余金,increase_10,jppfs_cor:ShareholdersEquity
1908287,S100GCI1,jppfs_cor:CostOfSales,売上原価,increase_10,jppfs_cor:GrossProfit
1908288,S100GCI1,jppfs_cor:GainOnSalesOfNoncurrentAssetsEI,固定資産売却益、特別利益,new,jppfs_cor:ExtraordinaryIncome
1908289,S100GCI1,jppfs_cor:DepreciationSGA,減価償却費、販売費及び一般管理費,increase_20,jppfs_cor:SellingGeneralAndAdministrativeExpenses
1908290,S100GCI1,jppfs_cor:Goodwill,のれん,decrease_20,jppfs_cor:IntangibleAssets
1908291,S100GCI1,jppfs_cor:CapitalStock,資本金,stable,jppfs_cor:ShareholdersEquity
1908292,S100GCI1,jppfs_cor:ResearchAndDevelopmentExpensesSGA,研究開発費、販売費及び一般管理費,increase_20,jppfs_cor:SellingGeneralAndAdministrativeExpenses
1908293,S100GCI1,jppfs_cor:ProfitLoss,当期純利益又は当期純損失（△）（平成26年3月28日財規等改正後）,increase_20,top_account
1908294,S100GCI1,jppfs_cor:OtherEL,その他、特別損失,decrease_20,jppfs_cor:ExtraordinaryLoss
1908295,S100GCI1,jppfs_cor:ExtraordinaryLoss,特別損失,decrease_20,jppfs_cor:IncomeBeforeIncomeTaxes
1908296,S100GCI1,jppfs_cor:ExtraordinaryIncome,特別利益,new,jppfs_cor:IncomeBeforeIncomeTaxes
1908297,S100GCI1,jppfs_cor:CostOfRealEstateRentCOSExpOA,不動産賃貸原価、営業活動による費用・売上原価,increase_10,jppfs_cor:CostOfSales
1908298,S100GCI1,jppfs_cor:LongTermLoansPayable,長期借入金,new,jppfs_cor:NoncurrentLiabilities
1908299,S100GCI1,jppfs_cor:OtherIA,その他、無形固定資産,stable,jppfs_cor:IntangibleAssets
1908300,S100GCI1,jppfs_cor:OtherSGA,その他、販売費及び一般管理費,increase_20,jppfs_cor:SellingGeneralAndAdministrativeExpenses
1908301,S100GCI1,jppfs_cor:ProvisionForBonusesSGA,賞与引当金繰入額、販売費及び一般管理費,increase_10,jppfs_cor:SellingGeneralAndAdministrativeExpenses
1908302,S100GCI1,jppfs_cor:Land,土地,stable,jppfs_cor:PropertyPlantAndEquipment
1908303,S100GCI1,jppfs_cor:ValuationDifferenceOnAvailableForSaleSecurities,その他有価証券評価差額金,decrease_20,jppfs_cor:ValuationAndTranslationAdjustments
1908304,S100GCI1,jppfs_cor:NotesAndAccountsPayableTrade,支払手形及び買掛金,stable,jppfs_cor:CurrentLiabilities
1908305,S100GCI1,jppfs_cor:AllowanceForDoubtfulAccountsCA,貸倒引当金、流動資産、一括控除,decrease_10,jppfs_cor:CurrentAssets
1908306,S100GCI1,jppfs_cor:DividendsIncomeNOI,受取配当金、営業外収益,increase_10,jppfs_cor:NonOperatingIncome
1908307,S100GCI1,jppfs_cor:BondIssuanceCostNOE,社債発行費、営業外費用,new,jppfs_cor:NonOperatingExpenses
1908308,S100GCI1,jppfs_cor:ProvisionForDirectorsRetirementBenefits,役員退職慰労引当金,increase_10,jppfs_cor:NoncurrentLiabilities
1908309,S100GCI1,jppfs_cor:SubsidyIncomeNOI,補助金収入、営業外収益,decrease_20,jppfs_cor:NonOperatingIncome
1908310,S100GCI1,jppfs_cor:NetSalesOfFinishedGoodsRevOA,製品売上高、営業活動による収益,increase_20,jppfs_cor:NetSales
1908311,S100GCI1,jppfs_cor:NetDefinedBenefitLiability,退職給付に係る負債,stable,jppfs_cor:NoncurrentLiabilities
1908312,S100GCI1,jppfs_cor:RetirementBenefitExpensesSGA,退職給付費用、販売費及び一般管理費,decrease_10,jppfs_cor:SellingGeneralAndAdministrativeExpenses
1908313,S100GCI1,jppfs_cor:CurrentAssets,流動資産,increase_10,jppfs_cor:Assets
1908314,S100GCI1,jppfs_cor:NoncurrentLiabilities,固定負債,increase_20,jppfs_cor:Liabilities
1908315,S100GCI1,jppfs_cor:NotesAndAccountsReceivableTrade,受取手形及び売掛金,decrease_10,jppfs_cor:CurrentAssets
1908316,S100GCI1,jppfs_cor:ProvisionForDirectorsRetirementBenefitsSGA,役員退職慰労引当金繰入額、販売費及び一般管理費,decrease_20,jppfs_cor:SellingGeneralAndAdministrativeExpenses
1908317,S100GCI1,jppfs_cor:ShareholdersEquity,株主資本,increase_10,jppfs_cor:NetAssets
1908318,S100GCI1,jppfs_cor:TreasuryStock,自己株式,decrease_20,jppfs_cor:ShareholdersEquity
1908319,S100GCI1,jppfs_cor:NoncurrentAssets,固定資産,increase_10,jppfs_cor:Assets
1908320,S100GCI1,jppfs_cor:IncomeTaxesDeferred,法人税等調整額,decrease_20,jppfs_cor:IncomeTaxes
1908321,S100GCI1,jppfs_cor:OtherIOA,その他、投資その他の資産,increase_10,jppfs_cor:InvestmentsAndOtherAssets
1908322,S100GCI1,jppfs_cor:NonOperatingIncome,営業外収益,decrease_20,jppfs_cor:OrdinaryIncome
1908323,S100GCI1,jppfs_cor:SalesCommissionSGA,販売手数料、販売費及び一般管理費,increase_20,jppfs_cor:SellingGeneralAndAdministrativeExpenses
1908324,S100GCI1,jppfs_cor:CapitalSurplus,資本剰余金,increase_20,jppfs_cor:ShareholdersEquity
1908325,S100GCI1,jppfs_cor:ProvisionForLossOnConstructionContracts,工事損失引当金,new,jppfs_cor:CurrentLiabilities
1908326,S100GCI1,jppfs_cor:ProvisionForDirectorsBonuses,役員賞与引当金,decrease_10,jppfs_cor:CurrentLiabilities
1908327,S100GCI1,jppfs_cor:ProvisionForProductWarranties,製品保証引当金,decrease_10,jppfs_cor:CurrentLiabilities
1908328,S100GCI1,jppfs_cor:DeferredGainsOrLossesOnHedges,繰延ヘッジ損益,decrease_20,jppfs_cor:ValuationAndTranslationAdjustments
1908329,S100GCI1,jppfs_cor:LossOnDisasterEL,災害による損失、特別損失,decrease_20,jppfs_cor:ExtraordinaryLoss
1908330,S100GCI1,jppfs_cor:ShortTermLoansPayable,短期借入金,increase_20,jppfs_cor:CurrentLiabilities
1908331,S100GCI1,jppfs_cor:RentIncomeOfRealEstateRevOA,不動産賃貸収入、営業活動による収益,increase_10,jppfs_cor:NetSales
1908332,S100GCI1,jppfs_cor:DeferredTaxAssetsIOA,繰延税金資産、投資その他の資産,increase_20,jppfs_cor:InvestmentsAndOtherAssets
1908333,S100GCI1,jppfs_cor:AllowanceForDoubtfulAccountsIOAByGroup,貸倒引当金、投資その他の資産、一括控除,decrease_10,jppfs_cor:InvestmentsAndOtherAssets
1908334,S100GCI1,jppfs_cor:Liabilities,負債,increase_10,jppfs_cor:LiabilitiesAndNetAssets
1908335,S100GCI1,jppfs_cor:BondsPayable,社債,increase_20,jppfs_cor:NoncurrentLiabilities
1908336,S100GCI1,jpcrp030000-asr_E01180-000:StockBenefitsNCL,株式給付引当金,increase_20,jppfs_cor:NoncurrentLiabilities
1908337,S100GCI1,jppfs_cor:IncomeTaxesCurrent,法人税、住民税及び事業税,increase_20,jppfs_cor:IncomeTaxes
1908338,S100GCI1,jppfs_cor:Inventories,たな卸資産,increase_10,jppfs_cor:CurrentAssets
1908339,S100GCI1,jppfs_cor:LossOnRetirementOfNoncurrentAssetsNOE,固定資産除却損、営業外費用,increase_20,jppfs_cor:NonOperatingExpenses
1908340,S100GCI1,jppfs_cor:InsuranceIncomeEI,受取保険金、特別利益,new,jppfs_cor:ExtraordinaryIncome
1908341,S100GCI1,jppfs_cor:IncomeBeforeIncomeTaxes,税引前当期純利益又は税引前当期純損失（△）,increase_20,jppfs_cor:ProfitLoss
1908342,S100GCI1,jppfs_cor:AssetRetirementObligationsNCL,資産除去債務、固定負債,decrease_10,jppfs_cor:NoncurrentLiabilities
1908343,S100GCI1,jppfs_cor:TravelingAndTransportationExpensesSGA,旅費及び交通費、販売費及び一般管理費,stable,jppfs_cor:SellingGeneralAndAdministrativeExpenses
1908344,S100GCI1,jppfs_cor:PropertyPlantAndEquipment,有形固定資産,increase_10,jppfs_cor:NoncurrentAssets
1908345,S100GCI1,jppfs_cor:AccruedConsumptionTaxes,未払消費税等,new,jppfs_cor:CurrentLiabilities
1908346,S100GCI1,jppfs_cor:CashAndDeposits,現金及び預金,increase_20,jppfs_cor:CurrentAssets
1908347,S100GCI1,jppfs_cor:ValuationAndTranslationAdjustments,評価・換算差額等,decrease_20,jppfs_cor:NetAssets
1908348,S100GCI1,jppfs_cor:NetSalesOfCompletedConstructionContractsCNS,完成工事高、建設業,stable,jppfs_cor:NetSales
1908349,S100GCI1,jppfs_cor:OtherNOI,その他、営業外収益,decrease_10,jppfs_cor:NonOperatingIncome
1908350,S100GCI1,jppfs_cor:OtherNOE,その他、営業外費用,increase_20,jppfs_cor:NonOperatingExpenses
1908351,S100GCI1,jppfs_cor:ElectronicallyRecordedObligationsOperatingCL,電子記録債務、流動負債,decrease_10,jppfs_cor:CurrentLiabilities
1908352,S100GCI1,jppfs_cor:IncomeTaxesPayable,未払法人税等,increase_20,jppfs_cor:CurrentLiabilities
1908353,S100GCI1,jppfs_cor:IntangibleAssets,無形固定資産,decrease_10,jppfs_cor:NoncurrentAssets
1908354,S100GCI1,jppfs_cor:InvestmentSecurities,投資有価証券,decrease_10,jppfs_cor:InvestmentsAndOtherAssets
1908355,S100GCI1,jppfs_cor:OtherCA,その他、流動資産,decrease_20,jppfs_cor:CurrentAssets
1908356,S100GCI1,jppfs_cor:ProfitLossAttributableToOwnersOfParent,親会社株主に帰属する当期純利益又は親会社株主に帰属する当期純損失（△）,increase_20,not_common_account
1908357,S100GCI1,jppfs_cor:NetSales,売上高,increase_10,jppfs_cor:GrossProfit
1908358,S100GCI1,jppfs_cor:InterestExpensesNOE,支払利息、営業外費用,stable,jppfs_cor:NonOperatingExpenses
1908359,S100GCI1,jppfs_cor:InterestIncomeNOI,受取利息、営業外収益,decrease_10,jppfs_cor:NonOperatingIncome
1908360,S100GCI1,jppfs_cor:CostOfSalesOfCompletedConstructionContractsCNS,完成工事原価、建設業,stable,jppfs_cor:CostOfSales
1908361,S100GCI1,jppfs_cor:ProvisionForProductWarrantiesSGA,製品保証引当金繰入額、販売費及び一般管理費,decrease_20,jppfs_cor:SellingGeneralAndAdministrativeExpenses
1908362,S100GCI1,jppfs_cor:InvestmentsAndOtherAssets,投資その他の資産,decrease_10,jppfs_cor:NoncurrentAssets
1908363,S100GCI1,jppfs_cor:OtherCL,その他、流動負債,increase_20,jppfs_cor:CurrentLiabilities
1908364,S100GCI1,jppfs_cor:GrossProfit,売上総利益又は売上総損失（△）,increase_10,jppfs_cor:OperatingIncome
1908365,S100GCI1,jppfs_cor:CostOfFinishedGoodsSold,製品売上原価,increase_20,jppfs_cor:CostOfSales
1908366,S100GCI1,jpcrp030000-asr_E01180-000:DismantlementExpenseEL,建物解体費用,new,jppfs_cor:ExtraordinaryLoss
1908367,S100GCI1,jppfs_cor:CurrentLiabilities,流動負債,stable,jppfs_cor:Liabilities
1908368,S100GCI1,jppfs_cor:PersonalExpensesSGA,人件費、販売費及び一般管理費,stable,jppfs_cor:SellingGeneralAndAdministrativeExpenses
1908369,S100GCI1,jppfs_cor:ProvisionOfAllowanceForDoubtfulAccountsSGA,貸倒引当金繰入額、販売費及び一般管理費,decrease_20,jppfs_cor:SellingGeneralAndAdministrativeExpenses
1908370,S100GCI1,jppfs_cor:GainOnSalesOfInvestmentSecuritiesEI,投資有価証券売却益、特別利益,new,jppfs_cor:ExtraordinaryIncome
1908371,S100GCI1,jppfs_cor:SellingGeneralAndAdministrativeExpenses,販売費及び一般管理費,increase_10,jppfs_cor:OperatingIncome
1908372,S100GCI1,jppfs_cor:OtherNCL,その他、固定負債,stable,jppfs_cor:NoncurrentLiabilities
1908373,S100GCI1,jppfs_cor:ShortTermInvestmentSecurities,有価証券,new,jppfs_cor:CurrentAssets
1908374,S100GCI1,jppfs_cor:ProfitLossAttributableToNonControllingInterests,非支配株主に帰属する当期純利益又は非支配株主に帰属する当期純損失（△）,new,not_common_account
1908375,S100GCI1,jppfs_cor:PackingAndDeliveryExpensesSGA,荷造及び発送費、販売費及び一般管理費,increase_10,jppfs_cor:SellingGeneralAndAdministrativeExpenses
1908376,S100GCI1,jppfs_cor:ProvisionForDirectorsBonusesSGA,役員賞与引当金繰入額、販売費及び一般管理費,decrease_10,jppfs_cor:SellingGeneralAndAdministrativeExpenses
1908466,S100GCH8,jppfs_cor:DirectorsCompensationsSGA,役員報酬、販売費及び一般管理費,stable,jppfs_cor:SellingGeneralAndAdministrativeExpenses
1908467,S100GCH8,jppfs_cor:AllowanceForDoubtfulAccountsCA,貸倒引当金、流動資産、一括控除,increase_20,jppfs_cor:CurrentAssets
1908468,S100GCH8,jppfs_cor:RetirementBenefitExpensesSGA,退職給付費用、販売費及び一般管理費,increase_10,jppfs_cor:SellingGeneralAndAdministrativeExpenses
1908469,S100GCH8,jppfs_cor:IncomeTaxesDeferred,法人税等調整額,decrease_20,jppfs_cor:IncomeTaxes
1908470,S100GCH8,jpcrp030000-asr_E04978-000:RecepitInsurance,保険金収入,new,jppfs_cor:NonOperatingIncome
1908471,S100GCH8,jppfs_cor:SuppliesExpensesSGA,消耗品費、販売費及び一般管理費,increase_20,jppfs_cor:SellingGeneralAndAdministrativeExpenses
1908472,S100GCH8,jppfs_cor:AccumulatedDepreciationOtherPPE,減価償却累計額、その他、有形固定資産,increase_10,jppfs_cor:OtherNetPPE
1908473,S100GCH8,jppfs_cor:NonOperatingIncome,営業外収益,increase_10,jppfs_cor:OrdinaryIncome
1908474,S100GCH8,jppfs_cor:NonOperatingExpenses,営業外費用,decrease_20,jppfs_cor:OrdinaryIncome
1908475,S100GCH8,jppfs_cor:CurrentLiabilities,流動負債,increase_10,jppfs_cor:Liabilities
1908476,S100GCH8,jppfs_cor:InterestIncomeNOI,受取利息、営業外収益,increase_20,jppfs_cor:NonOperatingIncome
1908477,S100GCH8,jppfs_cor:CurrentAssets,流動資産,increase_10,jppfs_cor:Assets
1908478,S100GCH8,jppfs_cor:InterestExpensesNOE,支払利息、営業外費用,decrease_10,jppfs_cor:NonOperatingExpenses
1908479,S100GCH8,jppfs_cor:SellingGeneralAndAdministrativeExpenses,販売費及び一般管理費,stable,jppfs_cor:OperatingIncome
1908480,S100GCH8,jppfs_cor:GrossProfit,売上総利益又は売上総損失（△）,increase_10,jppfs_cor:OperatingIncome
1908481,S100GCH8,jppfs_cor:DeferredTaxAssetsIOA,繰延税金資産、投資その他の資産,stable,jppfs_cor:InvestmentsAndOtherAssets
1908482,S100GCH8,jppfs_cor:TravelingAndTransportationExpensesSGA,旅費及び交通費、販売費及び一般管理費,stable,jppfs_cor:SellingGeneralAndAdministrativeExpenses
1908483,S100GCH8,jppfs_cor:NoncurrentLiabilities,固定負債,stable,jppfs_cor:Liabilities
1908484,S100GCH8,jppfs_cor:NoncurrentAssets,固定資産,stable,jppfs_cor:Assets
1908485,S100GCH8,jppfs_cor:AccumulatedDepreciationBuildingsAndStructures,減価償却累計額、建物及び構築物,stable,jppfs_cor:BuildingsAndStructuresNet
1908486,S100GCH8,jppfs_cor:NetDefinedBenefitLiability,退職給付に係る負債,stable,jppfs_cor:NoncurrentLiabilities
1908487,S100GCH8,jppfs_cor:GuaranteeDepositsIOA,差入保証金、投資その他の資産,stable,jppfs_cor:InvestmentsAndOtherAssets
1908488,S100GCH8,jppfs_cor:ProvisionForDirectorsRetirementBenefitsSGA,役員退職慰労引当金繰入額、販売費及び一般管理費,decrease_20,jppfs_cor:SellingGeneralAndAdministrativeExpenses
1908489,S100GCH8,jppfs_cor:LeaseholdRight,借地権,stable,jppfs_cor:IntangibleAssets
1908490,S100GCH8,jppfs_cor:LongTermAccountsPayableOther,長期未払金,stable,jppfs_cor:NoncurrentLiabilities
1908491,S100GCH8,jppfs_cor:LongTermLoansPayable,長期借入金,decrease_10,jppfs_cor:NoncurrentLiabilities
1908492,S100GCH8,jppfs_cor:ProvisionForBonuses,賞与引当金,stable,jppfs_cor:CurrentLiabilities
1908493,S100GCH8,jppfs_cor:OperatingIncome,営業利益又は営業損失（△）,increase_20,jppfs_cor:OrdinaryIncome
1908494,S100GCH8,jppfs_cor:BuildingsAndStructures,建物及び構築物,increase_10,jppfs_cor:BuildingsAndStructuresNet
1908495,S100GCH8,jppfs_cor:ProfitLossAttributableToOwnersOfParent,親会社株主に帰属する当期純利益又は親会社株主に帰属する当期純損失（△）,increase_20,not_common_account
1908496,S100GCH8,jppfs_cor:RentExpensesSGA,賃借料、販売費及び一般管理費,stable,jppfs_cor:SellingGeneralAndAdministrativeExpenses
1908497,S100GCH8,jppfs_cor:OtherSGA,その他、販売費及び一般管理費,increase_10,jppfs_cor:SellingGeneralAndAdministrativeExpenses
1908498,S100GCH8,jppfs_cor:InsuranceExpensesSGA,保険料、販売費及び一般管理費,decrease_10,jppfs_cor:SellingGeneralAndAdministrativeExpenses
1908499,S100GCH8,jppfs_cor:InsuranceFunds,保険積立金,stable,jppfs_cor:InvestmentsAndOtherAssets
1908500,S100GCH8,jppfs_cor:LegalAndEmployeeBenefitsExpensesSGA,法定福利及び厚生費、販売費及び一般管理費,stable,jppfs_cor:SellingGeneralAndAdministrativeExpenses
1908501,S100GCH8,jppfs_cor:Liabilities,負債,increase_10,jppfs_cor:LiabilitiesAndNetAssets
1908502,S100GCH8,jppfs_cor:Land,土地,stable,jppfs_cor:PropertyPlantAndEquipment
1908503,S100GCH8,jppfs_cor:CostOfSales,売上原価,increase_10,jppfs_cor:GrossProfit
1908504,S100GCH8,jppfs_cor:NotesAndAccountsPayableTrade,支払手形及び買掛金,increase_10,jppfs_cor:CurrentLiabilities
1908505,S100GCH8,jppfs_cor:ProvisionForBonusesSGA,賞与引当金繰入額、販売費及び一般管理費,increase_10,jppfs_cor:SellingGeneralAndAdministrativeExpenses
1908506,S100GCH8,jppfs_cor:ProvisionForDirectorsRetirementBenefits,役員退職慰労引当金,increase_10,jppfs_cor:NoncurrentLiabilities
1908507,S100GCH8,jppfs_cor:AccruedExpenses,未払費用,stable,jppfs_cor:CurrentLiabilities
1908508,S100GCH8,jppfs_cor:OrdinaryIncome,経常利益又は経常損失（△）,increase_20,jppfs_cor:IncomeBeforeIncomeTaxes
1908509,S100GCH8,jppfs_cor:InvestmentsAndOtherAssets,投資その他の資産,stable,jppfs_cor:NoncurrentAssets
1908510,S100GCH8,jppfs_cor:RealEstateRentNOI,不動産賃貸料、営業外収益,stable,jppfs_cor:NonOperatingIncome
1908511,S100GCH8,jppfs_cor:CapitalStock,資本金,stable,jppfs_cor:ShareholdersEquity
1908512,S100GCH8,jppfs_cor:Software,ソフトウエア,decrease_20,jppfs_cor:IntangibleAssets
1908513,S100GCH8,jppfs_cor:IncomeTaxes,法人税等,new,jppfs_cor:ProfitLoss
1908514,S100GCH8,jppfs_cor:ExtraordinaryLoss,特別損失,new,jppfs_cor:IncomeBeforeIncomeTaxes
1908515,S100GCH8,jppfs_cor:AccruedConsumptionTaxes,未払消費税等,increase_20,jppfs_cor:CurrentLiabilities
1908516,S100GCH8,jppfs_cor:DividendsIncomeNOI,受取配当金、営業外収益,increase_20,jppfs_cor:NonOperatingIncome
1908517,S100GCH8,jppfs_cor:InsuranceReturnNOI,保険返戻金、営業外収益,increase_10,jppfs_cor:NonOperatingIncome
1908518,S100GCH8,jppfs_cor:NetSales,売上高,increase_10,jppfs_cor:GrossProfit
1908519,S100GCH8,jppfs_cor:CashAndDeposits,現金及び預金,increase_10,jppfs_cor:CurrentAssets
1908520,S100GCH8,jppfs_cor:InvestmentSecurities,投資有価証券,decrease_10,jppfs_cor:InvestmentsAndOtherAssets
1908521,S100GCH8,jppfs_cor:IntangibleAssets,無形固定資産,decrease_10,jppfs_cor:NoncurrentAssets
1908522,S100GCH8,jppfs_cor:IncomeTaxesPayable,未払法人税等,increase_10,jppfs_cor:CurrentLiabilities
1908523,S100GCH8,jppfs_cor:ProfitLoss,当期純利益又は当期純損失（△）（平成26年3月28日財規等改正後）,increase_20,top_account
1908524,S100GCH8,jppfs_cor:OtherCL,その他、流動負債,increase_20,jppfs_cor:CurrentLiabilities
1908525,S100GCH8,jppfs_cor:AdvertisingExpensesSGA,広告宣伝費、販売費及び一般管理費,increase_10,jppfs_cor:SellingGeneralAndAdministrativeExpenses
1908526,S100GCH8,jppfs_cor:OtherNCL,その他、固定負債,new,jppfs_cor:NoncurrentLiabilities
1908527,S100GCH8,jppfs_cor:MiscellaneousIncomeNOI,雑収入、営業外収益,decrease_20,jppfs_cor:NonOperatingIncome
1908528,S100GCH8,jppfs_cor:ValuationAndTranslationAdjustments,評価・換算差額等,decrease_20,jppfs_cor:NetAssets
1908529,S100GCH8,jppfs_cor:RawMaterialsAndSupplies,原材料及び貯蔵品,decrease_10,jppfs_cor:CurrentAssets
1908530,S100GCH8,jppfs_cor:OtherCA,その他、流動資産,increase_10,jppfs_cor:CurrentAssets
1908531,S100GCH8,jppfs_cor:NotesAndAccountsReceivableTrade,受取手形及び売掛金,stable,jppfs_cor:CurrentAssets
1908532,S100GCH8,jppfs_cor:PropertyPlantAndEquipment,有形固定資産,stable,jppfs_cor:NoncurrentAssets
1908533,S100GCH8,jppfs_cor:RemeasurementsOfDefinedBenefitPlans,退職給付に係る調整累計額,decrease_10,jppfs_cor:ValuationAndTranslationAdjustments
1908534,S100GCH8,jppfs_cor:ShortTermLoansPayable,短期借入金,stable,jppfs_cor:CurrentLiabilities
1908535,S100GCH8,jppfs_cor:LossOnSalesOfNoncurrentAssetsEL,固定資産売却損、特別損失,new,jppfs_cor:ExtraordinaryLoss
1908536,S100GCH8,jppfs_cor:OtherPPE,その他、有形固定資産,stable,jppfs_cor:OtherNetPPE
1908537,S100GCH8,jppfs_cor:CapitalSurplus,資本剰余金,stable,jppfs_cor:ShareholdersEquity
1908538,S100GCH8,jppfs_cor:IncomeTaxesCurrent,法人税、住民税及び事業税,increase_20,jppfs_cor:IncomeTaxes
1908539,S100GCH8,jppfs_cor:ShareholdersEquity,株主資本,increase_10,jppfs_cor:NetAssets
1908540,S100GCH8,jppfs_cor:SalariesAllowancesAndBonusesSGA,給料手当及び賞与、販売費及び一般管理費,stable,jppfs_cor:SellingGeneralAndAdministrativeExpenses
1908541,S100GCH8,jppfs_cor:MiscellaneousLossNOE,雑損失、営業外費用,decrease_20,jppfs_cor:NonOperatingExpenses
1908542,S100GCH8,jppfs_cor:TelephoneSubscriptionRight,電話加入権,stable,jppfs_cor:IntangibleAssets
1908543,S100GCH8,jppfs_cor:TreasuryStock,自己株式,increase_10,jppfs_cor:ShareholdersEquity
1908544,S100GCH8,jppfs_cor:RetainedEarnings,利益剰余金,increase_10,jppfs_cor:ShareholdersEquity
1908545,S100GCH8,jppfs_cor:CurrentPortionOfLongTermLoansPayable,1年内返済予定の長期借入金,increase_10,jppfs_cor:CurrentLiabilities
1908546,S100GCH8,jppfs_cor:OtherIOA,その他、投資その他の資産,increase_20,jppfs_cor:InvestmentsAndOtherAssets
1908547,S100GCH8,jppfs_cor:ValuationDifferenceOnAvailableForSaleSecurities,その他有価証券評価差額金,decrease_20,jppfs_cor:ValuationAndTranslationAdjustments
1908548,S100GCH8,jppfs_cor:IncomeBeforeIncomeTaxes,税引前当期純利益又は税引前当期純損失（△）,increase_20,jppfs_cor:ProfitLoss
1923576,S100GBDJ,jppfs_cor:NetSalesOfCompletedConstructionContractsCNS,完成工事高、建設業,increase_10,jppfs_cor:NetSales
1923577,S100GBDJ,jppfs_cor:IntangibleAssets,無形固定資産,stable,jppfs_cor:NoncurrentAssets
1923578,S100GBDJ,jppfs_cor:RawMaterialsAndSupplies,原材料及び貯蔵品,increase_20,jppfs_cor:CurrentAssets
1923579,S100GBDJ,jppfs_cor:OtherCA,その他、流動資産,decrease_20,jppfs_cor:CurrentAssets
1923580,S100GBDJ,jppfs_cor:OtherCL,その他、流動負債,increase_10,jppfs_cor:CurrentLiabilities
1923581,S100GBDJ,jppfs_cor:NetDefinedBenefitAsset,退職給付に係る資産,decrease_20,jppfs_cor:InvestmentsAndOtherAssets
1923582,S100GBDJ,jppfs_cor:BuildingsAndStructures,建物及び構築物,increase_10,jppfs_cor:BuildingsAndStructuresNet
1923583,S100GBDJ,jppfs_cor:OtherNOI,その他、営業外収益,increase_20,jppfs_cor:NonOperatingIncome
1923584,S100GBDJ,jpcrp030000-asr_E01151-000:SpecialContributionToAsbestosNOE,石綿特別拠出金,stable,jppfs_cor:NonOperatingExpenses
1923585,S100GBDJ,jppfs_cor:SellingExpensesSGA,販売費、販売費及び一般管理費,stable,jppfs_cor:SellingGeneralAndAdministrativeExpenses
1923586,S100GBDJ,jppfs_cor:CurrentLiabilities,流動負債,stable,jppfs_cor:Liabilities
1923587,S100GBDJ,jppfs_cor:CurrentAssets,流動資産,increase_10,jppfs_cor:Assets
1923588,S100GBDJ,jppfs_cor:AllowanceForDoubtfulAccountsIOAByGroup,貸倒引当金、投資その他の資産、一括控除,decrease_20,jppfs_cor:InvestmentsAndOtherAssets
1923589,S100GBDJ,jppfs_cor:AdvancesReceivedOnUncompletedConstructionContractsCNS,未成工事受入金、建設業,decrease_20,jppfs_cor:CurrentLiabilities
1923590,S100GBDJ,jppfs_cor:IncomeTaxesDeferred,法人税等調整額,decrease_20,jppfs_cor:IncomeTaxes
1923591,S100GBDJ,jppfs_cor:NonOperatingIncome,営業外収益,increase_20,jppfs_cor:OrdinaryIncome
1923592,S100GBDJ,jppfs_cor:GrossProfit,売上総利益又は売上総損失（△）,increase_10,jppfs_cor:OperatingIncome
1923593,S100GBDJ,jppfs_cor:PropertyPlantAndEquipment,有形固定資産,increase_10,jppfs_cor:NoncurrentAssets
1923594,S100GBDJ,jppfs_cor:SubsidyEI,補助金収入、特別利益,new,jppfs_cor:ExtraordinaryIncome
1923595,S100GBDJ,jppfs_cor:InterestIncomeNOI,受取利息、営業外収益,increase_20,jppfs_cor:NonOperatingIncome
1923596,S100GBDJ,jppfs_cor:CostOfSalesOfCompletedConstructionContractsCNS,完成工事原価、建設業,increase_10,jppfs_cor:CostOfSales
1923597,S100GBDJ,jppfs_cor:Liabilities,負債,stable,jppfs_cor:LiabilitiesAndNetAssets
1923598,S100GBDJ,jppfs_cor:RentIncomeNOI,受取賃貸料、営業外収益,increase_20,jppfs_cor:NonOperatingIncome
1923599,S100GBDJ,jppfs_cor:LossOnReductionOfNoncurrentAssetsEL,固定資産圧縮損、特別損失,new,jppfs_cor:ExtraordinaryLoss
1923600,S100GBDJ,jppfs_cor:CostsOnUncompletedConstructionContractsCNS,未成工事支出金、建設業,decrease_10,jppfs_cor:CurrentAssets
1923601,S100GBDJ,jppfs_cor:ForeignExchangeLossesNOE,為替差損、営業外費用,increase_20,jppfs_cor:NonOperatingExpenses
1923602,S100GBDJ,jppfs_cor:SellingGeneralAndAdministrativeExpenses,販売費及び一般管理費,increase_10,jppfs_cor:OperatingIncome
1923603,S100GBDJ,jppfs_cor:BondsPayable,社債,increase_20,jppfs_cor:NoncurrentLiabilities
1923604,S100GBDJ,jppfs_cor:ElectronicallyRecordedObligationsOperatingCL,電子記録債務、流動負債,increase_20,jppfs_cor:CurrentLiabilities
1923605,S100GBDJ,jppfs_cor:AccumulatedDepreciationAndImpairmentLossOtherPPE,減価償却累計額及び減損損失累計額、その他、有形固定資産,increase_10,jppfs_cor:OtherNetPPE
1923606,S100GBDJ,jppfs_cor:Software,ソフトウエア,decrease_20,jppfs_cor:IntangibleAssets
1923607,S100GBDJ,jppfs_cor:DividendsIncomeNOI,受取配当金、営業外収益,increase_10,jppfs_cor:NonOperatingIncome
1923608,S100GBDJ,jppfs_cor:ProvisionForLossOnLitigationEL,訴訟損失引当金繰入額、特別損失,increase_20,jppfs_cor:ExtraordinaryLoss
1923609,S100GBDJ,jppfs_cor:Land,土地,stable,jppfs_cor:PropertyPlantAndEquipment
1923610,S100GBDJ,jppfs_cor:ValuationAndTranslationAdjustments,評価・換算差額等,decrease_20,jppfs_cor:NetAssets
1923611,S100GBDJ,jppfs_cor:ShortTermLoansPayable,短期借入金,decrease_20,jppfs_cor:CurrentLiabilities
1923612,S100GBDJ,jppfs_cor:OperatingIncome,営業利益又は営業損失（△）,increase_10,jppfs_cor:OrdinaryIncome
1923613,S100GBDJ,jppfs_cor:InvestmentSecurities,投資有価証券,decrease_10,jppfs_cor:InvestmentsAndOtherAssets
1923614,S100GBDJ,jppfs_cor:InterestExpensesNOE,支払利息、営業外費用,decrease_10,jppfs_cor:NonOperatingExpenses
1923615,S100GBDJ,jppfs_cor:CostOfLeaseRevenueNOE,賃貸収入原価、営業外費用,decrease_20,jppfs_cor:NonOperatingExpenses
1923616,S100GBDJ,jppfs_cor:NoncurrentAssets,固定資産,stable,jppfs_cor:Assets
1923617,S100GBDJ,jppfs_cor:NoncurrentLiabilities,固定負債,increase_20,jppfs_cor:Liabilities
1923618,S100GBDJ,jppfs_cor:OtherPPE,その他、有形固定資産,increase_10,jppfs_cor:OtherNetPPE
1923619,S100GBDJ,jppfs_cor:DeferredTaxLiabilitiesNCL,繰延税金負債、固定負債,decrease_20,jppfs_cor:NoncurrentLiabilities
1923620,S100GBDJ,jppfs_cor:DeferredTaxAssetsIOA,繰延税金資産、投資その他の資産,decrease_10,jppfs_cor:InvestmentsAndOtherAssets
1923621,S100GBDJ,jppfs_cor:WorkInProcess,仕掛品,increase_10,jppfs_cor:CurrentAssets
1923622,S100GBDJ,jppfs_cor:AccountsReceivableFromCompletedConstructionContractsCNS,完成工事未収入金、建設業,stable,jppfs_cor:CurrentAssets
1923623,S100GBDJ,jppfs_cor:CostOfSales,売上原価,increase_10,jppfs_cor:GrossProfit
1923624,S100GBDJ,jppfs_cor:AccumulatedDepreciationAndImpairmentLossMachineryEquipmentAndVehicles,減価償却累計額及び減損損失累計額、機械装置及び運搬具,stable,jppfs_cor:MachineryEquipmentAndVehiclesNet
1923625,S100GBDJ,jppfs_cor:OtherIA,その他、無形固定資産,increase_20,jppfs_cor:IntangibleAssets
1923626,S100GBDJ,jppfs_cor:ForeignCurrencyTranslationAdjustment,為替換算調整勘定,decrease_20,jppfs_cor:ValuationAndTranslationAdjustments
1923627,S100GBDJ,jppfs_cor:AccumulatedDepreciationLeaseAssetsPPE,減価償却累計額、リース資産、有形固定資産,increase_20,jppfs_cor:LeaseAssetsNetPPE
1923628,S100GBDJ,jppfs_cor:LossOnSalesAndRetirementOfNoncurrentAssetsEL,固定資産除売却損、特別損失,decrease_20,jppfs_cor:ExtraordinaryLoss
1923629,S100GBDJ,jppfs_cor:NotesAndAccountsPayableTrade,支払手形及び買掛金,decrease_10,jppfs_cor:CurrentLiabilities
1923630,S100GBDJ,jppfs_cor:GeneralAndAdministrativeExpensesSGA,一般管理費、販売費及び一般管理費,increase_10,jppfs_cor:SellingGeneralAndAdministrativeExpenses
1923631,S100GBDJ,jppfs_cor:CapitalStock,資本金,stable,jppfs_cor:ShareholdersEquity
1923632,S100GBDJ,jppfs_cor:NotesAndAccountsReceivableTrade,受取手形及び売掛金,stable,jppfs_cor:CurrentAssets
1923633,S100GBDJ,jppfs_cor:EquityInEarningsOfAffiliatesNOI,持分法による投資利益、営業外収益,decrease_10,jppfs_cor:NonOperatingIncome
1923634,S100GBDJ,jppfs_cor:LongTermLoansReceivable,長期貸付金,decrease_20,jppfs_cor:InvestmentsAndOtherAssets
1923635,S100GBDJ,jppfs_cor:OtherNOE,その他、営業外費用,increase_20,jppfs_cor:NonOperatingExpenses
1923636,S100GBDJ,jppfs_cor:MerchandiseAndFinishedGoods,商品及び製品,increase_10,jppfs_cor:CurrentAssets
1923637,S100GBDJ,jppfs_cor:ConstructionInProgress,建設仮勘定,decrease_10,jppfs_cor:PropertyPlantAndEquipment
1923638,S100GBDJ,jppfs_cor:CostOfMerchandiseAndFinishedGoodsSoldCOS,商品及び製品売上原価、売上原価,increase_10,jppfs_cor:CostOfSales
1923639,S100GBDJ,jppfs_cor:LeaseObligationsCL,リース債務、流動負債,stable,jppfs_cor:CurrentLiabilities
1923640,S100GBDJ,jppfs_cor:ExtraordinaryIncome,特別利益,increase_20,jppfs_cor:IncomeBeforeIncomeTaxes
1923641,S100GBDJ,jppfs_cor:ExtraordinaryLoss,特別損失,decrease_20,jppfs_cor:IncomeBeforeIncomeTaxes
1923642,S100GBDJ,jppfs_cor:ProfitLossAttributableToOwnersOfParent,親会社株主に帰属する当期純利益又は親会社株主に帰属する当期純損失（△）,increase_10,not_common_account
1923643,S100GBDJ,jppfs_cor:IncomeTaxes,法人税等,increase_10,jppfs_cor:ProfitLoss
1923644,S100GBDJ,jppfs_cor:CapitalSurplus,資本剰余金,stable,jppfs_cor:ShareholdersEquity
1923645,S100GBDJ,jppfs_cor:NetSalesOfMerchandiseAndFinishedGoodsRevOA,商品及び製品売上高、営業活動による収益,increase_10,jppfs_cor:NetSales
1923646,S100GBDJ,jppfs_cor:CashAndDeposits,現金及び預金,stable,jppfs_cor:CurrentAssets
1923647,S100GBDJ,jppfs_cor:ProvisionForBonuses,賞与引当金,increase_10,jppfs_cor:CurrentLiabilities
1923648,S100GBDJ,jppfs_cor:RetainedEarnings,利益剰余金,increase_10,jppfs_cor:ShareholdersEquity
1923649,S100GBDJ,jppfs_cor:NonOperatingExpenses,営業外費用,increase_20,jppfs_cor:OrdinaryIncome
1923650,S100GBDJ,jppfs_cor:AccumulatedDepreciationAndImpairmentLossBuildingsAndStructures,減価償却累計額及び減損損失累計額、建物及び構築物,stable,jppfs_cor:BuildingsAndStructuresNet
1923651,S100GBDJ,jppfs_cor:LeaseObligationsNCL,リース債務、固定負債,decrease_10,jppfs_cor:NoncurrentLiabilities
1923652,S100GBDJ,jppfs_cor:NetDefinedBenefitLiability,退職給付に係る負債,stable,jppfs_cor:NoncurrentLiabilities
1923653,S100GBDJ,jppfs_cor:ValuationDifferenceOnAvailableForSaleSecurities,その他有価証券評価差額金,decrease_10,jppfs_cor:ValuationAndTranslationAdjustments
1923654,S100GBDJ,jppfs_cor:ProvisionForLossOnLitigationNCL,訴訟損失引当金、固定負債,increase_20,jppfs_cor:NoncurrentLiabilities
1923655,S100GBDJ,jppfs_cor:NetSales,売上高,increase_10,jppfs_cor:GrossProfit
1923656,S100GBDJ,jppfs_cor:GainOnSalesOfNoncurrentAssetsEI,固定資産売却益、特別利益,decrease_20,jppfs_cor:ExtraordinaryIncome
1923657,S100GBDJ,jppfs_cor:IncomeTaxesPayable,未払法人税等,increase_10,jppfs_cor:CurrentLiabilities
1923658,S100GBDJ,jppfs_cor:ProfitLoss,当期純利益又は当期純損失（△）（平成26年3月28日財規等改正後）,increase_10,top_account
1923659,S100GBDJ,jppfs_cor:OtherNCL,その他、固定負債,stable,jppfs_cor:NoncurrentLiabilities
1923660,S100GBDJ,jppfs_cor:IncomeTaxesCurrent,法人税、住民税及び事業税,increase_10,jppfs_cor:IncomeTaxes
1923661,S100GBDJ,jppfs_cor:TreasuryStock,自己株式,increase_20,jppfs_cor:ShareholdersEquity
1923662,S100GBDJ,jppfs_cor:ShareholdersEquity,株主資本,increase_10,jppfs_cor:NetAssets
1923663,S100GBDJ,jppfs_cor:OtherIOA,その他、投資その他の資産,stable,jppfs_cor:InvestmentsAndOtherAssets
1923664,S100GBDJ,jppfs_cor:ProfitLossAttributableToNonControllingInterests,非支配株主に帰属する当期純利益又は非支配株主に帰属する当期純損失（△）,new,not_common_account
1923665,S100GBDJ,jppfs_cor:AllowanceForDoubtfulAccountsCA,貸倒引当金、流動資産、一括控除,stable,jppfs_cor:CurrentAssets
1923666,S100GBDJ,jppfs_cor:LongTermLoansPayable,長期借入金,increase_20,jppfs_cor:NoncurrentLiabilities
1923667,S100GBDJ,jppfs_cor:RemeasurementsOfDefinedBenefitPlans,退職給付に係る調整累計額,increase_10,jppfs_cor:ValuationAndTranslationAdjustments
1923668,S100GBDJ,jppfs_cor:AccountsPayableOther,未払金,increase_10,jppfs_cor:CurrentLiabilities
1923669,S100GBDJ,jppfs_cor:OrdinaryIncome,経常利益又は経常損失（△）,increase_10,jppfs_cor:IncomeBeforeIncomeTaxes
1923670,S100GBDJ,jppfs_cor:IncomeBeforeIncomeTaxes,税引前当期純利益又は税引前当期純損失（△）,increase_10,jppfs_cor:ProfitLoss
1923671,S100GBDJ,jppfs_cor:MachineryEquipmentAndVehicles,機械装置及び運搬具,increase_10,jppfs_cor:MachineryEquipmentAndVehiclesNet
1923672,S100GBDJ,jppfs_cor:CurrentPortionOfBonds,1年内償還予定の社債,increase_20,jppfs_cor:CurrentLiabilities
1923673,S100GBDJ,jppfs_cor:LeaseAssetsPPE,リース資産、有形固定資産,increase_10,jppfs_cor:LeaseAssetsNetPPE
1923674,S100GBDJ,jppfs_cor:InvestmentsAndOtherAssets,投資その他の資産,decrease_10,jppfs_cor:NoncurrentAssets
1931253,S100GARS,jppfs_cor:TradingIncomeOIBNK,特定取引収益、経常収益、銀行業,increase_20,jppfs_cor:OrdinaryIncomeBNK
1931254,S100GARS,jppfs_cor:InterestOnDepositsOEBNK,預金利息、経常費用、銀行業,decrease_10,jppfs_cor:InterestExpensesOEBNK
1931255,S100GARS,jppfs_cor:OtherLiabilitiesLiabilitiesBNK,その他負債、負債の部、銀行業,stable,jppfs_cor:Liabilities
1931256,S100GARS,jppfs_cor:DeferredTaxLiabilitiesForLandRevaluation,再評価に係る繰延税金負債,stable,jppfs_cor:Liabilities
1931257,S100GARS,jppfs_cor:InterestOnBorrowingsAndRediscountsOEBNK,借用金利息、経常費用、銀行業,increase_20,jppfs_cor:InterestExpensesOEBNK
1931258,S100GARS,jppfs_cor:NegotiableCertificatesOfDepositLiabilitiesBNK,譲渡性預金、負債の部、銀行業,decrease_10,jppfs_cor:Liabilities
1931259,S100GARS,jppfs_cor:OrdinaryIncomeBNK,経常収益、銀行業,stable,jppfs_cor:OrdinaryIncome
1931260,S100GARS,jppfs_cor:CallMoneyAndBillsSoldLiabilitiesBNK,コールマネー及び売渡手形、負債の部、銀行業,increase_20,jppfs_cor:Liabilities
1931261,S100GARS,jppfs_cor:AcceptancesAndGuaranteesLiabilitiesBNK,支払承諾、負債の部、銀行業,increase_10,jppfs_cor:Liabilities
1931262,S100GARS,jppfs_cor:OrdinaryExpensesBNK,経常費用、銀行業,stable,jppfs_cor:OrdinaryIncome
1931263,S100GARS,jppfs_cor:InterestOnCallMoneyAndBillsSoldOEBNK,コールマネー利息及び売渡手形利息、経常費用、銀行業,new,jppfs_cor:InterestExpensesOEBNK
1931264,S100GARS,jppfs_cor:InterestOnPayablesUnderSecuritiesLendingTransactionsOEBNK,債券貸借取引支払利息、経常費用、銀行業,increase_20,jppfs_cor:InterestExpensesOEBNK
1931265,S100GARS,jppfs_cor:ForeignExchangesLiabilitiesBNK,外国為替、負債の部、銀行業,stable,jppfs_cor:Liabilities
1931266,S100GARS,jppfs_cor:OtherInterestExpensesOEBNK,その他の支払利息、経常費用、銀行業,increase_20,jppfs_cor:InterestExpensesOEBNK
1931267,S100GARS,jppfs_cor:PayablesUnderRepurchaseAgreementsLiabilitiesBNK,売現先勘定、負債の部、銀行業,new,jppfs_cor:Liabilities
1931268,S100GARS,jppfs_cor:BorrowedMoneyLiabilitiesBNK,借用金、負債の部、銀行業,increase_10,jppfs_cor:Liabilities
1931269,S100GARS,jppfs_cor:InterestOnCallLoansAndBillsBoughtOIBNK,コールローン利息及び買入手形利息、経常収益、銀行業,increase_20,jppfs_cor:InterestIncomeOIBNK
1931270,S100GARS,jppfs_cor:OtherOtherIncomeOIBNK,その他の経常収益、経常収益、銀行業,increase_20,jppfs_cor:OtherIncomeOIBNK
1931271,S100GARS,jppfs_cor:ProvisionForReimbursementOfDepositsLiabilitiesBNK,睡眠預金払戻損失引当金、負債の部、銀行業,decrease_10,jppfs_cor:Liabilities
1931272,S100GARS,jppfs_cor:OtherIA,その他、無形固定資産,increase_20,jppfs_cor:IntangibleAssets
1931273,S100GARS,jppfs_cor:InterestExpensesOEBNK,資金調達費用、経常費用、銀行業,increase_10,jppfs_cor:OrdinaryExpensesBNK
1931274,S100GARS,jppfs_cor:InterestOnBondsNOE,社債利息、営業外費用,decrease_10,jppfs_cor:InterestExpensesOEBNK
1931275,S100GARS,jppfs_cor:PayablesUnderSecuritiesLendingTransactionsLiabilitiesBNK,債券貸借取引受入担保金、負債の部、銀行業,decrease_20,jppfs_cor:Liabilities
1931276,S100GARS,jppfs_cor:DeferredTaxLiabilitiesLiabilitiesBNK,繰延税金負債、負債の部、銀行業,decrease_20,jppfs_cor:Liabilities
1931277,S100GARS,jppfs_cor:InterestIncomeOIBNK,資金運用収益、経常収益、銀行業,stable,jppfs_cor:OrdinaryIncomeBNK
1931278,S100GARS,jppfs_cor:ReservesUnderTheSpecialLaws2,特別法上の引当金,stable,jppfs_cor:Liabilities
1931279,S100GARS,jppfs_cor:ProvisionOfAllowanceForLoanLossesOEBNK,貸倒引当金繰入額、経常費用、銀行業,new,jppfs_cor:OtherExpensesOEBNK
1931280,S100GARS,jppfs_cor:InterestOnPayablesUnderRepurchaseAgreementsOEBNK,売現先利息、経常費用、銀行業,decrease_10,jppfs_cor:InterestExpensesOEBNK
1931281,S100GARS,jppfs_cor:DepositsLiabilitiesBNK,預金、負債の部、銀行業,stable,jppfs_cor:Liabilities
1931282,S100GARS,jppfs_cor:OtherOtherExpensesOEBNK,その他の経常費用、経常費用、銀行業,stable,jppfs_cor:OtherExpensesOEBNK
1931283,S100GARS,jppfs_cor:GeneralAndAdministrativeExpensesOEBNK,営業経費、経常費用、銀行業,stable,jppfs_cor:OrdinaryExpensesBNK
1931284,S100GARS,jppfs_cor:OtherInterestIncomeOIBNK,その他の受入利息、経常収益、銀行業,increase_20,jppfs_cor:InterestIncomeOIBNK
1931285,S100GARS,jppfs_cor:Software,ソフトウエア,decrease_10,jppfs_cor:IntangibleAssets
1931286,S100GARS,jppfs_cor:ProfitLoss,当期純利益又は当期純損失（△）（平成26年3月28日財規等改正後）,stable,top_account
1931287,S100GARS,jppfs_cor:IncomeTaxesDeferred,法人税等調整額,decrease_20,jppfs_cor:IncomeTaxes
1931288,S100GARS,jppfs_cor:IncomeBeforeIncomeTaxes,税引前当期純利益又は税引前当期純損失（△）,stable,jppfs_cor:ProfitLoss
1931289,S100GARS,jppfs_cor:OrdinaryIncome,経常利益又は経常損失（△）,stable,jppfs_cor:IncomeBeforeIncomeTaxes
1931290,S100GARS,jppfs_cor:InterestOnLoansAndDiscountsOIBNK,貸出金利息、経常収益、銀行業,stable,jppfs_cor:InterestIncomeOIBNK
1931291,S100GARS,jppfs_cor:BondsPayable,社債,decrease_20,jppfs_cor:Liabilities
1931292,S100GARS,jppfs_cor:Land,土地,stable,jppfs_cor:PropertyPlantAndEquipment
1931293,S100GARS,jppfs_cor:Liabilities,負債,stable,jppfs_cor:LiabilitiesAndNetAssets
1931294,S100GARS,jpcrp030000-asr_E03624-000:ReserveForContingentLiabilitiesLossesLiabilitiesBNK,その他の偶発損失引当金,decrease_20,jppfs_cor:Liabilities
1931295,S100GARS,jppfs_cor:NetDefinedBenefitLiability,退職給付に係る負債,stable,jppfs_cor:Liabilities
1931296,S100GARS,jppfs_cor:ConstructionInProgress,建設仮勘定,decrease_20,jppfs_cor:PropertyPlantAndEquipment
1931297,S100GARS,jppfs_cor:InterestOnReceivablesUnderResaleAgreementsOIBNK,買現先利息、経常収益、銀行業,stable,jppfs_cor:InterestIncomeOIBNK
1931298,S100GARS,jppfs_cor:ExtraordinaryIncome,特別利益,decrease_20,jppfs_cor:IncomeBeforeIncomeTaxes
1931299,S100GARS,jppfs_cor:OtherOrdinaryIncomeOIBNK,その他業務収益、経常収益、銀行業,increase_20,jppfs_cor:OrdinaryIncomeBNK
1931300,S100GARS,jppfs_cor:OtherOrdinaryExpensesOEBNK,その他業務費用、経常費用、銀行業,decrease_20,jppfs_cor:OrdinaryExpensesBNK
1931301,S100GARS,jppfs_cor:IncomeTaxes,法人税等,stable,jppfs_cor:ProfitLoss
1931302,S100GARS,jppfs_cor:ImpairmentLossEL,減損損失、特別損失,decrease_20,jppfs_cor:ExtraordinaryLoss
1931303,S100GARS,jppfs_cor:IncomeTaxesCurrent,法人税、住民税及び事業税,increase_10,jppfs_cor:IncomeTaxes
1931304,S100GARS,jppfs_cor:RecoveriesOfWrittenOffClaimsOIBNK,償却債権取立益、経常収益、銀行業,decrease_20,jppfs_cor:OtherIncomeOIBNK
1931305,S100GARS,jppfs_cor:ProfitLossAttributableToOwnersOfParent,親会社株主に帰属する当期純利益又は親会社株主に帰属する当期純損失（△）,stable,not_common_account
1931306,S100GARS,jppfs_cor:ProvisionForLossOnInterestRepaymentLiabilitiesBNK,利息返還損失引当金、負債の部、銀行業,decrease_20,jppfs_cor:Liabilities
1931307,S100GARS,jppfs_cor:ProfitLossAttributableToNonControllingInterests,非支配株主に帰属する当期純利益又は非支配株主に帰属する当期純損失（△）,increase_10,not_common_account
1931308,S100GARS,jppfs_cor:ShortTermBondsPayable,短期社債,new,jppfs_cor:Liabilities
1931309,S100GARS,jppfs_cor:GainOnDisposalOfNoncurrentAssetsEI,固定資産処分益、特別利益,decrease_20,jppfs_cor:ExtraordinaryIncome
1931310,S100GARS,jppfs_cor:InterestOnShortTermBondsNOE,短期社債利息、営業外費用,increase_20,jppfs_cor:InterestExpensesOEBNK
1931311,S100GARS,jppfs_cor:LossOnDisposalOfNoncurrentAssetsEL,固定資産処分損、特別損失,decrease_20,jppfs_cor:ExtraordinaryLoss
1931312,S100GARS,jppfs_cor:InterestOnNegotiableCertificatesOfDepositOEBNK,譲渡性預金利息、経常費用、銀行業,decrease_20,jppfs_cor:InterestExpensesOEBNK
1931313,S100GARS,jppfs_cor:FeesAndCommissionsOIBNK,役務取引等収益、経常収益、銀行業,stable,jppfs_cor:OrdinaryIncomeBNK
1931314,S100GARS,jppfs_cor:ExtraordinaryLoss,特別損失,decrease_20,jppfs_cor:IncomeBeforeIncomeTaxes
1931315,S100GARS,jppfs_cor:FeesAndCommissionsPaymentsOEBNK,役務取引等費用、経常費用、銀行業,stable,jppfs_cor:OrdinaryExpensesBNK
1931316,S100GARS,jppfs_cor:OtherIncomeOIBNK,その他経常収益、経常収益、銀行業,increase_20,jppfs_cor:OrdinaryIncomeBNK
1931317,S100GARS,jppfs_cor:InterestAndDividendsOnSecuritiesOIBNK,有価証券利息配当金、経常収益、銀行業,stable,jppfs_cor:InterestIncomeOIBNK
1931318,S100GARS,jppfs_cor:OtherExpensesOEBNK,その他経常費用、経常費用、銀行業,increase_20,jppfs_cor:OrdinaryExpensesBNK
1946936,S100G9UI,jppfs_cor:ProfitLossAttributableToNonControllingInterests,非支配株主に帰属する当期純利益又は非支配株主に帰属する当期純損失（△）,decrease_20,not_common_account
1946937,S100G9UI,jppfs_cor:InvestmentSecurities,投資有価証券,decrease_10,jppfs_cor:InvestmentsAndOtherAssets
1946938,S100G9UI,jppfs_cor:AccountsReceivableCARWY,未収金、流動資産、鉄道事業,increase_20,jppfs_cor:CurrentAssets
1946939,S100G9UI,jppfs_cor:LandForSaleInLots,分譲土地,stable,jppfs_cor:CurrentAssets
1946940,S100G9UI,jppfs_cor:BondsPayable,社債,stable,jppfs_cor:NoncurrentLiabilities
1946941,S100G9UI,jppfs_cor:RawMaterialsAndSupplies,原材料及び貯蔵品,stable,jppfs_cor:CurrentAssets
1946942,S100G9UI,jppfs_cor:ValuationAndTranslationAdjustments,評価・換算差額等,decrease_20,jppfs_cor:NetAssets
1946943,S100G9UI,jppfs_cor:ProfitLossAttributableToOwnersOfParent,親会社株主に帰属する当期純利益又は親会社株主に帰属する当期純損失（△）,decrease_10,not_common_account
1946944,S100G9UI,jppfs_cor:IncomeTaxesPayable,未払法人税等,increase_20,jppfs_cor:CurrentLiabilities
1946945,S100G9UI,jppfs_cor:IncomeTaxesDeferred,法人税等調整額,decrease_20,jppfs_cor:IncomeTaxes
1946946,S100G9UI,jppfs_cor:IncomeBeforeIncomeTaxes,税引前当期純利益又は税引前当期純損失（△）,stable,jppfs_cor:ProfitLoss
1946947,S100G9UI,jppfs_cor:Merchandise,商品,increase_10,jppfs_cor:CurrentAssets
1946948,S100G9UI,jppfs_cor:LossOnValuationOfInvestmentSecuritiesEL,投資有価証券評価損、特別損失,new,jppfs_cor:ExtraordinaryLoss
1946949,S100G9UI,jppfs_cor:MiscellaneousExpensesNOERWY,雑支出、営業外費用、鉄道事業,decrease_20,jppfs_cor:NonOperatingExpenses
1946950,S100G9UI,jppfs_cor:InterestAndDividendsIncomeNOI,受取利息及び配当金、営業外収益,stable,jppfs_cor:NonOperatingIncome
1946951,S100G9UI,jppfs_cor:GrossProfit,売上総利益又は売上総損失（△）,stable,jppfs_cor:OperatingIncome
1946952,S100G9UI,jppfs_cor:OtherEI,その他、特別利益,new,jppfs_cor:ExtraordinaryIncome
1946953,S100G9UI,jppfs_cor:LossOnSalesOfNoncurrentAssetsEL,固定資産売却損、特別損失,decrease_20,jppfs_cor:ExtraordinaryLoss
1946954,S100G9UI,jppfs_cor:AllowanceForDoubtfulAccountsIOAByGroup,貸倒引当金、投資その他の資産、一括控除,stable,jppfs_cor:InvestmentsAndOtherAssets
1946955,S100G9UI,jpcrp030000-asr_E04099-000:WelfarePensionFundDissolutionLossAllowanceReversalOfGainsEI,厚生年金基金解散損失引当金戻入益,new,jppfs_cor:ExtraordinaryIncome
1946956,S100G9UI,jppfs_cor:OtherEL,その他、特別損失,decrease_20,jppfs_cor:ExtraordinaryLoss
1946957,S100G9UI,jppfs_cor:DeferredTaxAssetsIOA,繰延税金資産、投資その他の資産,decrease_10,jppfs_cor:InvestmentsAndOtherAssets
1946958,S100G9UI,jppfs_cor:NotesAndAccountsPayableTrade,支払手形及び買掛金,stable,jppfs_cor:CurrentLiabilities
1946959,S100G9UI,jppfs_cor:LongTermLoansPayable,長期借入金,decrease_10,jppfs_cor:NoncurrentLiabilities
1946960,S100G9UI,jppfs_cor:MiscellaneousIncomeNOIRWY,雑収入、営業外収益、鉄道事業,increase_20,jppfs_cor:NonOperatingIncome
1946961,S100G9UI,jppfs_cor:InterestExpensesNOE,支払利息、営業外費用,decrease_10,jppfs_cor:NonOperatingExpenses
1946962,S100G9UI,jppfs_cor:ExtraordinaryIncome,特別利益,increase_20,jppfs_cor:IncomeBeforeIncomeTaxes
1946963,S100G9UI,jppfs_cor:CashAndDeposits,現金及び預金,stable,jppfs_cor:CurrentAssets
1946964,S100G9UI,jppfs_cor:GainOnSalesOfNoncurrentAssetsEI,固定資産売却益、特別利益,increase_20,jppfs_cor:ExtraordinaryIncome
1946965,S100G9UI,jppfs_cor:InvestmentsAndOtherAssets,投資その他の資産,decrease_10,jppfs_cor:NoncurrentAssets
1946966,S100G9UI,jppfs_cor:IncomeTaxesCurrent,法人税、住民税及び事業税,increase_10,jppfs_cor:IncomeTaxes
1946967,S100G9UI,jppfs_cor:DeferredTaxLiabilitiesNCL,繰延税金負債、固定負債,increase_10,jppfs_cor:NoncurrentLiabilities
1946968,S100G9UI,jppfs_cor:IntangibleAssets,無形固定資産,stable,jppfs_cor:NoncurrentAssets
1946969,S100G9UI,jppfs_cor:OperatingIncome,営業利益又は営業損失（△）,decrease_10,jppfs_cor:OrdinaryIncome
1946970,S100G9UI,jpcrp030000-asr_E04099-000:YashirosenDisusedLineReserveNCL,屋代線廃線引当金,decrease_10,jppfs_cor:NoncurrentLiabilities
1946971,S100G9UI,jppfs_cor:PropertyPlantAndEquipment,有形固定資産,stable,jppfs_cor:NoncurrentAssets
1946972,S100G9UI,jppfs_cor:OtherCL,その他、流動負債,stable,jppfs_cor:CurrentLiabilities
1946973,S100G9UI,jppfs_cor:OtherNCL,その他、固定負債,stable,jppfs_cor:NoncurrentLiabilities
1946974,S100G9UI,jppfs_cor:AssetRetirementObligationsNCL,資産除去債務、固定負債,decrease_10,jppfs_cor:NoncurrentLiabilities
1946975,S100G9UI,jpcrp030000-asr_E04099-000:UnfinishedConstructionReceiptMoney,未成工事受入金,increase_20,jppfs_cor:CurrentLiabilities
1946976,S100G9UI,jpcrp030000-asr_E04099-000:UnfinishedConstructionExpenseMoney,未成工事支出金,increase_20,jppfs_cor:CurrentAssets
1946977,S100G9UI,jppfs_cor:CurrentPortionOfLongTermLoansPayable,1年内返済予定の長期借入金,decrease_10,jppfs_cor:CurrentLiabilities
1946978,S100G9UI,jppfs_cor:ShareholdersEquity,株主資本,increase_10,jppfs_cor:NetAssets
1946979,S100G9UI,jppfs_cor:TreasuryStock,自己株式,stable,jppfs_cor:ShareholdersEquity
1946980,S100G9UI,jppfs_cor:ExtraordinaryLoss,特別損失,new,jppfs_cor:IncomeBeforeIncomeTaxes
1946981,S100G9UI,jppfs_cor:CurrentLiabilities,流動負債,increase_10,jppfs_cor:Liabilities
1946982,S100G9UI,jppfs_cor:CurrentAssets,流動資産,increase_10,jppfs_cor:Assets
1946983,S100G9UI,jppfs_cor:NoncurrentLiabilities,固定負債,decrease_10,jppfs_cor:Liabilities
1946984,S100G9UI,jppfs_cor:NoncurrentAssets,固定資産,stable,jppfs_cor:Assets
1946985,S100G9UI,jppfs_cor:AllowanceForDoubtfulAccountsCA,貸倒引当金、流動資産、一括控除,increase_20,jppfs_cor:CurrentAssets
1946986,S100G9UI,jppfs_cor:OtherIA,その他、無形固定資産,stable,jppfs_cor:IntangibleAssets
1946987,S100G9UI,jppfs_cor:SubsidyEIRWY,補助金、特別利益、鉄道事業,stable,jppfs_cor:ExtraordinaryIncome
1946988,S100G9UI,jppfs_cor:Liabilities,負債,stable,jppfs_cor:LiabilitiesAndNetAssets
1946989,S100G9UI,jppfs_cor:SellingGeneralAndAdministrativeExpenses,販売費及び一般管理費,stable,jppfs_cor:OperatingIncome
1946990,S100G9UI,jppfs_cor:DirectorsRetirementBenefitsEL,役員退職慰労金、特別損失,new,jppfs_cor:ExtraordinaryLoss
1946991,S100G9UI,jppfs_cor:ImpairmentLossEL,減損損失、特別損失,new,jppfs_cor:ExtraordinaryLoss
1946992,S100G9UI,jppfs_cor:NonOperatingIncome,営業外収益,stable,jppfs_cor:OrdinaryIncome
1946993,S100G9UI,jppfs_cor:NonOperatingExpenses,営業外費用,decrease_10,jppfs_cor:OrdinaryIncome
1946994,S100G9UI,jppfs_cor:OperatingRevenueRWY,営業収益、鉄道事業,stable,jppfs_cor:GrossProfit
1946995,S100G9UI,jppfs_cor:CapitalSurplus,資本剰余金,stable,jppfs_cor:ShareholdersEquity
1946996,S100G9UI,jppfs_cor:CapitalStock,資本金,stable,jppfs_cor:ShareholdersEquity
1946997,S100G9UI,jppfs_cor:OperatingExpensesAndCostOfSalesOfTransportationRWY,運輸業等営業費及び売上原価、鉄道事業,stable,jppfs_cor:GrossProfit
1946998,S100G9UI,jppfs_cor:ProfitLoss,当期純利益又は当期純損失（△）（平成26年3月28日財規等改正後）,decrease_10,top_account
1946999,S100G9UI,jppfs_cor:Land,土地,stable,jppfs_cor:PropertyPlantAndEquipment
1947000,S100G9UI,jppfs_cor:OtherCA,その他、流動資産,increase_10,jppfs_cor:CurrentAssets
1947001,S100G9UI,jppfs_cor:LeaseObligationsCL,リース債務、流動負債,increase_10,jppfs_cor:CurrentLiabilities
1947002,S100G9UI,jppfs_cor:OrdinaryIncome,経常利益又は経常損失（△）,decrease_10,jppfs_cor:IncomeBeforeIncomeTaxes
1947003,S100G9UI,jppfs_cor:AccountsPayableOther,未払金,decrease_20,jppfs_cor:CurrentLiabilities
1947004,S100G9UI,jppfs_cor:LeaseObligationsNCL,リース債務、固定負債,stable,jppfs_cor:NoncurrentLiabilities
1947005,S100G9UI,jppfs_cor:LongTermAccountsPayableOther,長期未払金,increase_20,jppfs_cor:NoncurrentLiabilities
1947006,S100G9UI,jppfs_cor:LossOnRetirementOfNoncurrentAssetsEL,固定資産除却損、特別損失,stable,jppfs_cor:ExtraordinaryLoss
1947007,S100G9UI,jppfs_cor:RetainedEarnings,利益剰余金,increase_10,jppfs_cor:ShareholdersEquity
1947008,S100G9UI,jppfs_cor:ConstructionInProgress,建設仮勘定,new,jppfs_cor:PropertyPlantAndEquipment
1947009,S100G9UI,jppfs_cor:NetDefinedBenefitLiability,退職給付に係る負債,stable,jppfs_cor:NoncurrentLiabilities
1947010,S100G9UI,jppfs_cor:ShortTermLoansPayable,短期借入金,increase_20,jppfs_cor:CurrentLiabilities
1947011,S100G9UI,jppfs_cor:ValuationDifferenceOnAvailableForSaleSecurities,その他有価証券評価差額金,decrease_20,jppfs_cor:ValuationAndTranslationAdjustments
1947012,S100G9UI,jppfs_cor:NotesAndAccountsReceivableTrade,受取手形及び売掛金,increase_10,jppfs_cor:CurrentAssets
1947013,S100G9UI,jppfs_cor:IncomeTaxes,法人税等,increase_20,jppfs_cor:ProfitLoss
1947014,S100G9UI,jppfs_cor:ProvisionForBonuses,賞与引当金,stable,jppfs_cor:CurrentLiabilities
1947015,S100G9UI,jppfs_cor:OtherIOA,その他、投資その他の資産,stable,jppfs_cor:InvestmentsAndOtherAssets
1973192,S100G8B9,jppfs_cor:IncomeTaxesCurrent,法人税、住民税及び事業税,decrease_20,jppfs_cor:IncomeTaxes
1973193,S100G8B9,jppfs_cor:InterestAndDividendsOnSecuritiesOIBNK,有価証券利息配当金、経常収益、銀行業,increase_10,jppfs_cor:InterestIncomeOIBNK
1973194,S100G8B9,jppfs_cor:InterestOnDepositsWithBanksOIBNK,預け金利息、経常収益、銀行業,stable,jppfs_cor:InterestIncomeOIBNK
1973195,S100G8B9,jppfs_cor:InterestOnBorrowingsAndRediscountsOEBNK,借用金利息、経常費用、銀行業,decrease_10,jppfs_cor:InterestExpensesOEBNK
1973196,S100G8B9,jppfs_cor:OtherIncomeOIBNK,その他経常収益、経常収益、銀行業,increase_10,jppfs_cor:OrdinaryIncomeBNK
1973197,S100G8B9,jppfs_cor:ProfitLossAttributableToOwnersOfParent,親会社株主に帰属する当期純利益又は親会社株主に帰属する当期純損失（△）,stable,not_common_account
1973198,S100G8B9,jppfs_cor:InterestIncomeOIBNK,資金運用収益、経常収益、銀行業,stable,jppfs_cor:OrdinaryIncomeBNK
1973199,S100G8B9,jppfs_cor:DeferredTaxLiabilitiesLiabilitiesBNK,繰延税金負債、負債の部、銀行業,increase_20,jppfs_cor:Liabilities
1973200,S100G8B9,jppfs_cor:OtherInterestIncomeOIBNK,その他の受入利息、経常収益、銀行業,stable,jppfs_cor:InterestIncomeOIBNK
1973201,S100G8B9,jppfs_cor:Land,土地,decrease_10,jppfs_cor:PropertyPlantAndEquipment
1973202,S100G8B9,jppfs_cor:GainOnDisposalOfNoncurrentAssetsEI,固定資産処分益、特別利益,new,jppfs_cor:ExtraordinaryIncome
1973203,S100G8B9,jppfs_cor:BondsWithSubscriptionRightsToSharesNCL,新株予約権付社債、固定負債,stable,jppfs_cor:Liabilities
1973204,S100G8B9,jppfs_cor:InterestOnPayablesUnderRepurchaseAgreementsOEBNK,売現先利息、経常費用、銀行業,increase_10,jppfs_cor:InterestExpensesOEBNK
1973205,S100G8B9,jppfs_cor:IncomeTaxes,法人税等,decrease_20,jppfs_cor:ProfitLoss
1973206,S100G8B9,jppfs_cor:PayablesUnderSecuritiesLendingTransactionsLiabilitiesBNK,債券貸借取引受入担保金、負債の部、銀行業,increase_10,jppfs_cor:Liabilities
1973207,S100G8B9,jppfs_cor:IncomeBeforeIncomeTaxes,税引前当期純利益又は税引前当期純損失（△）,decrease_20,jppfs_cor:ProfitLoss
1973208,S100G8B9,jppfs_cor:AcceptancesAndGuaranteesLiabilitiesBNK,支払承諾、負債の部、銀行業,increase_10,jppfs_cor:Liabilities
1973209,S100G8B9,jppfs_cor:NegotiableCertificatesOfDepositLiabilitiesBNK,譲渡性預金、負債の部、銀行業,stable,jppfs_cor:Liabilities
1973210,S100G8B9,jppfs_cor:ProvisionForReimbursementOfDepositsLiabilitiesBNK,睡眠預金払戻損失引当金、負債の部、銀行業,increase_10,jppfs_cor:Liabilities
1973211,S100G8B9,jppfs_cor:NetDefinedBenefitLiability,退職給付に係る負債,stable,jppfs_cor:Liabilities
1973212,S100G8B9,jppfs_cor:InterestOnDepositsOEBNK,預金利息、経常費用、銀行業,decrease_10,jppfs_cor:InterestExpensesOEBNK
1973213,S100G8B9,jppfs_cor:OtherIA,その他、無形固定資産,stable,jppfs_cor:IntangibleAssets
1973214,S100G8B9,jppfs_cor:ProfitLoss,当期純利益又は当期純損失（△）（平成26年3月28日財規等改正後）,stable,top_account
1973215,S100G8B9,jppfs_cor:OtherOtherIncomeOIBNK,その他の経常収益、経常収益、銀行業,decrease_20,jppfs_cor:OtherIncomeOIBNK
1973216,S100G8B9,jppfs_cor:ProvisionForBonuses,賞与引当金,stable,jppfs_cor:Liabilities
1973217,S100G8B9,jppfs_cor:LossOnDisposalOfNoncurrentAssetsEL,固定資産処分損、特別損失,decrease_20,jppfs_cor:ExtraordinaryLoss
1973218,S100G8B9,jppfs_cor:OtherOtherExpensesOEBNK,その他の経常費用、経常費用、銀行業,new,jppfs_cor:OtherExpensesOEBNK
1973219,S100G8B9,jppfs_cor:OrdinaryExpensesBNK,経常費用、銀行業,stable,jppfs_cor:OrdinaryIncome
1973220,S100G8B9,jppfs_cor:OtherExpensesOEBNK,その他経常費用、経常費用、銀行業,increase_10,jppfs_cor:OrdinaryExpensesBNK
1973221,S100G8B9,jppfs_cor:InterestOnPayablesUnderSecuritiesLendingTransactionsOEBNK,債券貸借取引支払利息、経常費用、銀行業,decrease_20,jppfs_cor:InterestExpensesOEBNK
1973222,S100G8B9,jppfs_cor:OrdinaryIncomeBNK,経常収益、銀行業,stable,jppfs_cor:OrdinaryIncome
1973223,S100G8B9,jppfs_cor:Liabilities,負債,stable,jppfs_cor:LiabilitiesAndNetAssets
1973224,S100G8B9,jppfs_cor:Software,ソフトウエア,decrease_10,jppfs_cor:IntangibleAssets
1973225,S100G8B9,jppfs_cor:OtherLiabilitiesLiabilitiesBNK,その他負債、負債の部、銀行業,decrease_10,jppfs_cor:Liabilities
1973226,S100G8B9,jppfs_cor:PayablesUnderRepurchaseAgreementsLiabilitiesBNK,売現先勘定、負債の部、銀行業,decrease_20,jppfs_cor:Liabilities
1973227,S100G8B9,jppfs_cor:DepositsLiabilitiesBNK,預金、負債の部、銀行業,stable,jppfs_cor:Liabilities
1973228,S100G8B9,jppfs_cor:ProvisionForDirectorsRetirementBenefits,役員退職慰労引当金,increase_10,jppfs_cor:Liabilities
1973229,S100G8B9,jppfs_cor:BorrowedMoneyLiabilitiesBNK,借用金、負債の部、銀行業,new,jppfs_cor:Liabilities
1973230,S100G8B9,jppfs_cor:OrdinaryIncome,経常利益又は経常損失（△）,decrease_10,jppfs_cor:IncomeBeforeIncomeTaxes
1973231,S100G8B9,jppfs_cor:DeferredTaxLiabilitiesForLandRevaluation,再評価に係る繰延税金負債,stable,jppfs_cor:Liabilities
1973232,S100G8B9,jppfs_cor:FeesAndCommissionsOIBNK,役務取引等収益、経常収益、銀行業,stable,jppfs_cor:OrdinaryIncomeBNK
1973233,S100G8B9,jppfs_cor:ExtraordinaryLoss,特別損失,new,jppfs_cor:IncomeBeforeIncomeTaxes
1973234,S100G8B9,jppfs_cor:OtherOrdinaryIncomeOIBNK,その他業務収益、経常収益、銀行業,decrease_10,jppfs_cor:OrdinaryIncomeBNK
1973235,S100G8B9,jppfs_cor:IncomeTaxesDeferred,法人税等調整額,decrease_20,jppfs_cor:IncomeTaxes
1973236,S100G8B9,jppfs_cor:InterestOnLoansAndDiscountsOIBNK,貸出金利息、経常収益、銀行業,stable,jppfs_cor:InterestIncomeOIBNK
1973237,S100G8B9,jppfs_cor:ImpairmentLossEL,減損損失、特別損失,new,jppfs_cor:ExtraordinaryLoss
1973238,S100G8B9,jppfs_cor:CallMoneyAndBillsSoldLiabilitiesBNK,コールマネー及び売渡手形、負債の部、銀行業,decrease_20,jppfs_cor:Liabilities
1973239,S100G8B9,jppfs_cor:ReversalOfAllowanceForLoanLossesOIBNK,貸倒引当金戻入益、経常収益、銀行業,new,jppfs_cor:OtherIncomeOIBNK
1973240,S100G8B9,jppfs_cor:OtherOrdinaryExpensesOEBNK,その他業務費用、経常費用、銀行業,increase_20,jppfs_cor:OrdinaryExpensesBNK
1973241,S100G8B9,jppfs_cor:ConstructionInProgress,建設仮勘定,decrease_20,jppfs_cor:PropertyPlantAndEquipment
1973242,S100G8B9,jppfs_cor:InterestOnCallMoneyAndBillsSoldOEBNK,コールマネー利息及び売渡手形利息、経常費用、銀行業,decrease_20,jppfs_cor:InterestExpensesOEBNK
1973243,S100G8B9,jppfs_cor:FeesAndCommissionsPaymentsOEBNK,役務取引等費用、経常費用、銀行業,stable,jppfs_cor:OrdinaryExpensesBNK
1973244,S100G8B9,jppfs_cor:InterestOnCallLoansAndBillsBoughtOIBNK,コールローン利息及び買入手形利息、経常収益、銀行業,stable,jppfs_cor:InterestIncomeOIBNK
1973245,S100G8B9,jppfs_cor:InterestExpensesOEBNK,資金調達費用、経常費用、銀行業,decrease_10,jppfs_cor:OrdinaryExpensesBNK
1973246,S100G8B9,jppfs_cor:ForeignExchangesLiabilitiesBNK,外国為替、負債の部、銀行業,increase_20,jppfs_cor:Liabilities
1973247,S100G8B9,jppfs_cor:GeneralAndAdministrativeExpensesOEBNK,営業経費、経常費用、銀行業,decrease_10,jppfs_cor:OrdinaryExpensesBNK
1973248,S100G8B9,jppfs_cor:ExtraordinaryIncome,特別利益,new,jppfs_cor:IncomeBeforeIncomeTaxes
1973249,S100G8B9,jppfs_cor:ProfitLossAttributableToNonControllingInterests,非支配株主に帰属する当期純利益又は非支配株主に帰属する当期純損失（△）,increase_20,not_common_account
1973250,S100G8B9,jppfs_cor:InterestOnNegotiableCertificatesOfDepositOEBNK,譲渡性預金利息、経常費用、銀行業,decrease_10,jppfs_cor:InterestExpensesOEBNK
2016930,S100G5RV,jppfs_cor:NotesReceivableAccountsReceivableFromCompletedConstructionContractsAndOtherCNS,受取手形・完成工事未収入金等、建設業,stable,jppfs_cor:CurrentAssets
2016931,S100G5RV,jppfs_cor:InvestmentsAndOtherAssets,投資その他の資産,stable,jppfs_cor:NoncurrentAssets
2016932,S100G5RV,jppfs_cor:OtherNCL,その他、固定負債,increase_10,jppfs_cor:NoncurrentLiabilities
2016933,S100G5RV,jppfs_cor:OtherCL,その他、流動負債,stable,jppfs_cor:CurrentLiabilities
2016934,S100G5RV,jppfs_cor:OtherCA,その他、流動資産,new,jppfs_cor:CurrentAssets
2016935,S100G5RV,jppfs_cor:MiscellaneousIncomeNOI,雑収入、営業外収益,stable,jppfs_cor:NonOperatingIncome
2016936,S100G5RV,jppfs_cor:CostOfSalesOfCompletedConstructionContractsCNS,完成工事原価、建設業,increase_10,jppfs_cor:CostOfSales
2016937,S100G5RV,jppfs_cor:ProvisionForLossOnConstructionContracts,工事損失引当金,new,jppfs_cor:CurrentLiabilities
2016938,S100G5RV,jppfs_cor:NonOperatingIncome,営業外収益,stable,jppfs_cor:OrdinaryIncome
2016939,S100G5RV,jppfs_cor:NonOperatingExpenses,営業外費用,increase_20,jppfs_cor:OrdinaryIncome
2016940,S100G5RV,jppfs_cor:ImpairmentLossEL,減損損失、特別損失,decrease_20,jppfs_cor:ExtraordinaryLoss
2016941,S100G5RV,jppfs_cor:NetSalesOfCompletedConstructionContractsCNS,完成工事高、建設業,increase_10,jppfs_cor:NetSales
2016942,S100G5RV,jppfs_cor:MerchandiseAndFinishedGoods,商品及び製品,decrease_10,jppfs_cor:CurrentAssets
2016943,S100G5RV,jppfs_cor:CashAndDeposits,現金及び預金,increase_20,jppfs_cor:CurrentAssets
2016944,S100G5RV,jppfs_cor:InterestIncomeNOI,受取利息、営業外収益,increase_10,jppfs_cor:NonOperatingIncome
2016945,S100G5RV,jppfs_cor:InterestExpensesNOE,支払利息、営業外費用,increase_20,jppfs_cor:NonOperatingExpenses
2016946,S100G5RV,jppfs_cor:InsuranceIncomeEI,受取保険金、特別利益,new,jppfs_cor:ExtraordinaryIncome
2016947,S100G5RV,jppfs_cor:IncomeTaxesPayable,未払法人税等,increase_20,jppfs_cor:CurrentLiabilities
2016948,S100G5RV,jppfs_cor:InvestmentSecurities,投資有価証券,stable,jppfs_cor:InvestmentsAndOtherAssets
2016949,S100G5RV,jppfs_cor:IntangibleAssets,無形固定資産,decrease_10,jppfs_cor:NoncurrentAssets
2016950,S100G5RV,jppfs_cor:ValuationAndTranslationAdjustments,評価・換算差額等,stable,jppfs_cor:NetAssets
2016951,S100G5RV,jppfs_cor:PropertyPlantAndEquipment,有形固定資産,stable,jppfs_cor:NoncurrentAssets
2016952,S100G5RV,jppfs_cor:SellingGeneralAndAdministrativeExpenses,販売費及び一般管理費,increase_10,jppfs_cor:OperatingIncome
2016953,S100G5RV,jppfs_cor:CompensationForDamageEL,損害賠償金、特別損失,new,jppfs_cor:ExtraordinaryLoss
2016954,S100G5RV,jppfs_cor:MiscellaneousExpensesNOE,雑支出、営業外費用,stable,jppfs_cor:NonOperatingExpenses
2016955,S100G5RV,jppfs_cor:ProfitLossAttributableToOwnersOfParent,親会社株主に帰属する当期純利益又は親会社株主に帰属する当期純損失（△）,decrease_10,not_common_account
2016956,S100G5RV,jppfs_cor:GrossProfitRealEstateBusinessGP,不動産事業総利益又は不動産事業総損失（△）、売上総利益,increase_20,jppfs_cor:GrossProfit
2016957,S100G5RV,jppfs_cor:BuildingsAndStructures,建物及び構築物,increase_10,jppfs_cor:PropertyPlantAndEquipment
2016958,S100G5RV,jppfs_cor:ProvisionForDirectorsBonuses,役員賞与引当金,increase_20,jppfs_cor:CurrentLiabilities
2016959,S100G5RV,jppfs_cor:EquityInEarningsOfAffiliatesNOI,持分法による投資利益、営業外収益,stable,jppfs_cor:NonOperatingIncome
2016960,S100G5RV,jppfs_cor:RemeasurementsOfDefinedBenefitPlans,退職給付に係る調整累計額,decrease_20,jppfs_cor:ValuationAndTranslationAdjustments
2016961,S100G5RV,jppfs_cor:IncomeTaxesDeferred,法人税等調整額,decrease_20,jppfs_cor:IncomeTaxes
2016962,S100G5RV,jppfs_cor:CostOfSales,売上原価,increase_10,jppfs_cor:GrossProfit
2016963,S100G5RV,jppfs_cor:LossOnSalesAndRetirementOfNoncurrentAssetsEL,固定資産除売却損、特別損失,decrease_20,jppfs_cor:ExtraordinaryLoss
2016964,S100G5RV,jppfs_cor:CurrentAssets,流動資産,increase_10,jppfs_cor:Assets
2016965,S100G5RV,jppfs_cor:CurrentLiabilities,流動負債,increase_10,jppfs_cor:Liabilities
2016966,S100G5RV,jppfs_cor:NoncurrentAssets,固定資産,stable,jppfs_cor:Assets
2016967,S100G5RV,jppfs_cor:NoncurrentLiabilities,固定負債,stable,jppfs_cor:Liabilities
2016968,S100G5RV,jppfs_cor:CapitalSurplus,資本剰余金,stable,jppfs_cor:ShareholdersEquity
2016969,S100G5RV,jppfs_cor:CostsOnUncompletedConstructionContractsCNS,未成工事支出金、建設業,stable,jppfs_cor:CurrentAssets
2016970,S100G5RV,jppfs_cor:OperatingIncome,営業利益又は営業損失（△）,increase_10,jppfs_cor:OrdinaryIncome
2016971,S100G5RV,jppfs_cor:AllowanceForDoubtfulAccountsCA,貸倒引当金、流動資産、一括控除,stable,jppfs_cor:CurrentAssets
2016972,S100G5RV,jppfs_cor:Land,土地,stable,jppfs_cor:PropertyPlantAndEquipment
2016973,S100G5RV,jppfs_cor:NetSalesOfSideLineBusinessCNS,兼業事業売上高、建設業,stable,jppfs_cor:NetSales
2016974,S100G5RV,jppfs_cor:Liabilities,負債,increase_10,jppfs_cor:LiabilitiesAndNetAssets
2016975,S100G5RV,jppfs_cor:MachineryVehiclesToolsFurnitureAndFixtures,機械、運搬具及び工具器具備品,increase_10,jppfs_cor:PropertyPlantAndEquipment
2016976,S100G5RV,jppfs_cor:DeferredTaxLiabilitiesNCL,繰延税金負債、固定負債,decrease_20,jppfs_cor:NoncurrentLiabilities
2016977,S100G5RV,jppfs_cor:TreasuryStock,自己株式,stable,jppfs_cor:ShareholdersEquity
2016978,S100G5RV,jppfs_cor:IncomeTaxesCurrent,法人税、住民税及び事業税,increase_10,jppfs_cor:IncomeTaxes
2016979,S100G5RV,jppfs_cor:ShareholdersEquity,株主資本,increase_10,jppfs_cor:NetAssets
2016980,S100G5RV,jppfs_cor:DividendsIncomeNOI,受取配当金、営業外収益,increase_10,jppfs_cor:NonOperatingIncome
2016981,S100G5RV,jppfs_cor:LeaseAssetsPPE,リース資産、有形固定資産,increase_20,jppfs_cor:PropertyPlantAndEquipment
2016982,S100G5RV,jppfs_cor:ConstructionInProgress,建設仮勘定,decrease_20,jppfs_cor:PropertyPlantAndEquipment
2016983,S100G5RV,jppfs_cor:ValuationDifferenceOnAvailableForSaleSecurities,その他有価証券評価差額金,stable,jppfs_cor:ValuationAndTranslationAdjustments
2016984,S100G5RV,jppfs_cor:CostOfSalesOnSideLineBusinessCNS,兼業事業売上原価、建設業,stable,jppfs_cor:CostOfSales
2016985,S100G5RV,jppfs_cor:GainOnSalesOfNoncurrentAssetsEI,固定資産売却益、特別利益,new,jppfs_cor:ExtraordinaryIncome
2016986,S100G5RV,jppfs_cor:DeferredTaxAssetsIOA,繰延税金資産、投資その他の資産,stable,jppfs_cor:InvestmentsAndOtherAssets
2016987,S100G5RV,jppfs_cor:NetSales,売上高,increase_10,jppfs_cor:GrossProfit
2016988,S100G5RV,jppfs_cor:AllowanceForDoubtfulAccountsIOAByGroup,貸倒引当金、投資その他の資産、一括控除,stable,jppfs_cor:InvestmentsAndOtherAssets
2016989,S100G5RV,jppfs_cor:LossOnSalesOfGoodsNOERWY,物品売却損、営業外費用、鉄道事業,increase_20,jppfs_cor:NonOperatingExpenses
2016990,S100G5RV,jppfs_cor:AccumulatedDepreciationPPEByGroup,減価償却累計額、有形固定資産、一括控除,increase_10,jppfs_cor:PropertyPlantAndEquipment
2016991,S100G5RV,jppfs_cor:ProfitLoss,当期純利益又は当期純損失（△）（平成26年3月28日財規等改正後）,decrease_10,top_account
2016992,S100G5RV,jppfs_cor:CostOfSalesOnRealEstateBusinessCOSExpOA,不動産事業売上原価、営業活動による費用・売上原価,decrease_10,jppfs_cor:CostOfSales
2016993,S100G5RV,jppfs_cor:OtherIOA,その他、投資その他の資産,increase_10,jppfs_cor:InvestmentsAndOtherAssets
2016994,S100G5RV,jppfs_cor:OrdinaryIncome,経常利益又は経常損失（△）,stable,jppfs_cor:IncomeBeforeIncomeTaxes
2016995,S100G5RV,jppfs_cor:NotesPayableAccountsPayableForConstructionContractsAndOtherCNS,支払手形・工事未払金等、建設業,stable,jppfs_cor:CurrentLiabilities
2016996,S100G5RV,jppfs_cor:GrossProfitOnCompletedConstructionContractsCNS,完成工事総利益又は完成工事総損失（△）、建設業,increase_10,jppfs_cor:GrossProfit
2016997,S100G5RV,jppfs_cor:WorkInProcess,仕掛品,stable,jppfs_cor:CurrentAssets
2016998,S100G5RV,jppfs_cor:ProvisionForBonuses,賞与引当金,increase_10,jppfs_cor:CurrentLiabilities
2016999,S100G5RV,jppfs_cor:GrossProfitOnSideLineBusinessCNS,兼業事業総利益又は兼業事業総損失（△）、建設業,stable,jppfs_cor:GrossProfit
2017000,S100G5RV,jppfs_cor:LeaseObligationsNCL,リース債務、固定負債,increase_20,jppfs_cor:NoncurrentLiabilities
2017001,S100G5RV,jppfs_cor:CapitalStock,資本金,stable,jppfs_cor:ShareholdersEquity
2017002,S100G5RV,jppfs_cor:NetDefinedBenefitLiability,退職給付に係る負債,stable,jppfs_cor:NoncurrentLiabilities
2017003,S100G5RV,jppfs_cor:RawMaterialsAndSuppliesCNS,材料貯蔵品、建設業,increase_20,jppfs_cor:CurrentAssets
2017004,S100G5RV,jppfs_cor:ExtraordinaryIncome,特別利益,decrease_20,jppfs_cor:IncomeBeforeIncomeTaxes
2017005,S100G5RV,jppfs_cor:ExtraordinaryLoss,特別損失,decrease_20,jppfs_cor:IncomeBeforeIncomeTaxes
2017006,S100G5RV,jppfs_cor:ProvisionForDirectorsRetirementBenefits,役員退職慰労引当金,decrease_20,jppfs_cor:NoncurrentLiabilities
2017007,S100G5RV,jppfs_cor:RetainedEarnings,利益剰余金,increase_10,jppfs_cor:ShareholdersEquity
2017008,S100G5RV,jppfs_cor:SalesOnRealEstateBusinessRevOA,不動産事業売上高、営業活動による収益,increase_10,jppfs_cor:NetSales
2017009,S100G5RV,jppfs_cor:AdvancesReceivedOnUncompletedConstructionContractsCNS,未成工事受入金、建設業,new,jppfs_cor:CurrentLiabilities
2017010,S100G5RV,jppfs_cor:IncomeTaxes,法人税等,stable,jppfs_cor:ProfitLoss
2017011,S100G5RV,jppfs_cor:ProvisionForWarrantiesForCompletedConstruction,完成工事補償引当金,increase_20,jppfs_cor:CurrentLiabilities
2017012,S100G5RV,jppfs_cor:GrossProfit,売上総利益又は売上総損失（△）,increase_10,jppfs_cor:OperatingIncome
2017013,S100G5RV,jppfs_cor:IncomeBeforeIncomeTaxes,税引前当期純利益又は税引前当期純損失（△）,decrease_10,jppfs_cor:ProfitLoss
2048079,S100G3PQ,jppfs_cor:IncomeTaxesDeferred,法人税等調整額,decrease_20,jppfs_cor:IncomeTaxes
2048080,S100G3PQ,jppfs_cor:DirectorsCompensationsSGA,役員報酬、販売費及び一般管理費,stable,jppfs_cor:SellingGeneralAndAdministrativeExpenses
2048081,S100G3PQ,jppfs_cor:ToolsFurnitureAndFixtures,工具、器具及び備品,stable,jppfs_cor:ToolsFurnitureAndFixturesNet
2048082,S100G3PQ,jppfs_cor:AdvancesReceived,前受金,decrease_20,jppfs_cor:CurrentLiabilities
2048083,S100G3PQ,jpcrp030000-asr_E00977-000:ProvisionForDirectorsStockBasedRewardsNCL,役員株式給付引当金,increase_20,jppfs_cor:NoncurrentLiabilities
2048084,S100G3PQ,jppfs_cor:Buildings,建物,stable,jppfs_cor:BuildingsNet
2048085,S100G3PQ,jppfs_cor:SoftwareInProgress,ソフトウエア仮勘定,decrease_20,jppfs_cor:IntangibleAssets
2048086,S100G3PQ,jppfs_cor:OtherCL,その他、流動負債,new,jppfs_cor:CurrentLiabilities
2048087,S100G3PQ,jppfs_cor:CostOfPurchasedGoods,当期商品仕入高,decrease_10,jppfs_cor:TotalBeginningAndPurchaseOfGoods
2048088,S100G3PQ,jppfs_cor:AccruedExpenses,未払費用,increase_20,jppfs_cor:CurrentLiabilities
2048089,S100G3PQ,jppfs_cor:TaxesAndDuesSGA,租税公課、販売費及び一般管理費,stable,jppfs_cor:SellingGeneralAndAdministrativeExpenses
2048090,S100G3PQ,jppfs_cor:SuppliesExpensesSGA,消耗品費、販売費及び一般管理費,increase_20,jppfs_cor:SellingGeneralAndAdministrativeExpenses
2048091,S100G3PQ,jppfs_cor:NetSalesOfGoodsRevOA,商品売上高、営業活動による収益,decrease_10,jppfs_cor:NetSales
2048092,S100G3PQ,jppfs_cor:OtherCA,その他、流動資産,decrease_20,jppfs_cor:CurrentAssets
2048093,S100G3PQ,jppfs_cor:NetSalesOfFinishedGoodsRevOA,製品売上高、営業活動による収益,increase_10,jppfs_cor:NetSales
2048094,S100G3PQ,jppfs_cor:CapitalStock,資本金,stable,jppfs_cor:ShareholdersEquity
2048095,S100G3PQ,jppfs_cor:RawMaterialsAndSupplies,原材料及び貯蔵品,stable,jppfs_cor:CurrentAssets
2048096,S100G3PQ,jppfs_cor:TotalBeginningFinishedGoodsAndCostOfProductsManufacturedForThePeriod,合計、製品期首たな卸高及び当期製品製造原価,increase_10,jppfs_cor:CostOfFinishedGoodsSold
2048097,S100G3PQ,jppfs_cor:IncomeBeforeIncomeTaxes,税引前当期純利益又は税引前当期純損失（△）,increase_20,jppfs_cor:ProfitLoss
2048098,S100G3PQ,jppfs_cor:ValuationAndTranslationAdjustments,評価・換算差額等,decrease_10,jppfs_cor:NetAssets
2048099,S100G3PQ,jppfs_cor:NoncurrentAssets,固定資産,stable,jppfs_cor:Assets
2048100,S100G3PQ,jppfs_cor:ExtraordinaryIncome,特別利益,new,jppfs_cor:IncomeBeforeIncomeTaxes
2048101,S100G3PQ,jpcrp030000-asr_E00977-000:ProvisionForManagementBoardIncentivePlanTrustSGA,役員株式給付引当金繰入額,decrease_10,jppfs_cor:SellingGeneralAndAdministrativeExpenses
2048102,S100G3PQ,jppfs_cor:GainOnSalesOfNoncurrentAssetsEI,固定資産売却益、特別利益,new,jppfs_cor:ExtraordinaryIncome
2048103,S100G3PQ,jppfs_cor:ProvisionForBonuses,賞与引当金,stable,jppfs_cor:CurrentLiabilities
2048104,S100G3PQ,jppfs_cor:AccumulatedDepreciationLeaseAssetsPPE,減価償却累計額、リース資産、有形固定資産,increase_20,jppfs_cor:LeaseAssetsNetPPE
2048105,S100G3PQ,jppfs_cor:OtherIOA,その他、投資その他の資産,decrease_20,jppfs_cor:InvestmentsAndOtherAssets
2048106,S100G3PQ,jppfs_cor:LeaseAssetsPPE,リース資産、有形固定資産,decrease_10,jppfs_cor:LeaseAssetsNetPPE
2048107,S100G3PQ,jppfs_cor:ValuationDifferenceOnAvailableForSaleSecurities,その他有価証券評価差額金,decrease_10,jppfs_cor:ValuationAndTranslationAdjustments
2048108,S100G3PQ,jppfs_cor:GuaranteeDepositsIOA,差入保証金、投資その他の資産,stable,jppfs_cor:InvestmentsAndOtherAssets
2048109,S100G3PQ,jppfs_cor:LongTermLoansPayable,長期借入金,increase_20,jppfs_cor:NoncurrentLiabilities
2048110,S100G3PQ,jppfs_cor:LongTermAccountsPayableOther,長期未払金,stable,jppfs_cor:NoncurrentLiabilities
2048111,S100G3PQ,jppfs_cor:AccumulatedDepreciationMachineryAndEquipment,減価償却累計額、機械及び装置,increase_10,jppfs_cor:MachineryAndEquipmentNet
2048112,S100G3PQ,jppfs_cor:TravelingAndTransportationExpensesSGA,旅費及び交通費、販売費及び一般管理費,stable,jppfs_cor:SellingGeneralAndAdministrativeExpenses
2048113,S100G3PQ,jppfs_cor:Structures,構築物,stable,jppfs_cor:StructuresNet
2048114,S100G3PQ,jppfs_cor:CapitalSurplus,資本剰余金,stable,jppfs_cor:ShareholdersEquity
2048115,S100G3PQ,jppfs_cor:LegalRetainedEarnings,利益準備金,stable,jppfs_cor:RetainedEarnings
2048116,S100G3PQ,jppfs_cor:LossOnSalesOfNotesPayableNOE,手形売却損、営業外費用,decrease_10,jppfs_cor:NonOperatingExpenses
2048117,S100G3PQ,jppfs_cor:LegalCapitalSurplus,資本準備金,stable,jppfs_cor:CapitalSurplus
2048118,S100G3PQ,jppfs_cor:GeneralReserve,別途積立金,stable,jppfs_cor:RetainedEarnings
2048119,S100G3PQ,jppfs_cor:EmployeesBonusesSGA,従業員賞与、販売費及び一般管理費,increase_20,jppfs_cor:SellingGeneralAndAdministrativeExpenses
2048120,S100G3PQ,jppfs_cor:DividendsIncomeNOI,受取配当金、営業外収益,stable,jppfs_cor:NonOperatingIncome
2048121,S100G3PQ,jppfs_cor:RetirementBenefitExpensesSGA,退職給付費用、販売費及び一般管理費,stable,jppfs_cor:SellingGeneralAndAdministrativeExpenses
2048122,S100G3PQ,jppfs_cor:CompensationIncomeNOI,受取補償金、営業外収益,new,jppfs_cor:NonOperatingIncome
2048123,S100G3PQ,jppfs_cor:ShortTermLoansPayable,短期借入金,decrease_10,jppfs_cor:CurrentLiabilities
2048124,S100G3PQ,jppfs_cor:TelephoneSubscriptionRight,電話加入権,stable,jppfs_cor:IntangibleAssets
2048125,S100G3PQ,jppfs_cor:ResearchAndDevelopmentExpensesSGA,研究開発費、販売費及び一般管理費,increase_10,jppfs_cor:SellingGeneralAndAdministrativeExpenses
2048126,S100G3PQ,jppfs_cor:TotalBeginningAndPurchaseOfGoods,合計、商品期首たな卸高及び当期商品仕入高,decrease_10,jppfs_cor:CostOfGoodsSold
2048127,S100G3PQ,jppfs_cor:WorkInProcess,仕掛品,increase_20,jppfs_cor:CurrentAssets
2048128,S100G3PQ,jppfs_cor:EmployeesSalariesSGA,従業員給料、販売費及び一般管理費,stable,jppfs_cor:SellingGeneralAndAdministrativeExpenses
2048129,S100G3PQ,jppfs_cor:EndingFinishedGoodsCOS,製品期末たな卸高、売上原価,increase_20,jppfs_cor:CostOfFinishedGoodsSold
2048130,S100G3PQ,jppfs_cor:LossOnSalesOfNoncurrentAssetsEL,固定資産売却損、特別損失,new,jppfs_cor:ExtraordinaryLoss
2048131,S100G3PQ,jppfs_cor:LossOnRetirementOfNoncurrentAssetsEL,固定資産除却損、特別損失,decrease_20,jppfs_cor:ExtraordinaryLoss
2048132,S100G3PQ,jppfs_cor:IncomeTaxesCurrent,法人税、住民税及び事業税,stable,jppfs_cor:IncomeTaxes
2048133,S100G3PQ,jppfs_cor:Land,土地,stable,jppfs_cor:PropertyPlantAndEquipment
2048134,S100G3PQ,jppfs_cor:Liabilities,負債,stable,jppfs_cor:LiabilitiesAndNetAssets
2048135,S100G3PQ,jppfs_cor:EndingGoodsCOS,商品期末たな卸高、売上原価,increase_20,jppfs_cor:CostOfGoodsSold
2048136,S100G3PQ,jppfs_cor:ConstructionInProgress,建設仮勘定,decrease_20,jppfs_cor:PropertyPlantAndEquipment
2048137,S100G3PQ,jppfs_cor:FinishedGoodsTransferToOtherAccountCOS,製品他勘定振替高、売上原価,increase_20,jppfs_cor:CostOfFinishedGoodsSold
2048138,S100G3PQ,jppfs_cor:AccountsPayableOther,未払金,increase_10,jppfs_cor:CurrentLiabilities
2048139,S100G3PQ,jppfs_cor:GoodsTransferToOtherAccountCOS,商品他勘定振替高、売上原価,increase_20,jppfs_cor:CostOfGoodsSold
2048140,S100G3PQ,jppfs_cor:BeginningGoodsCOS,商品期首たな卸高、売上原価,increase_20,jppfs_cor:TotalBeginningAndPurchaseOfGoods
2048141,S100G3PQ,jppfs_cor:CostOfSales,売上原価,stable,jppfs_cor:GrossProfit
2048142,S100G3PQ,jppfs_cor:OperatingIncome,営業利益又は営業損失（△）,increase_20,jppfs_cor:OrdinaryIncome
2048143,S100G3PQ,jppfs_cor:OrdinaryIncome,経常利益又は経常損失（△）,increase_20,jppfs_cor:IncomeBeforeIncomeTaxes
2048144,S100G3PQ,jppfs_cor:PromotionExpensesSGA,販売促進費、販売費及び一般管理費,decrease_10,jppfs_cor:SellingGeneralAndAdministrativeExpenses
2048145,S100G3PQ,jppfs_cor:BeginningFinishedGoodsCOS,製品期首たな卸高、売上原価,decrease_10,jppfs_cor:TotalBeginningFinishedGoodsAndCostOfProductsManufacturedForThePeriod
2048146,S100G3PQ,jppfs_cor:ProfitLoss,当期純利益又は当期純損失（△）（平成26年3月28日財規等改正後）,increase_20,top_account
2048147,S100G3PQ,jppfs_cor:IncomeTaxes,法人税等,increase_20,jppfs_cor:ProfitLoss
2048148,S100G3PQ,jppfs_cor:ExtraordinaryLoss,特別損失,decrease_20,jppfs_cor:IncomeBeforeIncomeTaxes
2048149,S100G3PQ,jppfs_cor:InvestmentsAndOtherAssets,投資その他の資産,decrease_10,jppfs_cor:NoncurrentAssets
2048150,S100G3PQ,jppfs_cor:InvestmentsInCapital,出資金,stable,jppfs_cor:InvestmentsAndOtherAssets
2048151,S100G3PQ,jppfs_cor:RetainedEarnings,利益剰余金,increase_10,jppfs_cor:ShareholdersEquity
2048152,S100G3PQ,jppfs_cor:CurrentAssets,流動資産,decrease_10,jppfs_cor:Assets
2048153,S100G3PQ,jppfs_cor:CurrentPortionOfLongTermLoansPayable,1年内返済予定の長期借入金,decrease_20,jppfs_cor:CurrentLiabilities
2048154,S100G3PQ,jppfs_cor:RentsSGA,地代家賃、販売費及び一般管理費,stable,jppfs_cor:SellingGeneralAndAdministrativeExpenses
2048155,S100G3PQ,jppfs_cor:OtherNOI,その他、営業外収益,increase_20,jppfs_cor:NonOperatingIncome
2048156,S100G3PQ,jppfs_cor:ProvisionForBonusesSGA,賞与引当金繰入額、販売費及び一般管理費,decrease_10,jppfs_cor:SellingGeneralAndAdministrativeExpenses
2048157,S100G3PQ,jppfs_cor:SalesDiscountsNOE,売上割引、営業外費用,increase_10,jppfs_cor:NonOperatingExpenses
2048158,S100G3PQ,jppfs_cor:CashAndDeposits,現金及び預金,decrease_20,jppfs_cor:CurrentAssets
2048159,S100G3PQ,jppfs_cor:IncomeTaxesPayable,未払法人税等,stable,jppfs_cor:CurrentLiabilities
2048160,S100G3PQ,jppfs_cor:Software,ソフトウエア,new,jppfs_cor:IntangibleAssets
2048161,S100G3PQ,jppfs_cor:NetSales,売上高,increase_10,jppfs_cor:GrossProfit
2048162,S100G3PQ,jppfs_cor:CostOfProductsManufactured,当期製品製造原価,increase_20,jppfs_cor:TotalBeginningFinishedGoodsAndCostOfProductsManufacturedForThePeriod
2048163,S100G3PQ,jppfs_cor:OtherNOE,その他、営業外費用,new,jppfs_cor:NonOperatingExpenses
2048164,S100G3PQ,jppfs_cor:RepairExpensesSGA,修繕費、販売費及び一般管理費,new,jppfs_cor:SellingGeneralAndAdministrativeExpenses
2048165,S100G3PQ,jppfs_cor:PurchaseDiscountsNOI,仕入割引、営業外収益,decrease_20,jppfs_cor:NonOperatingIncome
2048166,S100G3PQ,jppfs_cor:InvestmentSecurities,投資有価証券,decrease_10,jppfs_cor:InvestmentsAndOtherAssets
2048167,S100G3PQ,jppfs_cor:IntangibleAssets,無形固定資産,increase_20,jppfs_cor:NoncurrentAssets
2048168,S100G3PQ,jppfs_cor:MerchandiseAndFinishedGoods,商品及び製品,increase_20,jppfs_cor:CurrentAssets
2048169,S100G3PQ,jppfs_cor:MachineryAndEquipment,機械及び装置,stable,jppfs_cor:MachineryAndEquipmentNet
2048170,S100G3PQ,jppfs_cor:RentExpensesSGA,賃借料、販売費及び一般管理費,stable,jppfs_cor:SellingGeneralAndAdministrativeExpenses
2048171,S100G3PQ,jppfs_cor:PropertyPlantAndEquipment,有形固定資産,stable,jppfs_cor:NoncurrentAssets
2048172,S100G3PQ,jppfs_cor:AccruedConsumptionTaxes,未払消費税等,increase_20,jppfs_cor:CurrentLiabilities
2048173,S100G3PQ,jppfs_cor:EntertainmentExpensesSGA,交際費、販売費及び一般管理費,increase_10,jppfs_cor:SellingGeneralAndAdministrativeExpenses
2048174,S100G3PQ,jppfs_cor:DepositsReceived,預り金,decrease_20,jppfs_cor:CurrentLiabilities
2048175,S100G3PQ,jppfs_cor:AdvertisingExpensesSGA,広告宣伝費、販売費及び一般管理費,increase_20,jppfs_cor:SellingGeneralAndAdministrativeExpenses
2048176,S100G3PQ,jppfs_cor:AccumulatedDepreciationBuildings,減価償却累計額、建物,stable,jppfs_cor:BuildingsNet
2048177,S100G3PQ,jppfs_cor:LeaseObligationsNCL,リース債務、固定負債,decrease_10,jppfs_cor:NoncurrentLiabilities
2048178,S100G3PQ,jppfs_cor:NonOperatingExpenses,営業外費用,increase_10,jppfs_cor:OrdinaryIncome
2048179,S100G3PQ,jppfs_cor:NonOperatingIncome,営業外収益,decrease_10,jppfs_cor:OrdinaryIncome
2048180,S100G3PQ,jppfs_cor:WelfareExpensesSGA,福利厚生費、販売費及び一般管理費,decrease_10,jppfs_cor:SellingGeneralAndAdministrativeExpenses
2048181,S100G3PQ,jppfs_cor:UtilitiesExpensesSGA,水道光熱費、販売費及び一般管理費,stable,jppfs_cor:SellingGeneralAndAdministrativeExpenses
2048182,S100G3PQ,jppfs_cor:InterestExpensesNOE,支払利息、営業外費用,decrease_10,jppfs_cor:NonOperatingExpenses
2048183,S100G3PQ,jppfs_cor:AccumulatedDepreciationStructures,減価償却累計額、構築物,stable,jppfs_cor:StructuresNet
2048184,S100G3PQ,jpcrp030000-asr_E00977-000:ProvisionForStocksPaymentSGA,株式給付引当金繰入額,decrease_20,jppfs_cor:SellingGeneralAndAdministrativeExpenses
2048185,S100G3PQ,jppfs_cor:DeferredTaxAssetsIOA,繰延税金資産、投資その他の資産,decrease_20,jppfs_cor:InvestmentsAndOtherAssets
2048186,S100G3PQ,jppfs_cor:AccountsReceivableTrade,売掛金,stable,jppfs_cor:CurrentAssets
2048187,S100G3PQ,jppfs_cor:CommissionFeeSGA,支払手数料、販売費及び一般管理費,stable,jppfs_cor:SellingGeneralAndAdministrativeExpenses
2048188,S100G3PQ,jppfs_cor:LegalWelfareExpensesSGA,法定福利費、販売費及び一般管理費,increase_10,jppfs_cor:SellingGeneralAndAdministrativeExpenses
2048189,S100G3PQ,jppfs_cor:ForeignExchangeGainsNOI,為替差益、営業外収益,decrease_20,jppfs_cor:NonOperatingIncome
2048190,S100G3PQ,jppfs_cor:InterestIncomeNOI,受取利息、営業外収益,increase_10,jppfs_cor:NonOperatingIncome
2048191,S100G3PQ,jpcrp030000-asr_E00977-000:ProvisionForStockBenefitsNCL,株式給付引当金,increase_20,jppfs_cor:NoncurrentLiabilities
2048192,S100G3PQ,jppfs_cor:LongTermGuaranteeDeposited,長期預り保証金,stable,jppfs_cor:NoncurrentLiabilities
2048193,S100G3PQ,jppfs_cor:RetainedEarningsBroughtForward,繰越利益剰余金,increase_10,jppfs_cor:RetainedEarnings
2048194,S100G3PQ,jppfs_cor:LeaseObligationsCL,リース債務、流動負債,decrease_10,jppfs_cor:CurrentLiabilities
2048195,S100G3PQ,jppfs_cor:OtherSGA,その他、販売費及び一般管理費,increase_10,jppfs_cor:SellingGeneralAndAdministrativeExpenses
2048196,S100G3PQ,jppfs_cor:DepreciationSGA,減価償却費、販売費及び一般管理費,stable,jppfs_cor:SellingGeneralAndAdministrativeExpenses
2048197,S100G3PQ,jppfs_cor:CommunicationExpensesSGA,通信費、販売費及び一般管理費,stable,jppfs_cor:SellingGeneralAndAdministrativeExpenses
2048198,S100G3PQ,jppfs_cor:CostOfFinishedGoodsSold,製品売上原価,increase_10,jppfs_cor:CostOfSales
2048199,S100G3PQ,jppfs_cor:ShareholdersEquity,株主資本,decrease_10,jppfs_cor:NetAssets
2048200,S100G3PQ,jppfs_cor:PrepaidExpenses,前払費用,stable,jppfs_cor:CurrentAssets
2048201,S100G3PQ,jppfs_cor:NotesReceivableTrade,受取手形,decrease_10,jppfs_cor:CurrentAssets
2048202,S100G3PQ,jppfs_cor:NotesPayableTrade,支払手形,increase_10,jppfs_cor:CurrentLiabilities
2048203,S100G3PQ,jppfs_cor:GrossProfit,売上総利益又は売上総損失（△）,increase_10,jppfs_cor:OperatingIncome
2048204,S100G3PQ,jppfs_cor:CostOfGoodsSold,商品売上原価,decrease_10,jppfs_cor:CostOfSales
2048205,S100G3PQ,jppfs_cor:AccumulatedDepreciationToolsFurnitureAndFixtures,減価償却累計額、工具、器具及び備品,decrease_10,jppfs_cor:ToolsFurnitureAndFixturesNet
2048206,S100G3PQ,jppfs_cor:TreasuryStock,自己株式,new,jppfs_cor:ShareholdersEquity
2048207,S100G3PQ,jppfs_cor:NoncurrentLiabilities,固定負債,increase_20,jppfs_cor:Liabilities
2048208,S100G3PQ,jppfs_cor:InsuranceExpensesSGA,保険料、販売費及び一般管理費,stable,jppfs_cor:SellingGeneralAndAdministrativeExpenses
2048209,S100G3PQ,jppfs_cor:DistributionExpensesSGA,配送費、販売費及び一般管理費,increase_10,jppfs_cor:SellingGeneralAndAdministrativeExpenses
2048210,S100G3PQ,jppfs_cor:CurrentLiabilities,流動負債,decrease_10,jppfs_cor:Liabilities
2048211,S100G3PQ,jppfs_cor:SellingGeneralAndAdministrativeExpenses,販売費及び一般管理費,increase_10,jppfs_cor:OperatingIncome
2048212,S100G3PQ,jppfs_cor:AccountsPayableTrade,買掛金,decrease_20,jppfs_cor:CurrentLiabilities
2078495,S100G1QV,jppfs_cor:OtherEL,その他、特別損失,decrease_20,jppfs_cor:ExtraordinaryLoss
2078496,S100G1QV,jppfs_cor:IncomeTaxes,法人税等,decrease_20,jppfs_cor:ProfitLoss
2078497,S100G1QV,jppfs_cor:CurrentLiabilities,流動負債,decrease_10,jppfs_cor:Liabilities
2078498,S100G1QV,jppfs_cor:CapitalStock,資本金,stable,jppfs_cor:ShareholdersEquity
2078499,S100G1QV,jppfs_cor:ExtraordinaryLoss,特別損失,decrease_20,jppfs_cor:IncomeBeforeIncomeTaxes
2078500,S100G1QV,jppfs_cor:RawMaterialsAndSupplies,原材料及び貯蔵品,stable,jppfs_cor:CurrentAssets
2078501,S100G1QV,jppfs_cor:MerchandiseAndFinishedGoods,商品及び製品,increase_10,jppfs_cor:CurrentAssets
2078502,S100G1QV,jppfs_cor:NonOperatingIncome,営業外収益,increase_20,jppfs_cor:OrdinaryIncome
2078503,S100G1QV,jppfs_cor:AccountsReceivableTrade,売掛金,decrease_10,jppfs_cor:CurrentAssets
2078504,S100G1QV,jppfs_cor:NonOperatingExpenses,営業外費用,increase_10,jppfs_cor:OrdinaryIncome
2078505,S100G1QV,jppfs_cor:MiscellaneousLossNOE,雑損失、営業外費用,decrease_20,jppfs_cor:NonOperatingExpenses
2078506,S100G1QV,jppfs_cor:AccountsPayableTrade,買掛金,decrease_10,jppfs_cor:CurrentLiabilities
2078507,S100G1QV,jppfs_cor:MiscellaneousIncomeNOI,雑収入、営業外収益,increase_20,jppfs_cor:NonOperatingIncome
2078508,S100G1QV,jppfs_cor:Land,土地,stable,jppfs_cor:PropertyPlantAndEquipment
2078509,S100G1QV,jppfs_cor:ReserveForSpecialDepreciation,特別償却準備金,increase_10,jppfs_cor:OtherRetainedEarnings
2078510,S100G1QV,jppfs_cor:Liabilities,負債,decrease_10,jppfs_cor:LiabilitiesAndNetAssets
2078511,S100G1QV,jppfs_cor:ProvisionForRetirementBenefits,退職給付引当金,increase_20,jppfs_cor:NoncurrentLiabilities
2078512,S100G1QV,jppfs_cor:PrepaidPensionCostIOA,前払年金費用、投資その他の資産,stable,jppfs_cor:InvestmentsAndOtherAssets
2078513,S100G1QV,jppfs_cor:DeferredTaxAssetsIOA,繰延税金資産、投資その他の資産,decrease_10,jppfs_cor:InvestmentsAndOtherAssets
2078514,S100G1QV,jppfs_cor:DepositsReceived,預り金,decrease_10,jppfs_cor:CurrentLiabilities
2078515,S100G1QV,jppfs_cor:IncomeTaxesCurrent,法人税、住民税及び事業税,decrease_20,jppfs_cor:IncomeTaxes
2078516,S100G1QV,jppfs_cor:OtherNCL,その他、固定負債,decrease_20,jppfs_cor:NoncurrentLiabilities
2078517,S100G1QV,jppfs_cor:OtherRetainedEarnings,その他利益剰余金,decrease_10,jppfs_cor:RetainedEarnings
2078518,S100G1QV,jppfs_cor:ValuationAndTranslationAdjustments,評価・換算差額等,decrease_20,jppfs_cor:NetAssets
2078519,S100G1QV,jppfs_cor:TreasuryStock,自己株式,decrease_20,jppfs_cor:ShareholdersEquity
2078520,S100G1QV,jppfs_cor:LegalCapitalSurplus,資本準備金,stable,jppfs_cor:CapitalSurplus
2078521,S100G1QV,jppfs_cor:ShareholdersEquity,株主資本,stable,jppfs_cor:NetAssets
2078522,S100G1QV,jppfs_cor:LegalRetainedEarnings,利益準備金,stable,jppfs_cor:RetainedEarnings
2078523,S100G1QV,jppfs_cor:LongTermLoansReceivable,長期貸付金,decrease_20,jppfs_cor:InvestmentsAndOtherAssets
2078524,S100G1QV,jppfs_cor:RetainedEarnings,利益剰余金,decrease_10,jppfs_cor:ShareholdersEquity
2078525,S100G1QV,jppfs_cor:Software,ソフトウエア,decrease_10,jppfs_cor:IntangibleAssets
2078526,S100G1QV,jppfs_cor:ShortTermLoansPayable,短期借入金,increase_20,jppfs_cor:CurrentLiabilities
2078527,S100G1QV,jppfs_cor:AllowanceForDoubtfulAccountsIOAByGroup,貸倒引当金、投資その他の資産、一括控除,stable,jppfs_cor:InvestmentsAndOtherAssets
2078528,S100G1QV,jppfs_cor:GuaranteeDepositsReceivedNCL,受入保証金、固定負債,stable,jppfs_cor:NoncurrentLiabilities
2078529,S100G1QV,jppfs_cor:InvestmentsAndOtherAssets,投資その他の資産,stable,jppfs_cor:NoncurrentAssets
2078530,S100G1QV,jppfs_cor:GeneralReserve,別途積立金,stable,jppfs_cor:OtherRetainedEarnings
2078531,S100G1QV,jppfs_cor:ConstructionInProgress,建設仮勘定,new,jppfs_cor:PropertyPlantAndEquipment
2078532,S100G1QV,jppfs_cor:CapitalSurplus,資本剰余金,decrease_10,jppfs_cor:ShareholdersEquity
2078533,S100G1QV,jppfs_cor:StocksOfSubsidiariesAndAffiliates,関係会社株式,increase_10,jppfs_cor:InvestmentsAndOtherAssets
2078534,S100G1QV,jppfs_cor:ShortTermLoansReceivable,短期貸付金,new,jppfs_cor:CurrentAssets
2078535,S100G1QV,jppfs_cor:GrossProfit,売上総利益又は売上総損失（△）,decrease_10,jppfs_cor:OperatingIncome
2078536,S100G1QV,jppfs_cor:OtherIA,その他、無形固定資産,increase_20,jppfs_cor:IntangibleAssets
2078537,S100G1QV,jppfs_cor:RetainedEarningsBroughtForward,繰越利益剰余金,decrease_10,jppfs_cor:OtherRetainedEarnings
2078538,S100G1QV,jppfs_cor:ProfitLoss,当期純利益又は当期純損失（△）（平成26年3月28日財規等改正後）,stable,top_account
2078539,S100G1QV,jppfs_cor:OtherIOA,その他、投資その他の資産,increase_10,jppfs_cor:InvestmentsAndOtherAssets
2078540,S100G1QV,jppfs_cor:AccountsPayableOther,未払金,increase_20,jppfs_cor:CurrentLiabilities
2078541,S100G1QV,jppfs_cor:ValuationDifferenceOnAvailableForSaleSecurities,その他有価証券評価差額金,decrease_20,jppfs_cor:ValuationAndTranslationAdjustments
2078542,S100G1QV,jppfs_cor:CostOfSales,売上原価,stable,jppfs_cor:GrossProfit
2078543,S100G1QV,jppfs_cor:ExtraordinaryIncome,特別利益,new,jppfs_cor:IncomeBeforeIncomeTaxes
2078544,S100G1QV,jppfs_cor:GainOnSalesOfNoncurrentAssetsEI,固定資産売却益、特別利益,new,jppfs_cor:ExtraordinaryIncome
2078545,S100G1QV,jppfs_cor:InterestAndDividendsIncomeNOI,受取利息及び配当金、営業外収益,increase_20,jppfs_cor:NonOperatingIncome
2078546,S100G1QV,jppfs_cor:OtherCL,その他、流動負債,decrease_10,jppfs_cor:CurrentLiabilities
2078547,S100G1QV,jppfs_cor:ForeignExchangeLossesNOE,為替差損、営業外費用,increase_20,jppfs_cor:NonOperatingExpenses
2078548,S100G1QV,jppfs_cor:WorkInProcess,仕掛品,stable,jppfs_cor:CurrentAssets
2078549,S100G1QV,jppfs_cor:InterestExpensesNOE,支払利息、営業外費用,increase_20,jppfs_cor:NonOperatingExpenses
2078550,S100G1QV,jppfs_cor:OperatingIncome,営業利益又は営業損失（△）,decrease_20,jppfs_cor:OrdinaryIncome
2078551,S100G1QV,jppfs_cor:PropertyPlantAndEquipment,有形固定資産,increase_10,jppfs_cor:NoncurrentAssets
2078552,S100G1QV,jppfs_cor:IncomeBeforeIncomeTaxes,税引前当期純利益又は税引前当期純損失（△）,decrease_10,jppfs_cor:ProfitLoss
2078553,S100G1QV,jppfs_cor:IntangibleAssets,無形固定資産,increase_10,jppfs_cor:NoncurrentAssets
2078554,S100G1QV,jppfs_cor:SellingGeneralAndAdministrativeExpenses,販売費及び一般管理費,increase_10,jppfs_cor:OperatingIncome
2078555,S100G1QV,jppfs_cor:ReserveForAdvancedDepreciationOfNoncurrentAssets,固定資産圧縮積立金,stable,jppfs_cor:OtherRetainedEarnings
2078556,S100G1QV,jppfs_cor:NotesReceivableTrade,受取手形,stable,jppfs_cor:CurrentAssets
2078557,S100G1QV,jppfs_cor:NoncurrentLiabilities,固定負債,stable,jppfs_cor:Liabilities
2078558,S100G1QV,jppfs_cor:InvestmentSecurities,投資有価証券,decrease_10,jppfs_cor:InvestmentsAndOtherAssets
2078559,S100G1QV,jppfs_cor:IncomeTaxesReceivable,未収還付法人税等,new,jppfs_cor:CurrentAssets
2078560,S100G1QV,jppfs_cor:OtherCA,その他、流動資産,decrease_20,jppfs_cor:CurrentAssets
2078561,S100G1QV,jppfs_cor:CurrentAssets,流動資産,stable,jppfs_cor:Assets
2078562,S100G1QV,jppfs_cor:NoncurrentAssets,固定資産,stable,jppfs_cor:Assets
2078563,S100G1QV,jppfs_cor:NetSales,売上高,decrease_10,jppfs_cor:GrossProfit
2078564,S100G1QV,jppfs_cor:LossOnSalesAndRetirementOfNoncurrentAssetsEL,固定資産除売却損、特別損失,decrease_20,jppfs_cor:ExtraordinaryLoss
2078565,S100G1QV,jppfs_cor:IncomeTaxesDeferred,法人税等調整額,decrease_20,jppfs_cor:IncomeTaxes
2078566,S100G1QV,jppfs_cor:CashAndDeposits,現金及び預金,stable,jppfs_cor:CurrentAssets
2078567,S100G1QV,jppfs_cor:AllowanceForDoubtfulAccountsCA,貸倒引当金、流動資産、一括控除,new,jppfs_cor:CurrentAssets
2078568,S100G1QV,jppfs_cor:AccruedExpenses,未払費用,decrease_20,jppfs_cor:CurrentLiabilities
2078569,S100G1QV,jppfs_cor:OrdinaryIncome,経常利益又は経常損失（△）,decrease_10,jppfs_cor:IncomeBeforeIncomeTaxes
2094067,S100G09E,jppfs_cor:NotesAndAccountsPayableTrade,支払手形及び買掛金,decrease_10,jppfs_cor:CurrentLiabilities
2094068,S100G09E,jppfs_cor:PropertyPlantAndEquipment,有形固定資産,stable,jppfs_cor:NoncurrentAssets
2094069,S100G09E,jppfs_cor:ValuationAndTranslationAdjustments,評価・換算差額等,decrease_20,jppfs_cor:NetAssets
2094070,S100G09E,jppfs_cor:SellingGeneralAndAdministrativeExpenses,販売費及び一般管理費,stable,jppfs_cor:OperatingIncome
2094071,S100G09E,jppfs_cor:OtherSGA,その他、販売費及び一般管理費,decrease_10,jppfs_cor:SellingGeneralAndAdministrativeExpenses
2094072,S100G09E,jppfs_cor:OtherCA,その他、流動資産,decrease_10,jppfs_cor:CurrentAssets
2094073,S100G09E,jppfs_cor:InterestExpensesNOE,支払利息、営業外費用,stable,jppfs_cor:NonOperatingExpenses
2094074,S100G09E,jppfs_cor:InterestIncomeNOI,受取利息、営業外収益,increase_10,jppfs_cor:NonOperatingIncome
2094075,S100G09E,jppfs_cor:IncomeBeforeIncomeTaxes,税引前当期純利益又は税引前当期純損失（△）,increase_10,jppfs_cor:ProfitLoss
2094076,S100G09E,jppfs_cor:ProvisionForProductWarranties,製品保証引当金,increase_20,jppfs_cor:CurrentLiabilities
2094077,S100G09E,jppfs_cor:GrossProfit,売上総利益又は売上総損失（△）,stable,jppfs_cor:OperatingIncome
2094078,S100G09E,jppfs_cor:RetirementBenefitExpensesSGA,退職給付費用、販売費及び一般管理費,stable,jppfs_cor:SellingGeneralAndAdministrativeExpenses
2094079,S100G09E,jppfs_cor:LossOnValuationOfInvestmentSecuritiesEL,投資有価証券評価損、特別損失,new,jppfs_cor:ExtraordinaryLoss
2094080,S100G09E,jppfs_cor:OperatingIncome,営業利益又は営業損失（△）,increase_10,jppfs_cor:OrdinaryIncome
2094081,S100G09E,jppfs_cor:OtherIA,その他、無形固定資産,decrease_20,jppfs_cor:IntangibleAssets
2094082,S100G09E,jppfs_cor:OrdinaryIncome,経常利益又は経常損失（△）,increase_10,jppfs_cor:IncomeBeforeIncomeTaxes
2094083,S100G09E,jppfs_cor:CapitalSurplus,資本剰余金,stable,jppfs_cor:ShareholdersEquity
2094084,S100G09E,jppfs_cor:ConstructionInProgress,建設仮勘定,increase_20,jppfs_cor:PropertyPlantAndEquipment
2094085,S100G09E,jppfs_cor:NotesAndAccountsReceivableTrade,受取手形及び売掛金,decrease_10,jppfs_cor:CurrentAssets
2094086,S100G09E,jppfs_cor:OtherNOI,その他、営業外収益,increase_20,jppfs_cor:NonOperatingIncome
2094087,S100G09E,jppfs_cor:OtherNCL,その他、固定負債,increase_20,jppfs_cor:NoncurrentLiabilities
2094088,S100G09E,jppfs_cor:ForeignExchangeLossesNOE,為替差損、営業外費用,new,jppfs_cor:NonOperatingExpenses
2094089,S100G09E,jppfs_cor:DividendsIncomeNOI,受取配当金、営業外収益,increase_10,jppfs_cor:NonOperatingIncome
2094090,S100G09E,jppfs_cor:Land,土地,stable,jppfs_cor:PropertyPlantAndEquipment
2094091,S100G09E,jppfs_cor:DepreciationSGA,減価償却費、販売費及び一般管理費,decrease_20,jppfs_cor:SellingGeneralAndAdministrativeExpenses
2094092,S100G09E,jppfs_cor:CashAndDeposits,現金及び預金,stable,jppfs_cor:CurrentAssets
2094093,S100G09E,jppfs_cor:PackingAndTransportationExpensesSGA,荷造運搬費、販売費及び一般管理費,increase_10,jppfs_cor:SellingGeneralAndAdministrativeExpenses
2094094,S100G09E,jppfs_cor:TreasuryStock,自己株式,stable,jppfs_cor:ShareholdersEquity
2094095,S100G09E,jppfs_cor:ForeignCurrencyTranslationAdjustment,為替換算調整勘定,decrease_20,jppfs_cor:ValuationAndTranslationAdjustments
2094096,S100G09E,jppfs_cor:GainOnSalesOfNoncurrentAssetsEI,固定資産売却益、特別利益,decrease_20,jppfs_cor:ExtraordinaryIncome
2094097,S100G09E,jppfs_cor:CompensationIncomeNOI,受取補償金、営業外収益,new,jppfs_cor:NonOperatingIncome
2094098,S100G09E,jppfs_cor:ProvisionForBonuses,賞与引当金,stable,jppfs_cor:CurrentLiabilities
2094099,S100G09E,jppfs_cor:IntangibleAssets,無形固定資産,decrease_20,jppfs_cor:NoncurrentAssets
2094100,S100G09E,jppfs_cor:ShortTermLoansPayable,短期借入金,decrease_10,jppfs_cor:CurrentLiabilities
2094101,S100G09E,jppfs_cor:NetSales,売上高,stable,jppfs_cor:GrossProfit
2094102,S100G09E,jppfs_cor:ProvisionForProductWarrantiesSGA,製品保証引当金繰入額、販売費及び一般管理費,increase_20,jppfs_cor:SellingGeneralAndAdministrativeExpenses
2094103,S100G09E,jppfs_cor:IncomeTaxesDeferred,法人税等調整額,decrease_20,jppfs_cor:IncomeTaxes
2094104,S100G09E,jppfs_cor:ElectronicallyRecordedObligationsOperatingCL,電子記録債務、流動負債,stable,jppfs_cor:CurrentLiabilities
2094105,S100G09E,jppfs_cor:InvestmentsAndOtherAssets,投資その他の資産,stable,jppfs_cor:NoncurrentAssets
2094106,S100G09E,jppfs_cor:NonOperatingExpenses,営業外費用,increase_20,jppfs_cor:OrdinaryIncome
2094107,S100G09E,jppfs_cor:IncomeTaxesPayable,未払法人税等,increase_10,jppfs_cor:CurrentLiabilities
2094108,S100G09E,jppfs_cor:OtherNOE,その他、営業外費用,increase_20,jppfs_cor:NonOperatingExpenses
2094109,S100G09E,jppfs_cor:Inventories,たな卸資産,stable,jppfs_cor:CurrentAssets
2094110,S100G09E,jppfs_cor:ProfitLoss,当期純利益又は当期純損失（△）（平成26年3月28日財規等改正後）,decrease_10,top_account
2094111,S100G09E,jppfs_cor:LongTermLoansPayable,長期借入金,decrease_20,jppfs_cor:NoncurrentLiabilities
2094112,S100G09E,jppfs_cor:NoncurrentLiabilities,固定負債,decrease_10,jppfs_cor:Liabilities
2094113,S100G09E,jppfs_cor:RemeasurementsOfDefinedBenefitPlans,退職給付に係る調整累計額,decrease_20,jppfs_cor:ValuationAndTranslationAdjustments
2094114,S100G09E,jppfs_cor:ProfitLossAttributableToOwnersOfParent,親会社株主に帰属する当期純利益又は親会社株主に帰属する当期純損失（△）,decrease_10,not_common_account
2094115,S100G09E,jppfs_cor:ProvisionForBonusesSGA,賞与引当金繰入額、販売費及び一般管理費,stable,jppfs_cor:SellingGeneralAndAdministrativeExpenses
2094116,S100G09E,jppfs_cor:OtherCL,その他、流動負債,stable,jppfs_cor:CurrentLiabilities
2094117,S100G09E,jppfs_cor:SalariesAllowancesAndBonusesSGA,給料手当及び賞与、販売費及び一般管理費,stable,jppfs_cor:SellingGeneralAndAdministrativeExpenses
2094118,S100G09E,jppfs_cor:InvestmentSecurities,投資有価証券,decrease_10,jppfs_cor:InvestmentsAndOtherAssets
2094119,S100G09E,jppfs_cor:RetainedEarnings,利益剰余金,increase_10,jppfs_cor:ShareholdersEquity
2094120,S100G09E,jppfs_cor:NetDefinedBenefitAsset,退職給付に係る資産,new,jppfs_cor:InvestmentsAndOtherAssets
2094121,S100G09E,jppfs_cor:CostOfSales,売上原価,stable,jppfs_cor:GrossProfit
2094122,S100G09E,jppfs_cor:CapitalStock,資本金,stable,jppfs_cor:ShareholdersEquity
2094123,S100G09E,jppfs_cor:NetDefinedBenefitLiability,退職給付に係る負債,stable,jppfs_cor:NoncurrentLiabilities
2094124,S100G09E,jppfs_cor:ShareholdersEquity,株主資本,stable,jppfs_cor:NetAssets
2094125,S100G09E,jppfs_cor:ProfitLossAttributableToNonControllingInterests,非支配株主に帰属する当期純利益又は非支配株主に帰属する当期純損失（△）,decrease_20,not_common_account
2094126,S100G09E,jppfs_cor:CurrentAssets,流動資産,stable,jppfs_cor:Assets
2094127,S100G09E,jppfs_cor:DeferredTaxAssetsIOA,繰延税金資産、投資その他の資産,increase_20,jppfs_cor:InvestmentsAndOtherAssets
2094128,S100G09E,jppfs_cor:AllowanceForDoubtfulAccountsCA,貸倒引当金、流動資産、一括控除,stable,jppfs_cor:CurrentAssets
2094129,S100G09E,jppfs_cor:LossOnDisposalOfNoncurrentAssetsEL,固定資産処分損、特別損失,decrease_20,jppfs_cor:ExtraordinaryLoss
2094130,S100G09E,jppfs_cor:ExtraordinaryLoss,特別損失,increase_20,jppfs_cor:IncomeBeforeIncomeTaxes
2094131,S100G09E,jppfs_cor:IncomeTaxesCurrent,法人税、住民税及び事業税,increase_20,jppfs_cor:IncomeTaxes
2094132,S100G09E,jppfs_cor:LeaseObligationsNCL,リース債務、固定負債,decrease_10,jppfs_cor:NoncurrentLiabilities
2094133,S100G09E,jppfs_cor:DeferredTaxLiabilitiesNCL,繰延税金負債、固定負債,increase_20,jppfs_cor:NoncurrentLiabilities
2094134,S100G09E,jppfs_cor:AllowanceForDoubtfulAccountsIOAByGroup,貸倒引当金、投資その他の資産、一括控除,decrease_10,jppfs_cor:InvestmentsAndOtherAssets
2094135,S100G09E,jppfs_cor:NoncurrentAssets,固定資産,stable,jppfs_cor:Assets
2094136,S100G09E,jppfs_cor:CurrentLiabilities,流動負債,stable,jppfs_cor:Liabilities
2094137,S100G09E,jppfs_cor:OtherIOA,その他、投資その他の資産,decrease_10,jppfs_cor:InvestmentsAndOtherAssets
2094138,S100G09E,jppfs_cor:ValuationDifferenceOnAvailableForSaleSecurities,その他有価証券評価差額金,decrease_20,jppfs_cor:ValuationAndTranslationAdjustments
2094139,S100G09E,jppfs_cor:NonOperatingIncome,営業外収益,increase_20,jppfs_cor:OrdinaryIncome
2094140,S100G09E,jppfs_cor:ExtraordinaryIncome,特別利益,decrease_20,jppfs_cor:IncomeBeforeIncomeTaxes
2094141,S100G09E,jppfs_cor:IncomeTaxes,法人税等,increase_20,jppfs_cor:ProfitLoss
2094142,S100G09E,jppfs_cor:Liabilities,負債,decrease_10,jppfs_cor:LiabilitiesAndNetAssets
2094143,S100G09E,jppfs_cor:LeaseObligationsCL,リース債務、流動負債,decrease_10,jppfs_cor:CurrentLiabilities
2107665,S100FW7O,jppfs_cor:InterestExpensesNOE,支払利息、営業外費用,decrease_20,jppfs_cor:NonOperatingExpenses
2107666,S100FW7O,jppfs_cor:OtherCA,その他、流動資産,decrease_20,jppfs_cor:CurrentAssets
2107667,S100FW7O,jppfs_cor:AccumulatedDepreciationBuildings,減価償却累計額、建物,increase_10,jppfs_cor:BuildingsNet
2107668,S100FW7O,jppfs_cor:AllowanceForDoubtfulAccountsCA,貸倒引当金、流動資産、一括控除,increase_10,jppfs_cor:CurrentAssets
2107669,S100FW7O,jppfs_cor:CashAndDeposits,現金及び預金,increase_10,jppfs_cor:CurrentAssets
2107670,S100FW7O,jppfs_cor:BeginningFinishedGoodsCOS,製品期首たな卸高、売上原価,increase_20,jppfs_cor:TotalBeginningFinishedGoodsAndCostOfProductsManufacturedForThePeriod
2107671,S100FW7O,jppfs_cor:LegalCapitalSurplus,資本準備金,increase_20,jppfs_cor:CapitalSurplus
2107672,S100FW7O,jppfs_cor:AccruedConsumptionTaxes,未払消費税等,increase_20,jppfs_cor:CurrentLiabilities
2107673,S100FW7O,jppfs_cor:ToolsFurnitureAndFixtures,工具、器具及び備品,increase_20,jppfs_cor:ToolsFurnitureAndFixturesNet
2107674,S100FW7O,jppfs_cor:DepositsReceived,預り金,increase_10,jppfs_cor:CurrentLiabilities
2107675,S100FW7O,jpcrp030000-asr_E26549-000:RepaymentIncomeNOI,受取弁済金,increase_20,jppfs_cor:NonOperatingIncome
2107676,S100FW7O,jppfs_cor:CurrentAssets,流動資産,increase_10,jppfs_cor:Assets
2107677,S100FW7O,jppfs_cor:ProvisionForSalesReturns,返品調整引当金,increase_20,jppfs_cor:CurrentLiabilities
2107678,S100FW7O,jppfs_cor:ShareholdersEquity,株主資本,increase_20,jppfs_cor:NetAssets
2107679,S100FW7O,jppfs_cor:CurrentLiabilities,流動負債,increase_20,jppfs_cor:Liabilities
2107680,S100FW7O,jppfs_cor:ProvisionForSalesReturnsGP,返品調整引当金繰入額、差引売上総利益,increase_20,jppfs_cor:GrossProfitNetGP
2107681,S100FW7O,jppfs_cor:ReversalOfProvisionForSalesReturnsGP,返品調整引当金戻入額、差引売上総利益,new,jppfs_cor:GrossProfitNetGP
2107682,S100FW7O,jppfs_cor:TreasuryStock,自己株式,new,jppfs_cor:ShareholdersEquity
2107683,S100FW7O,jppfs_cor:NetSales,売上高,increase_20,jppfs_cor:GrossProfit
2107684,S100FW7O,jppfs_cor:DeferredTaxAssetsCA,繰延税金資産、流動資産,increase_20,jppfs_cor:CurrentAssets
2107685,S100FW7O,jppfs_cor:NonOperatingExpenses,営業外費用,increase_20,jppfs_cor:OrdinaryIncome
2107686,S100FW7O,jpcrp030000-asr_E26549-000:SampleIncomeNOI,サンプル売却収入,decrease_20,jppfs_cor:NonOperatingIncome
2107687,S100FW7O,jppfs_cor:ImpairmentLossEL,減損損失、特別損失,new,jppfs_cor:ExtraordinaryLoss
2107688,S100FW7O,jpcrp030000-asr_E26549-000:UketorisouryouNOI,受取送料,new,jppfs_cor:NonOperatingIncome
2107689,S100FW7O,jppfs_cor:StockIssuanceCostNOE,株式交付費、営業外費用,new,jppfs_cor:NonOperatingExpenses
2107690,S100FW7O,jppfs_cor:IncomeTaxesCurrent,法人税、住民税及び事業税,increase_10,jppfs_cor:IncomeTaxes
2107691,S100FW7O,jppfs_cor:ProvisionForSalesPromotionExpenses,販売促進引当金,increase_10,jppfs_cor:CurrentLiabilities
2107692,S100FW7O,jppfs_cor:OrdinaryIncome,経常利益又は経常損失（△）,increase_20,jppfs_cor:IncomeBeforeIncomeTaxes
2107693,S100FW7O,jppfs_cor:InterestIncomeNOI,受取利息、営業外収益,increase_20,jppfs_cor:NonOperatingIncome
2107694,S100FW7O,jppfs_cor:AdvancePaymentsTrade,前渡金,new,jppfs_cor:CurrentAssets
2107695,S100FW7O,jppfs_cor:IncomeTaxesDeferred,法人税等調整額,decrease_20,jppfs_cor:IncomeTaxes
2107696,S100FW7O,jppfs_cor:AccountsReceivableTrade,売掛金,increase_20,jppfs_cor:CurrentAssets
2107697,S100FW7O,jppfs_cor:BadDebtsExpensesNOE,貸倒損失、営業外費用,new,jppfs_cor:NonOperatingExpenses
2107698,S100FW7O,jppfs_cor:SellingGeneralAndAdministrativeExpenses,販売費及び一般管理費,increase_20,jppfs_cor:OperatingIncome
2107699,S100FW7O,jppfs_cor:AdvancesReceived,前受金,increase_20,jppfs_cor:CurrentLiabilities
2107700,S100FW7O,jppfs_cor:ValuationLossOnFinishedGoodsCOS,製品評価損、売上原価,increase_20,jppfs_cor:CostOfFinishedGoodsSold
2107701,S100FW7O,jppfs_cor:CurrentPortionOfLongTermLoansPayable,1年内返済予定の長期借入金,decrease_20,jppfs_cor:CurrentLiabilities
2107702,S100FW7O,jppfs_cor:ForeignExchangeLossesNOE,為替差損、営業外費用,new,jppfs_cor:NonOperatingExpenses
2107703,S100FW7O,jppfs_cor:FinishedGoodsTransferToOtherAccountCOS,製品他勘定振替高、売上原価,increase_20,jppfs_cor:CostOfFinishedGoodsSold
2107704,S100FW7O,jppfs_cor:CostOfProductsManufactured,当期製品製造原価,increase_20,jppfs_cor:TotalBeginningFinishedGoodsAndCostOfProductsManufacturedForThePeriod
2107705,S100FW7O,jppfs_cor:RetainedEarningsBroughtForward,繰越利益剰余金,increase_20,jppfs_cor:RetainedEarnings
2107706,S100FW7O,jppfs_cor:ProvisionForShareholderBenefitProgramCL,株主優待引当金、流動負債,increase_20,jppfs_cor:CurrentLiabilities
2107707,S100FW7O,jppfs_cor:IncomeTaxes,法人税等,increase_20,jppfs_cor:ProfitLoss
2107708,S100FW7O,jppfs_cor:AccumulatedDepreciationToolsFurnitureAndFixtures,減価償却累計額、工具、器具及び備品,increase_20,jppfs_cor:ToolsFurnitureAndFixturesNet
2107709,S100FW7O,jppfs_cor:OperatingIncome,営業利益又は営業損失（△）,increase_20,jppfs_cor:OrdinaryIncome
2107710,S100FW7O,jppfs_cor:TotalBeginningFinishedGoodsAndCostOfProductsManufacturedForThePeriod,合計、製品期首たな卸高及び当期製品製造原価,increase_20,jppfs_cor:CostOfFinishedGoodsSold
2107711,S100FW7O,jppfs_cor:CapitalStock,資本金,increase_20,jppfs_cor:ShareholdersEquity
2107712,S100FW7O,jppfs_cor:PatentRight,特許権,new,jppfs_cor:IntangibleAssets
2107713,S100FW7O,jppfs_cor:FinishedGoods,製品,increase_20,jppfs_cor:CurrentAssets
2107714,S100FW7O,jppfs_cor:AccountsPayableOther,未払金,increase_20,jppfs_cor:CurrentLiabilities
2107715,S100FW7O,jppfs_cor:ConstructionInProgress,建設仮勘定,new,jppfs_cor:PropertyPlantAndEquipment
2107716,S100FW7O,jppfs_cor:ExtraordinaryLoss,特別損失,new,jppfs_cor:IncomeBeforeIncomeTaxes
2107717,S100FW7O,jppfs_cor:DeferredTaxAssetsIOA,繰延税金資産、投資その他の資産,decrease_20,jppfs_cor:InvestmentsAndOtherAssets
2107718,S100FW7O,jppfs_cor:RetainedEarnings,利益剰余金,increase_20,jppfs_cor:ShareholdersEquity
2107719,S100FW7O,jppfs_cor:GuaranteeDepositsIOA,差入保証金、投資その他の資産,new,jppfs_cor:InvestmentsAndOtherAssets
2107720,S100FW7O,jppfs_cor:CostOfFinishedGoodsSold,製品売上原価,increase_20,jppfs_cor:GrossProfit
2107721,S100FW7O,jppfs_cor:OtherCL,その他、流動負債,new,jppfs_cor:CurrentLiabilities
2107722,S100FW7O,jppfs_cor:CapitalSurplus,資本剰余金,increase_20,jppfs_cor:ShareholdersEquity
2107723,S100FW7O,jppfs_cor:Software,ソフトウエア,decrease_10,jppfs_cor:IntangibleAssets
2107724,S100FW7O,jppfs_cor:OtherNOE,その他、営業外費用,stable,jppfs_cor:NonOperatingExpenses
2107725,S100FW7O,jppfs_cor:OtherNOI,その他、営業外収益,increase_20,jppfs_cor:NonOperatingIncome
2107726,S100FW7O,jppfs_cor:WorkInProcess,仕掛品,increase_20,jppfs_cor:CurrentAssets
2107727,S100FW7O,jppfs_cor:ProfitLoss,当期純利益又は当期純損失（△）（平成26年3月28日財規等改正後）,increase_20,top_account
2107728,S100FW7O,jppfs_cor:AssetRetirementObligationsCL,資産除去債務、流動負債,new,jppfs_cor:CurrentLiabilities
2107729,S100FW7O,jppfs_cor:EndingFinishedGoodsCOS,製品期末たな卸高、売上原価,increase_20,jppfs_cor:CostOfFinishedGoodsSold
2107730,S100FW7O,jppfs_cor:AccountsPayableTrade,買掛金,increase_20,jppfs_cor:CurrentLiabilities
2107731,S100FW7O,jppfs_cor:Buildings,建物,decrease_20,jppfs_cor:BuildingsNet
2107732,S100FW7O,jppfs_cor:Liabilities,負債,increase_10,jppfs_cor:LiabilitiesAndNetAssets
2107733,S100FW7O,jppfs_cor:PrepaidExpenses,前払費用,decrease_20,jppfs_cor:CurrentAssets
2107734,S100FW7O,jppfs_cor:NoncurrentAssets,固定資産,increase_20,jppfs_cor:Assets
2107735,S100FW7O,jppfs_cor:RightOfTrademark,商標権,increase_20,jppfs_cor:IntangibleAssets
2107736,S100FW7O,jppfs_cor:GrossProfit,売上総利益又は売上総損失（△）,increase_20,jppfs_cor:GrossProfitNetGP
2107737,S100FW7O,jppfs_cor:GrossProfitNetGP,差引売上総利益又は差引売上総損失（△）、売上総利益,increase_20,jppfs_cor:OperatingIncome
2107738,S100FW7O,jppfs_cor:RawMaterialsAndSupplies,原材料及び貯蔵品,decrease_10,jppfs_cor:CurrentAssets
2107739,S100FW7O,jppfs_cor:PropertyPlantAndEquipment,有形固定資産,increase_20,jppfs_cor:NoncurrentAssets
2107740,S100FW7O,jppfs_cor:CommissionForPurchaseOfTreasuryStockNOE,自己株式取得費用、営業外費用,new,jppfs_cor:NonOperatingExpenses
2107741,S100FW7O,jppfs_cor:IncomeTaxesPayable,未払法人税等,decrease_10,jppfs_cor:CurrentLiabilities
2107742,S100FW7O,jppfs_cor:IncomeBeforeIncomeTaxes,税引前当期純利益又は税引前当期純損失（△）,increase_20,jppfs_cor:ProfitLoss
2107743,S100FW7O,jppfs_cor:IntangibleAssets,無形固定資産,increase_10,jppfs_cor:NoncurrentAssets
2107744,S100FW7O,jppfs_cor:CommissionFeeNOI,受取手数料、営業外収益,new,jppfs_cor:NonOperatingIncome
2107745,S100FW7O,jppfs_cor:NonOperatingIncome,営業外収益,increase_20,jppfs_cor:OrdinaryIncome
2107746,S100FW7O,jppfs_cor:InvestmentsAndOtherAssets,投資その他の資産,new,jppfs_cor:NoncurrentAssets
2122376,S100FTGD,jppfs_cor:InvestmentSecurities,投資有価証券,decrease_10,jppfs_cor:InvestmentsAndOtherAssets
2122377,S100FTGD,jppfs_cor:SellingGeneralAndAdministrativeExpenses,販売費及び一般管理費,increase_10,jppfs_cor:OperatingIncome
2122378,S100FTGD,jppfs_cor:CostOfSales,売上原価,increase_10,jppfs_cor:GrossProfit
2122379,S100FTGD,jppfs_cor:NonOperatingExpenses,営業外費用,stable,jppfs_cor:OrdinaryIncome
2122380,S100FTGD,jppfs_cor:OtherCL,その他、流動負債,increase_20,jppfs_cor:CurrentLiabilities
2122381,S100FTGD,jppfs_cor:ProfitLoss,当期純利益又は当期純損失（△）（平成26年3月28日財規等改正後）,increase_20,top_account
2122382,S100FTGD,jppfs_cor:InterestExpensesNOE,支払利息、営業外費用,decrease_20,jppfs_cor:NonOperatingExpenses
2122383,S100FTGD,jppfs_cor:LeaseObligationsCL,リース債務、流動負債,decrease_10,jppfs_cor:CurrentLiabilities
2122384,S100FTGD,jppfs_cor:ForeignExchangeGainsNOI,為替差益、営業外収益,new,jppfs_cor:NonOperatingIncome
2122385,S100FTGD,jppfs_cor:IntangibleAssets,無形固定資産,stable,jppfs_cor:NoncurrentAssets
2122386,S100FTGD,jpcrp030000-asr_E00973-000:ProvisionFor,従業員株式給付引当金,increase_20,jppfs_cor:NoncurrentLiabilities
2122387,S100FTGD,jppfs_cor:NonOperatingIncome,営業外収益,increase_20,jppfs_cor:OrdinaryIncome
2122388,S100FTGD,jppfs_cor:ProfitLossAttributableToNonControllingInterests,非支配株主に帰属する当期純利益又は非支配株主に帰属する当期純損失（△）,decrease_20,not_common_account
2122389,S100FTGD,jppfs_cor:ValuationAndTranslationAdjustments,評価・換算差額等,increase_20,jppfs_cor:NetAssets
2122390,S100FTGD,jppfs_cor:RawMaterialsAndSupplies,原材料及び貯蔵品,stable,jppfs_cor:CurrentAssets
2122391,S100FTGD,jppfs_cor:NotesAndAccountsPayableTrade,支払手形及び買掛金,stable,jppfs_cor:CurrentLiabilities
2122392,S100FTGD,jppfs_cor:OtherCA,その他、流動資産,increase_20,jppfs_cor:CurrentAssets
2122393,S100FTGD,jppfs_cor:NotesAndAccountsReceivableTrade,受取手形及び売掛金,increase_20,jppfs_cor:CurrentAssets
2122394,S100FTGD,jpcrp030000-asr_E00973-000:LossOnVoluntaryRecallEL,自主回収関連損失,new,jppfs_cor:ExtraordinaryLoss
2122395,S100FTGD,jppfs_cor:NetDefinedBenefitLiability,退職給付に係る負債,increase_10,jppfs_cor:NoncurrentLiabilities
2122396,S100FTGD,jppfs_cor:CashAndDeposits,現金及び預金,increase_20,jppfs_cor:CurrentAssets
2122397,S100FTGD,jppfs_cor:ExtraordinaryIncome,特別利益,increase_10,jppfs_cor:IncomeBeforeIncomeTaxes
2122398,S100FTGD,jppfs_cor:ShortTermLoansPayable,短期借入金,increase_20,jppfs_cor:CurrentLiabilities
2122399,S100FTGD,jppfs_cor:OtherIOA,その他、投資その他の資産,decrease_20,jppfs_cor:InvestmentsAndOtherAssets
2122400,S100FTGD,jppfs_cor:ValuationDifferenceOnAvailableForSaleSecurities,その他有価証券評価差額金,increase_20,jppfs_cor:ValuationAndTranslationAdjustments
2122401,S100FTGD,jppfs_cor:OtherEI,その他、特別利益,new,jppfs_cor:ExtraordinaryIncome
2122402,S100FTGD,jppfs_cor:InterestIncomeNOI,受取利息、営業外収益,stable,jppfs_cor:NonOperatingIncome
2122403,S100FTGD,jppfs_cor:ProvisionForBonuses,賞与引当金,increase_10,jppfs_cor:CurrentLiabilities
2122404,S100FTGD,jppfs_cor:OtherNOE,その他、営業外費用,decrease_20,jppfs_cor:NonOperatingExpenses
2122405,S100FTGD,jppfs_cor:OtherEL,その他、特別損失,new,jppfs_cor:ExtraordinaryLoss
2122406,S100FTGD,jppfs_cor:InvestmentsAndOtherAssets,投資その他の資産,decrease_10,jppfs_cor:NoncurrentAssets
2122407,S100FTGD,jppfs_cor:LeaseObligationsNCL,リース債務、固定負債,decrease_20,jppfs_cor:NoncurrentLiabilities
2122408,S100FTGD,jppfs_cor:IncomeTaxes,法人税等,increase_20,jppfs_cor:ProfitLoss
2122409,S100FTGD,jppfs_cor:RemeasurementsOfDefinedBenefitPlans,退職給付に係る調整累計額,increase_10,jppfs_cor:ValuationAndTranslationAdjustments
2122410,S100FTGD,jppfs_cor:NetDefinedBenefitAsset,退職給付に係る資産,increase_10,jppfs_cor:InvestmentsAndOtherAssets
2122411,S100FTGD,jppfs_cor:LongTermLoansPayable,長期借入金,decrease_20,jppfs_cor:NoncurrentLiabilities
2122412,S100FTGD,jppfs_cor:ProvisionForLossOnGuarantees,債務保証損失引当金,decrease_20,jppfs_cor:NoncurrentLiabilities
2122413,S100FTGD,jppfs_cor:LossOnRedemptionOfSecuritiesNOE,有価証券償還損、営業外費用,new,jppfs_cor:NonOperatingExpenses
2122414,S100FTGD,jppfs_cor:ProvisionForDirectorsBonuses,役員賞与引当金,stable,jppfs_cor:CurrentLiabilities
2122415,S100FTGD,jppfs_cor:ShareholdersEquity,株主資本,increase_10,jppfs_cor:NetAssets
2122416,S100FTGD,jppfs_cor:IncomeTaxesDeferred,法人税等調整額,decrease_20,jppfs_cor:IncomeTaxes
2122417,S100FTGD,jppfs_cor:AllowanceForDoubtfulAccountsIOAByGroup,貸倒引当金、投資その他の資産、一括控除,increase_10,jppfs_cor:InvestmentsAndOtherAssets
2122418,S100FTGD,jppfs_cor:ForeignCurrencyTranslationAdjustment,為替換算調整勘定,decrease_10,jppfs_cor:ValuationAndTranslationAdjustments
2122419,S100FTGD,jppfs_cor:OtherNOI,その他、営業外収益,increase_10,jppfs_cor:NonOperatingIncome
2122420,S100FTGD,jppfs_cor:LossOnDisposalOfNoncurrentAssetsEL,固定資産処分損、特別損失,increase_20,jppfs_cor:ExtraordinaryLoss
2122421,S100FTGD,jppfs_cor:MerchandiseAndFinishedGoods,商品及び製品,increase_20,jppfs_cor:CurrentAssets
2122422,S100FTGD,jppfs_cor:ShortTermInvestmentSecurities,有価証券,decrease_20,jppfs_cor:CurrentAssets
2122423,S100FTGD,jppfs_cor:CapitalStock,資本金,stable,jppfs_cor:ShareholdersEquity
2122424,S100FTGD,jppfs_cor:Liabilities,負債,increase_10,jppfs_cor:LiabilitiesAndNetAssets
2122425,S100FTGD,jppfs_cor:WorkInProcess,仕掛品,decrease_10,jppfs_cor:CurrentAssets
2122426,S100FTGD,jppfs_cor:IncomeBeforeIncomeTaxes,税引前当期純利益又は税引前当期純損失（△）,increase_20,jppfs_cor:ProfitLoss
2122427,S100FTGD,jppfs_cor:TreasuryStock,自己株式,stable,jppfs_cor:ShareholdersEquity
2122428,S100FTGD,jppfs_cor:DividendsIncomeNOI,受取配当金、営業外収益,stable,jppfs_cor:NonOperatingIncome
2122429,S100FTGD,jppfs_cor:CapitalSurplus,資本剰余金,stable,jppfs_cor:ShareholdersEquity
2122430,S100FTGD,jppfs_cor:ConstructionInProgress,建設仮勘定,new,jppfs_cor:PropertyPlantAndEquipment
2122431,S100FTGD,jppfs_cor:GrossProfit,売上総利益又は売上総損失（△）,increase_10,jppfs_cor:OperatingIncome
2122432,S100FTGD,jppfs_cor:InsuranceIncomeNOI,受取保険金、営業外収益,new,jppfs_cor:NonOperatingIncome
2122433,S100FTGD,jppfs_cor:DeferredTaxAssetsIOA,繰延税金資産、投資その他の資産,decrease_20,jppfs_cor:InvestmentsAndOtherAssets
2122434,S100FTGD,jppfs_cor:PropertyPlantAndEquipment,有形固定資産,stable,jppfs_cor:NoncurrentAssets
2122435,S100FTGD,jppfs_cor:IncomeTaxesCurrent,法人税、住民税及び事業税,increase_20,jppfs_cor:IncomeTaxes
2122436,S100FTGD,jppfs_cor:ProfitLossAttributableToOwnersOfParent,親会社株主に帰属する当期純利益又は親会社株主に帰属する当期純損失（△）,increase_20,not_common_account
2122437,S100FTGD,jppfs_cor:ExtraordinaryLoss,特別損失,new,jppfs_cor:IncomeBeforeIncomeTaxes
2122438,S100FTGD,jppfs_cor:RetainedEarnings,利益剰余金,increase_20,jppfs_cor:ShareholdersEquity
2122439,S100FTGD,jppfs_cor:Land,土地,stable,jppfs_cor:PropertyPlantAndEquipment
2122440,S100FTGD,jppfs_cor:NetSales,売上高,increase_10,jppfs_cor:GrossProfit
2122441,S100FTGD,jppfs_cor:OtherNCL,その他、固定負債,decrease_20,jppfs_cor:NoncurrentLiabilities
2122442,S100FTGD,jppfs_cor:NoncurrentLiabilities,固定負債,decrease_20,jppfs_cor:Liabilities
2122443,S100FTGD,jppfs_cor:NoncurrentAssets,固定資産,stable,jppfs_cor:Assets
2122444,S100FTGD,jppfs_cor:CurrentAssets,流動資産,increase_10,jppfs_cor:Assets
2122445,S100FTGD,jppfs_cor:CurrentLiabilities,流動負債,increase_20,jppfs_cor:Liabilities
2122446,S100FTGD,jppfs_cor:OrdinaryIncome,経常利益又は経常損失（△）,increase_20,jppfs_cor:IncomeBeforeIncomeTaxes
2122447,S100FTGD,jppfs_cor:IncomeTaxesPayable,未払法人税等,decrease_10,jppfs_cor:CurrentLiabilities
2122448,S100FTGD,jppfs_cor:OperatingIncome,営業利益又は営業損失（△）,increase_20,jppfs_cor:OrdinaryIncome
2122449,S100FTGD,jppfs_cor:ReversalOfProvisionForLossOnGuaranteesEI,債務保証損失引当金戻入額、特別利益,new,jppfs_cor:ExtraordinaryIncome
2136260,S100FI6Z,jppfs_cor:NoncurrentAssets,固定資産,decrease_10,jppfs_cor:Assets
2136261,S100FI6Z,jppfs_cor:ValuationDifferenceOnAvailableForSaleSecurities,その他有価証券評価差額金,decrease_20,jppfs_cor:ValuationAndTranslationAdjustments
2136262,S100FI6Z,jppfs_cor:CurrentLiabilities,流動負債,stable,jppfs_cor:Liabilities
2136263,S100FI6Z,jppfs_cor:GainOnSalesOfNoncurrentAssetsEI,固定資産売却益、特別利益,decrease_20,jppfs_cor:ExtraordinaryIncome
2136264,S100FI6Z,jppfs_cor:DividendsIncomeNOI,受取配当金、営業外収益,increase_20,jppfs_cor:NonOperatingIncome
2136265,S100FI6Z,jppfs_cor:ExtraordinaryIncome,特別利益,increase_20,jppfs_cor:IncomeBeforeIncomeTaxes
2136266,S100FI6Z,jppfs_cor:ProvisionForDirectorsBonuses,役員賞与引当金,stable,jppfs_cor:CurrentLiabilities
2136267,S100FI6Z,jppfs_cor:ProvisionForProductWarranties,製品保証引当金,decrease_10,jppfs_cor:CurrentLiabilities
2136268,S100FI6Z,jppfs_cor:GrossProfit,売上総利益又は売上総損失（△）,stable,jppfs_cor:OperatingIncome
2136269,S100FI6Z,jppfs_cor:IncomeTaxesCurrent,法人税、住民税及び事業税,increase_10,jppfs_cor:IncomeTaxes
2136270,S100FI6Z,jppfs_cor:CurrentAssets,流動資産,stable,jppfs_cor:Assets
2136271,S100FI6Z,jppfs_cor:ShortTermInvestmentSecurities,有価証券,increase_20,jppfs_cor:CurrentAssets
2136272,S100FI6Z,jppfs_cor:TreasuryStock,自己株式,stable,jppfs_cor:ShareholdersEquity
2136273,S100FI6Z,jppfs_cor:ProvisionForEnvironmentalMeasuresNCL,環境対策引当金、固定負債,decrease_20,jppfs_cor:NoncurrentLiabilities
2136274,S100FI6Z,jppfs_cor:DeferredGainsOrLossesOnHedges,繰延ヘッジ損益,stable,jppfs_cor:ValuationAndTranslationAdjustments
2136275,S100FI6Z,jppfs_cor:ProvisionForProductWarrantiesNCL,製品保証引当金、固定負債,decrease_20,jppfs_cor:NoncurrentLiabilities
2136276,S100FI6Z,jppfs_cor:OtherNCL,その他、固定負債,stable,jppfs_cor:NoncurrentLiabilities
2136277,S100FI6Z,jppfs_cor:OtherIA,その他、無形固定資産,decrease_10,jppfs_cor:IntangibleAssets
2136278,S100FI6Z,jppfs_cor:ReversalOfProvisionForProductWarrantiesEI,製品保証引当金戻入額、特別利益,decrease_10,jppfs_cor:ExtraordinaryIncome
2136279,S100FI6Z,jppfs_cor:ForeignCurrencyTranslationAdjustment,為替換算調整勘定,decrease_20,jppfs_cor:ValuationAndTranslationAdjustments
2136280,S100FI6Z,jppfs_cor:OtherIOA,その他、投資その他の資産,increase_10,jppfs_cor:InvestmentsAndOtherAssets
2136281,S100FI6Z,jppfs_cor:PropertyPlantAndEquipment,有形固定資産,decrease_10,jppfs_cor:NoncurrentAssets
2136282,S100FI6Z,jppfs_cor:InterestIncomeNOI,受取利息、営業外収益,increase_10,jppfs_cor:NonOperatingIncome
2136283,S100FI6Z,jppfs_cor:ProfitLossAttributableToOwnersOfParent,親会社株主に帰属する当期純利益又は親会社株主に帰属する当期純損失（△）,increase_10,not_common_account
2136284,S100FI6Z,jppfs_cor:ForeignExchangeLossesNOE,為替差損、営業外費用,new,jppfs_cor:NonOperatingExpenses
2136285,S100FI6Z,jppfs_cor:NoncurrentLiabilities,固定負債,decrease_10,jppfs_cor:Liabilities
2136286,S100FI6Z,jppfs_cor:LongTermLoansReceivable,長期貸付金,stable,jppfs_cor:InvestmentsAndOtherAssets
2136287,S100FI6Z,jppfs_cor:CashAndDeposits,現金及び預金,increase_10,jppfs_cor:CurrentAssets
2136288,S100FI6Z,jppfs_cor:IncomeTaxesDeferred,法人税等調整額,decrease_20,jppfs_cor:IncomeTaxes
2136289,S100FI6Z,jppfs_cor:ProfitLossAttributableToNonControllingInterests,非支配株主に帰属する当期純利益又は非支配株主に帰属する当期純損失（△）,increase_20,not_common_account
2136290,S100FI6Z,jppfs_cor:Liabilities,負債,decrease_10,jppfs_cor:LiabilitiesAndNetAssets
2136291,S100FI6Z,jppfs_cor:OtherCL,その他、流動負債,decrease_10,jppfs_cor:CurrentLiabilities
2136292,S100FI6Z,jppfs_cor:InterestExpensesNOE,支払利息、営業外費用,increase_20,jppfs_cor:NonOperatingExpenses
2136293,S100FI6Z,jppfs_cor:RemeasurementsOfDefinedBenefitPlans,退職給付に係る調整累計額,stable,jppfs_cor:ValuationAndTranslationAdjustments
2136294,S100FI6Z,jppfs_cor:CostOfSales,売上原価,stable,jppfs_cor:GrossProfit
2136295,S100FI6Z,jppfs_cor:IncomeTaxesPayable,未払法人税等,increase_20,jppfs_cor:CurrentLiabilities
2136296,S100FI6Z,jppfs_cor:LossOnDisposalOfNoncurrentAssetsEL,固定資産処分損、特別損失,decrease_20,jppfs_cor:ExtraordinaryLoss
2136297,S100FI6Z,jppfs_cor:CommissionFeeNOE,支払手数料、営業外費用,decrease_10,jppfs_cor:NonOperatingExpenses
2136298,S100FI6Z,jppfs_cor:RentIncomeNOI,受取賃貸料、営業外収益,stable,jppfs_cor:NonOperatingIncome
2136299,S100FI6Z,jppfs_cor:ExtraordinaryLoss,特別損失,decrease_20,jppfs_cor:IncomeBeforeIncomeTaxes
2136300,S100FI6Z,jppfs_cor:InsuranceIncomeEI,受取保険金、特別利益,decrease_20,jppfs_cor:ExtraordinaryIncome
2136301,S100FI6Z,jppfs_cor:OtherCA,その他、流動資産,increase_10,jppfs_cor:CurrentAssets
2136302,S100FI6Z,jppfs_cor:InvestmentsAndOtherAssets,投資その他の資産,decrease_20,jppfs_cor:NoncurrentAssets
2136303,S100FI6Z,jppfs_cor:CapitalStock,資本金,stable,jppfs_cor:ShareholdersEquity
2136304,S100FI6Z,jppfs_cor:ConstructionInProgress,建設仮勘定,increase_20,jppfs_cor:PropertyPlantAndEquipment
2136305,S100FI6Z,jppfs_cor:ProvisionForDirectorsRetirementBenefits,役員退職慰労引当金,increase_10,jppfs_cor:NoncurrentLiabilities
2136306,S100FI6Z,jppfs_cor:AllowanceForDoubtfulAccountsCA,貸倒引当金、流動資産、一括控除,increase_20,jppfs_cor:CurrentAssets
2136307,S100FI6Z,jppfs_cor:SellingGeneralAndAdministrativeExpenses,販売費及び一般管理費,stable,jppfs_cor:OperatingIncome
2136308,S100FI6Z,jppfs_cor:DeferredTaxAssetsCA,繰延税金資産、流動資産,decrease_20,jppfs_cor:CurrentAssets
2136309,S100FI6Z,jppfs_cor:DeferredTaxLiabilitiesNCL,繰延税金負債、固定負債,decrease_20,jppfs_cor:NoncurrentLiabilities
2136310,S100FI6Z,jppfs_cor:NotesAndAccountsReceivableTrade,受取手形及び売掛金,stable,jppfs_cor:CurrentAssets
2136311,S100FI6Z,jppfs_cor:NotesAndAccountsPayableTrade,支払手形及び買掛金,stable,jppfs_cor:CurrentLiabilities
2136312,S100FI6Z,jppfs_cor:IncomeTaxes,法人税等,increase_20,jppfs_cor:ProfitLoss
2136313,S100FI6Z,jppfs_cor:ProfitLoss,当期純利益又は当期純損失（△）（平成26年3月28日財規等改正後）,increase_10,top_account
2136314,S100FI6Z,jppfs_cor:ProvisionForBonuses,賞与引当金,decrease_20,jppfs_cor:CurrentLiabilities
2136315,S100FI6Z,jppfs_cor:ValuationAndTranslationAdjustments,評価・換算差額等,decrease_20,jppfs_cor:NetAssets
2136316,S100FI6Z,jppfs_cor:LossOnValuationOfInvestmentSecuritiesEL,投資有価証券評価損、特別損失,new,jppfs_cor:ExtraordinaryLoss
2136317,S100FI6Z,jppfs_cor:OtherNOE,その他、営業外費用,decrease_10,jppfs_cor:NonOperatingExpenses
2136318,S100FI6Z,jppfs_cor:GainOnSalesOfInvestmentSecuritiesEI,投資有価証券売却益、特別利益,new,jppfs_cor:ExtraordinaryIncome
2136319,S100FI6Z,jppfs_cor:RentExpensesOnNoncurrentAssetsNOE,固定資産賃貸費用、営業外費用,stable,jppfs_cor:NonOperatingExpenses
2136320,S100FI6Z,jppfs_cor:ImpairmentLossEL,減損損失、特別損失,stable,jppfs_cor:ExtraordinaryLoss
2136321,S100FI6Z,jppfs_cor:AccountsPayableOther,未払金,stable,jppfs_cor:CurrentLiabilities
2136322,S100FI6Z,jppfs_cor:Goodwill,のれん,decrease_20,jppfs_cor:IntangibleAssets
2136323,S100FI6Z,jppfs_cor:LossOnValuationOfStocksOfSubsidiariesAndAffiliatesEL,関係会社株式評価損、特別損失,new,jppfs_cor:ExtraordinaryLoss
2136324,S100FI6Z,jppfs_cor:DeferredTaxAssetsIOA,繰延税金資産、投資その他の資産,increase_20,jppfs_cor:InvestmentsAndOtherAssets
2136325,S100FI6Z,jppfs_cor:IncomeBeforeIncomeTaxes,税引前当期純利益又は税引前当期純損失（△）,increase_20,jppfs_cor:ProfitLoss
2136326,S100FI6Z,jppfs_cor:OperatingIncome,営業利益又は営業損失（△）,decrease_20,jppfs_cor:OrdinaryIncome
2136327,S100FI6Z,jppfs_cor:CapitalSurplus,資本剰余金,stable,jppfs_cor:ShareholdersEquity
2136328,S100FI6Z,jppfs_cor:Inventories,たな卸資産,stable,jppfs_cor:CurrentAssets
2136329,S100FI6Z,jppfs_cor:OtherNOI,その他、営業外収益,increase_10,jppfs_cor:NonOperatingIncome
2136330,S100FI6Z,jppfs_cor:NonOperatingExpenses,営業外費用,increase_20,jppfs_cor:OrdinaryIncome
2136331,S100FI6Z,jppfs_cor:IntangibleAssets,無形固定資産,decrease_10,jppfs_cor:NoncurrentAssets
2136332,S100FI6Z,jppfs_cor:ShortTermLoansPayable,短期借入金,stable,jppfs_cor:CurrentLiabilities
2136333,S100FI6Z,jppfs_cor:Land,土地,stable,jppfs_cor:PropertyPlantAndEquipment
2136334,S100FI6Z,jppfs_cor:RetainedEarnings,利益剰余金,increase_10,jppfs_cor:ShareholdersEquity
2136335,S100FI6Z,jppfs_cor:ProvisionForLossOnBusinessLiquidationCL,事業整理損失引当金、流動負債,new,jppfs_cor:CurrentLiabilities
2136336,S100FI6Z,jppfs_cor:InvestmentSecurities,投資有価証券,decrease_20,jppfs_cor:InvestmentsAndOtherAssets
2136337,S100FI6Z,jppfs_cor:AllowanceForDoubtfulAccountsIOAByGroup,貸倒引当金、投資その他の資産、一括控除,decrease_10,jppfs_cor:InvestmentsAndOtherAssets
2136338,S100FI6Z,jpcrp030000-asr_E02379-000:ProvisionForTheRepairOfProductsOnRecallCL,製品事故処理費用引当金,decrease_20,jppfs_cor:CurrentLiabilities
2136339,S100FI6Z,jppfs_cor:NonOperatingIncome,営業外収益,increase_10,jppfs_cor:OrdinaryIncome
2136340,S100FI6Z,jppfs_cor:NetSales,売上高,stable,jppfs_cor:GrossProfit
2136341,S100FI6Z,jppfs_cor:ShareholdersEquity,株主資本,stable,jppfs_cor:NetAssets
2136342,S100FI6Z,jpcrp030000-asr_E02379-000:LossOnOrganizeBusinessEL,事業整理損失,new,jppfs_cor:ExtraordinaryLoss
2136343,S100FI6Z,jppfs_cor:OrdinaryIncome,経常利益又は経常損失（△）,decrease_20,jppfs_cor:IncomeBeforeIncomeTaxes
2136344,S100FI6Z,jppfs_cor:NetDefinedBenefitLiability,退職給付に係る負債,increase_10,jppfs_cor:NoncurrentLiabilities
2179353,S100ETMD,jppfs_cor:IncomeBeforeIncomeTaxes,税引前当期純利益又は税引前当期純損失（△）,decrease_20,jppfs_cor:ProfitLoss
2179354,S100ETMD,jppfs_cor:Merchandise,商品,stable,jppfs_cor:CurrentAssets
2179355,S100ETMD,jppfs_cor:LongTermGuaranteeDeposited,長期預り保証金,stable,jppfs_cor:NoncurrentLiabilities
2179356,S100ETMD,jppfs_cor:GainOnSalesOfGoodsNOI,物品売却益、営業外収益,stable,jppfs_cor:NonOperatingIncome
2179357,S100ETMD,jppfs_cor:DirectorsCompensationsSGA,役員報酬、販売費及び一般管理費,stable,jppfs_cor:SellingGeneralAndAdministrativeExpenses
2179358,S100ETMD,jppfs_cor:GrossProfit,売上総利益又は売上総損失（△）,stable,jppfs_cor:OperatingGrossProfit
2179359,S100ETMD,jppfs_cor:LongTermLoansReceivable,長期貸付金,stable,jppfs_cor:InvestmentsAndOtherAssets
2179360,S100ETMD,jppfs_cor:Liabilities,負債,increase_10,jppfs_cor:LiabilitiesAndNetAssets
2179361,S100ETMD,jppfs_cor:AccumulatedDepreciationBuildingsAndStructures,減価償却累計額、建物及び構築物,increase_10,jppfs_cor:BuildingsAndStructuresNet
2179362,S100ETMD,jppfs_cor:OperatingGrossProfit,営業総利益又は営業総損失（△）,stable,jppfs_cor:OperatingIncome
2179363,S100ETMD,jppfs_cor:PropertyPlantAndEquipment,有形固定資産,decrease_10,jppfs_cor:NoncurrentAssets
2179364,S100ETMD,jppfs_cor:ProvisionForBonuses,賞与引当金,decrease_10,jppfs_cor:CurrentLiabilities
2179365,S100ETMD,jppfs_cor:DeferredTaxAssetsCA,繰延税金資産、流動資産,decrease_20,jppfs_cor:CurrentAssets
2179366,S100ETMD,jppfs_cor:IncomeTaxesPayable,未払法人税等,increase_20,jppfs_cor:CurrentLiabilities
2179367,S100ETMD,jppfs_cor:BuildingsAndStructures,建物及び構築物,increase_10,jppfs_cor:BuildingsAndStructuresNet
2179368,S100ETMD,jppfs_cor:AccumulatedDepreciationOtherPPE,減価償却累計額、その他、有形固定資産,increase_10,jppfs_cor:OtherNetPPE
2179369,S100ETMD,jppfs_cor:ValuationDifferenceOnAvailableForSaleSecurities,その他有価証券評価差額金,stable,jppfs_cor:ValuationAndTranslationAdjustments
2179370,S100ETMD,jppfs_cor:NetSales,売上高,stable,jppfs_cor:GrossProfit
2179371,S100ETMD,jppfs_cor:OtherIOA,その他、投資その他の資産,stable,jppfs_cor:InvestmentsAndOtherAssets
2179372,S100ETMD,jppfs_cor:RemeasurementsOfDefinedBenefitPlans,退職給付に係る調整累計額,decrease_20,jppfs_cor:ValuationAndTranslationAdjustments
2179373,S100ETMD,jppfs_cor:AssetRetirementObligationsNCL,資産除去債務、固定負債,increase_20,jppfs_cor:NoncurrentLiabilities
2179374,S100ETMD,jppfs_cor:LongTermLoansPayable,長期借入金,increase_20,jppfs_cor:NoncurrentLiabilities
2179375,S100ETMD,jppfs_cor:ProfitLoss,当期純利益又は当期純損失（△）（平成26年3月28日財規等改正後）,decrease_20,top_account
2179376,S100ETMD,jppfs_cor:ConstructionInProgress,建設仮勘定,decrease_20,jppfs_cor:PropertyPlantAndEquipment
2179377,S100ETMD,jppfs_cor:LeaseAssetsPPE,リース資産、有形固定資産,decrease_20,jppfs_cor:LeaseAssetsNetPPE
2179378,S100ETMD,jppfs_cor:ProfitLossAttributableToOwnersOfParent,親会社株主に帰属する当期純利益又は親会社株主に帰属する当期純損失（△）,decrease_20,not_common_account
2179379,S100ETMD,jppfs_cor:ProfitLossAttributableToNonControllingInterests,非支配株主に帰属する当期純利益又は非支配株主に帰属する当期純損失（△）,stable,not_common_account
2179380,S100ETMD,jppfs_cor:DeferredTaxAssetsIOA,繰延税金資産、投資その他の資産,increase_20,jppfs_cor:InvestmentsAndOtherAssets
2179381,S100ETMD,jppfs_cor:CommissionFeeNOI,受取手数料、営業外収益,stable,jppfs_cor:NonOperatingIncome
2179382,S100ETMD,jppfs_cor:DividendsIncomeNOI,受取配当金、営業外収益,increase_20,jppfs_cor:NonOperatingIncome
2179383,S100ETMD,jppfs_cor:CapitalSurplus,資本剰余金,stable,jppfs_cor:ShareholdersEquity
2179384,S100ETMD,jpcrp030000-asr_E03173-000:ProvisionForLossOnStoreSubleaseNCL,転貸損失引当金,decrease_20,jppfs_cor:NoncurrentLiabilities
2179385,S100ETMD,jppfs_cor:Land,土地,stable,jppfs_cor:PropertyPlantAndEquipment
2179386,S100ETMD,jppfs_cor:NoncurrentLiabilities,固定負債,increase_10,jppfs_cor:Liabilities
2179387,S100ETMD,jppfs_cor:AccountsPayableTrade,買掛金,stable,jppfs_cor:CurrentLiabilities
2179388,S100ETMD,jppfs_cor:OtherNCL,その他、固定負債,new,jppfs_cor:NoncurrentLiabilities
2179389,S100ETMD,jppfs_cor:ProvisionForDirectorsRetirementBenefitsSGA,役員退職慰労引当金繰入額、販売費及び一般管理費,increase_10,jppfs_cor:SellingGeneralAndAdministrativeExpenses
2179390,S100ETMD,jppfs_cor:OtherNOI,その他、営業外収益,increase_20,jppfs_cor:NonOperatingIncome
2179391,S100ETMD,jppfs_cor:CurrentLiabilities,流動負債,increase_10,jppfs_cor:Liabilities
2179392,S100ETMD,jppfs_cor:CurrentAssets,流動資産,increase_20,jppfs_cor:Assets
2179393,S100ETMD,jppfs_cor:AccruedExpenses,未払費用,decrease_10,jppfs_cor:CurrentLiabilities
2179394,S100ETMD,jppfs_cor:OrdinaryIncome,経常利益又は経常損失（△）,stable,jppfs_cor:IncomeBeforeIncomeTaxes
2179395,S100ETMD,jppfs_cor:ProvisionForBonusesSGA,賞与引当金繰入額、販売費及び一般管理費,decrease_10,jppfs_cor:SellingGeneralAndAdministrativeExpenses
2179396,S100ETMD,jppfs_cor:OperatingIncome,営業利益又は営業損失（△）,decrease_10,jppfs_cor:OrdinaryIncome
2179397,S100ETMD,jppfs_cor:ShortTermLoansPayable,短期借入金,decrease_20,jppfs_cor:CurrentLiabilities
2179398,S100ETMD,jppfs_cor:RentExpensesOnRealEstatesNOE,不動産賃貸費用、営業外費用,increase_10,jppfs_cor:NonOperatingExpenses
2179399,S100ETMD,jppfs_cor:OtherNOE,その他、営業外費用,decrease_10,jppfs_cor:NonOperatingExpenses
2179400,S100ETMD,jppfs_cor:ImpairmentLossEL,減損損失、特別損失,new,jppfs_cor:ExtraordinaryLoss
2179401,S100ETMD,jppfs_cor:RetirementBenefitExpensesSGA,退職給付費用、販売費及び一般管理費,stable,jppfs_cor:SellingGeneralAndAdministrativeExpenses
2179402,S100ETMD,jppfs_cor:IncomeTaxesDeferred,法人税等調整額,decrease_20,jppfs_cor:IncomeTaxes
2179403,S100ETMD,jppfs_cor:InvestmentsAndOtherAssets,投資その他の資産,stable,jppfs_cor:NoncurrentAssets
2179404,S100ETMD,jppfs_cor:SellingGeneralAndAdministrativeExpenses,販売費及び一般管理費,stable,jppfs_cor:OperatingIncome
2179405,S100ETMD,jppfs_cor:ShortTermInvestmentSecurities,有価証券,new,jppfs_cor:CurrentAssets
2179406,S100ETMD,jppfs_cor:OtherPPE,その他、有形固定資産,stable,jppfs_cor:OtherNetPPE
2179407,S100ETMD,jppfs_cor:LeaseObligationsNCL,リース債務、固定負債,decrease_10,jppfs_cor:NoncurrentLiabilities
2179408,S100ETMD,jppfs_cor:LeaseObligationsCL,リース債務、流動負債,stable,jppfs_cor:CurrentLiabilities
2179409,S100ETMD,jppfs_cor:IntangibleAssets,無形固定資産,increase_10,jppfs_cor:NoncurrentAssets
2179410,S100ETMD,jppfs_cor:AccumulatedDepreciationRealEstateForRent,減価償却累計額、賃貸不動産,increase_10,jppfs_cor:RealEstateForRentNet
2179411,S100ETMD,jppfs_cor:TreasuryStock,自己株式,stable,jppfs_cor:ShareholdersEquity
2179412,S100ETMD,jppfs_cor:ShareholdersEquity,株主資本,decrease_10,jppfs_cor:NetAssets
2179413,S100ETMD,jppfs_cor:NoncurrentAssets,固定資産,stable,jppfs_cor:Assets
2179414,S100ETMD,jppfs_cor:NetDefinedBenefitLiability,退職給付に係る負債,stable,jppfs_cor:NoncurrentLiabilities
2179415,S100ETMD,jppfs_cor:MachineryEquipmentAndVehicles,機械装置及び運搬具,stable,jppfs_cor:MachineryEquipmentAndVehiclesNet
2179416,S100ETMD,jppfs_cor:OperatingRevenue2,営業収入,stable,jppfs_cor:OperatingGrossProfit
2179417,S100ETMD,jppfs_cor:OtherCA,その他、流動資産,stable,jppfs_cor:CurrentAssets
2179418,S100ETMD,jppfs_cor:ProvisionForDirectorsRetirementBenefits,役員退職慰労引当金,increase_10,jppfs_cor:NoncurrentLiabilities
2179419,S100ETMD,jppfs_cor:OtherCL,その他、流動負債,decrease_10,jppfs_cor:CurrentLiabilities
2179420,S100ETMD,jppfs_cor:SalariesAndBonusesSGA,給料及び賞与、販売費及び一般管理費,increase_10,jppfs_cor:SellingGeneralAndAdministrativeExpenses
2179421,S100ETMD,jppfs_cor:CurrentPortionOfLongTermLoansPayable,1年内返済予定の長期借入金,increase_20,jppfs_cor:CurrentLiabilities
2179422,S100ETMD,jppfs_cor:ExtraordinaryLoss,特別損失,new,jppfs_cor:IncomeBeforeIncomeTaxes
2179423,S100ETMD,jppfs_cor:RealEstateForRentNet,賃貸不動産,stable,jppfs_cor:InvestmentsAndOtherAssets
2179424,S100ETMD,jppfs_cor:IncomeTaxesCurrent,法人税、住民税及び事業税,increase_10,jppfs_cor:IncomeTaxes
2179425,S100ETMD,jppfs_cor:RealEstateRentNOI,不動産賃貸料、営業外収益,increase_10,jppfs_cor:NonOperatingIncome
2179426,S100ETMD,jppfs_cor:RealEstateForRent,賃貸不動産,increase_10,jppfs_cor:RealEstateForRentNet
2179427,S100ETMD,jppfs_cor:AccumulatedDepreciationLeaseAssetsPPE,減価償却累計額、リース資産、有形固定資産,increase_20,jppfs_cor:LeaseAssetsNetPPE
2179428,S100ETMD,jppfs_cor:NonOperatingExpenses,営業外費用,decrease_10,jppfs_cor:OrdinaryIncome
2179429,S100ETMD,jppfs_cor:AccountsReceivableTrade,売掛金,increase_10,jppfs_cor:CurrentAssets
2179430,S100ETMD,jppfs_cor:NonOperatingIncome,営業外収益,increase_10,jppfs_cor:OrdinaryIncome
2179431,S100ETMD,jppfs_cor:CashAndDeposits,現金及び預金,increase_20,jppfs_cor:CurrentAssets
2179432,S100ETMD,jppfs_cor:InterestIncomeNOI,受取利息、営業外収益,stable,jppfs_cor:NonOperatingIncome
2179433,S100ETMD,jppfs_cor:CostOfSales,売上原価,stable,jppfs_cor:GrossProfit
2179434,S100ETMD,jppfs_cor:GuaranteeDepositsIOA,差入保証金、投資その他の資産,stable,jppfs_cor:InvestmentsAndOtherAssets
2179435,S100ETMD,jppfs_cor:AccumulatedDepreciationMachineryEquipmentAndVehicles,減価償却累計額、機械装置及び運搬具,increase_10,jppfs_cor:MachineryEquipmentAndVehiclesNet
2179436,S100ETMD,jppfs_cor:IncomeTaxes,法人税等,decrease_20,jppfs_cor:ProfitLoss
2179437,S100ETMD,jppfs_cor:InvestmentSecurities,投資有価証券,stable,jppfs_cor:InvestmentsAndOtherAssets
2179438,S100ETMD,jppfs_cor:RetainedEarnings,利益剰余金,decrease_10,jppfs_cor:ShareholdersEquity
2179439,S100ETMD,jppfs_cor:Supplies,貯蔵品,increase_20,jppfs_cor:CurrentAssets
2179440,S100ETMD,jppfs_cor:LossOnRetirementOfNoncurrentAssetsEL,固定資産除却損、特別損失,increase_20,jppfs_cor:ExtraordinaryLoss
2179441,S100ETMD,jppfs_cor:ValuationAndTranslationAdjustments,評価・換算差額等,new,jppfs_cor:NetAssets
2179442,S100ETMD,jppfs_cor:CapitalStock,資本金,stable,jppfs_cor:ShareholdersEquity
2179443,S100ETMD,jppfs_cor:InterestExpensesNOE,支払利息、営業外費用,stable,jppfs_cor:NonOperatingExpenses
2179444,S100ETMD,jppfs_cor:OtherSGA,その他、販売費及び一般管理費,stable,jppfs_cor:SellingGeneralAndAdministrativeExpenses
2179445,S100ETMD,jppfs_cor:RentExpensesSGA,賃借料、販売費及び一般管理費,stable,jppfs_cor:SellingGeneralAndAdministrativeExpenses
2200594,S100E634,jppfs_cor:LongTermPrepaidExpenses,長期前払費用,decrease_10,jppfs_cor:InvestmentsAndOtherAssets
2200595,S100E634,jppfs_cor:ValuationDifferenceOnAvailableForSaleSecurities,その他有価証券評価差額金,increase_20,jppfs_cor:ValuationAndTranslationAdjustments
2200596,S100E634,jppfs_cor:ConstructionAssistanceFundReceivables,建設協力金,decrease_10,jppfs_cor:InvestmentsAndOtherAssets
2200597,S100E634,jppfs_cor:InsuranceIncomeNOI,受取保険金、営業外収益,new,jppfs_cor:NonOperatingIncome
2200598,S100E634,jppfs_cor:InsuranceExpensesSGA,保険料、販売費及び一般管理費,stable,jppfs_cor:SellingGeneralAndAdministrativeExpenses
2200599,S100E634,jppfs_cor:UtilitiesExpensesSGA,水道光熱費、販売費及び一般管理費,increase_20,jppfs_cor:SellingGeneralAndAdministrativeExpenses
2200600,S100E634,jppfs_cor:CurrentPortionOfLongTermLoansPayable,1年内返済予定の長期借入金,decrease_20,jppfs_cor:CurrentLiabilities
2200601,S100E634,jppfs_cor:TreasuryStock,自己株式,stable,jppfs_cor:ShareholdersEquity
2200602,S100E634,jppfs_cor:LegalRetainedEarnings,利益準備金,stable,jppfs_cor:RetainedEarnings
2200603,S100E634,jppfs_cor:AllowanceForDoubtfulAccountsCA,貸倒引当金、流動資産、一括控除,decrease_20,jppfs_cor:CurrentAssets
2200604,S100E634,jppfs_cor:VehicleExpensesSGA,車両費、販売費及び一般管理費,increase_10,jppfs_cor:SellingGeneralAndAdministrativeExpenses
2200605,S100E634,jppfs_cor:NoncurrentLiabilities,固定負債,increase_20,jppfs_cor:Liabilities
2200606,S100E634,jppfs_cor:DeferredTaxAssetsIOA,繰延税金資産、投資その他の資産,increase_10,jppfs_cor:InvestmentsAndOtherAssets
2200607,S100E634,jppfs_cor:DividendsIncomeNOI,受取配当金、営業外収益,stable,jppfs_cor:NonOperatingIncome
2200608,S100E634,jppfs_cor:ExtraordinaryIncome,特別利益,decrease_20,jppfs_cor:IncomeBeforeIncomeTaxes
2200609,S100E634,jppfs_cor:CapitalSurplus,資本剰余金,stable,jppfs_cor:ShareholdersEquity
2200610,S100E634,jpcrp030000-asr_E31216-000:LeaseFeeSGA,リース料,decrease_20,jppfs_cor:SellingGeneralAndAdministrativeExpenses
2200611,S100E634,jppfs_cor:EndingGoodsCOS,商品期末たな卸高、売上原価,decrease_10,jppfs_cor:CostOfSales
2200612,S100E634,jppfs_cor:AccountsPayableTrade,買掛金,stable,jppfs_cor:CurrentLiabilities
2200613,S100E634,jppfs_cor:Software,ソフトウエア,stable,jppfs_cor:IntangibleAssets
2200614,S100E634,jppfs_cor:IncomeTaxesPayable,未払法人税等,decrease_20,jppfs_cor:CurrentLiabilities
2200615,S100E634,jppfs_cor:CommissionFeeSGA,支払手数料、販売費及び一般管理費,increase_10,jppfs_cor:SellingGeneralAndAdministrativeExpenses
2200616,S100E634,jppfs_cor:IntangibleAssets,無形固定資産,decrease_10,jppfs_cor:NoncurrentAssets
2200617,S100E634,jppfs_cor:LongTermLoansPayable,長期借入金,new,jppfs_cor:NoncurrentLiabilities
2200618,S100E634,jppfs_cor:ProvisionOfAllowanceForDoubtfulAccountsSGA,貸倒引当金繰入額、販売費及び一般管理費,decrease_20,jppfs_cor:SellingGeneralAndAdministrativeExpenses
2200619,S100E634,jppfs_cor:ValuationAndTranslationAdjustments,評価・換算差額等,increase_20,jppfs_cor:NetAssets
2200620,S100E634,jppfs_cor:ExtraordinaryLoss,特別損失,decrease_20,jppfs_cor:IncomeBeforeIncomeTaxes
2200621,S100E634,jppfs_cor:IncomeTaxes,法人税等,stable,jppfs_cor:ProfitLoss
2200622,S100E634,jppfs_cor:InvestmentSecurities,投資有価証券,stable,jppfs_cor:InvestmentsAndOtherAssets
2200623,S100E634,jppfs_cor:DeferredTaxAssetsCA,繰延税金資産、流動資産,decrease_20,jppfs_cor:CurrentAssets
2200624,S100E634,jppfs_cor:ConstructionInProgress,建設仮勘定,decrease_20,jppfs_cor:PropertyPlantAndEquipment
2200625,S100E634,jppfs_cor:NetSalesOfGoodsRevOA,商品売上高、営業活動による収益,stable,jppfs_cor:NetSales
2200626,S100E634,jppfs_cor:CostOfSales,売上原価,stable,jppfs_cor:GrossProfit
2200627,S100E634,jppfs_cor:NoncurrentAssets,固定資産,increase_20,jppfs_cor:Assets
2200628,S100E634,jppfs_cor:CashAndDeposits,現金及び預金,increase_20,jppfs_cor:CurrentAssets
2200629,S100E634,jppfs_cor:AccountsPayableOther,未払金,increase_20,jppfs_cor:CurrentLiabilities
2200630,S100E634,jppfs_cor:CurrentAssets,流動資産,increase_10,jppfs_cor:Assets
2200631,S100E634,jppfs_cor:PromotionExpensesSGA,販売促進費、販売費及び一般管理費,increase_10,jppfs_cor:SellingGeneralAndAdministrativeExpenses
2200632,S100E634,jppfs_cor:StationeryExpensesSGA,事務用品費、販売費及び一般管理費,decrease_10,jppfs_cor:SellingGeneralAndAdministrativeExpenses
2200633,S100E634,jppfs_cor:AccruedExpenses,未払費用,decrease_10,jppfs_cor:CurrentLiabilities
2200634,S100E634,jppfs_cor:AssetRetirementObligationsNCL,資産除去債務、固定負債,increase_20,jppfs_cor:NoncurrentLiabilities
2200635,S100E634,jppfs_cor:NotesReceivableTrade,受取手形,stable,jppfs_cor:CurrentAssets
2200636,S100E634,jppfs_cor:DepreciationSGA,減価償却費、販売費及び一般管理費,increase_20,jppfs_cor:SellingGeneralAndAdministrativeExpenses
2200637,S100E634,jppfs_cor:ExperimentAndResearchExpensesSGA,試験研究費、販売費及び一般管理費,decrease_20,jppfs_cor:SellingGeneralAndAdministrativeExpenses
2200638,S100E634,jppfs_cor:LeaseAndGuaranteeDeposits,敷金及び保証金,increase_20,jppfs_cor:InvestmentsAndOtherAssets
2200639,S100E634,jppfs_cor:AllowanceForDoubtfulAccountsIOAByGroup,貸倒引当金、投資その他の資産、一括控除,decrease_20,jppfs_cor:InvestmentsAndOtherAssets
2200640,S100E634,jppfs_cor:WelfareExpensesSGA,福利厚生費、販売費及び一般管理費,increase_10,jppfs_cor:SellingGeneralAndAdministrativeExpenses
2200641,S100E634,jppfs_cor:CommunicationExpensesSGA,通信費、販売費及び一般管理費,increase_10,jppfs_cor:SellingGeneralAndAdministrativeExpenses
2200642,S100E634,jppfs_cor:CurrentLiabilities,流動負債,decrease_10,jppfs_cor:Liabilities
2200643,S100E634,jppfs_cor:ClaimsProvableInBankruptcyClaimsProvableInRehabilitationAndOther,破産更生債権等,new,jppfs_cor:InvestmentsAndOtherAssets
2200644,S100E634,jppfs_cor:BusinessConsignmentExpensesSGA,業務委託費、販売費及び一般管理費,increase_10,jppfs_cor:SellingGeneralAndAdministrativeExpenses
2200645,S100E634,jppfs_cor:InsuranceFunds,保険積立金,stable,jppfs_cor:InvestmentsAndOtherAssets
2200646,S100E634,jppfs_cor:RentExpensesSGA,賃借料、販売費及び一般管理費,increase_20,jppfs_cor:SellingGeneralAndAdministrativeExpenses
2200647,S100E634,jppfs_cor:OtherNOI,その他、営業外収益,decrease_20,jppfs_cor:NonOperatingIncome
2200648,S100E634,jppfs_cor:NonOperatingIncome,営業外収益,increase_20,jppfs_cor:OrdinaryIncome
2200649,S100E634,jppfs_cor:NetSales,売上高,stable,jppfs_cor:GrossProfit
2200650,S100E634,jppfs_cor:FreightageAndPackingExpensesSGA,運賃及び荷造費、販売費及び一般管理費,stable,jppfs_cor:SellingGeneralAndAdministrativeExpenses
2200651,S100E634,jppfs_cor:ProvisionForRetirementBenefits,退職給付引当金,increase_10,jppfs_cor:NoncurrentLiabilities
2200652,S100E634,jppfs_cor:AmortizationOfGoodwillSGA,のれん償却額、販売費及び一般管理費,decrease_20,jppfs_cor:SellingGeneralAndAdministrativeExpenses
2200653,S100E634,jppfs_cor:PrepaidExpenses,前払費用,increase_20,jppfs_cor:CurrentAssets
2200654,S100E634,jppfs_cor:RetainedEarningsBroughtForward,繰越利益剰余金,increase_20,jppfs_cor:RetainedEarnings
2200655,S100E634,jppfs_cor:OtherIA,その他、無形固定資産,decrease_10,jppfs_cor:IntangibleAssets
2200656,S100E634,jppfs_cor:SuppliesExpensesSGA,消耗品費、販売費及び一般管理費,increase_10,jppfs_cor:SellingGeneralAndAdministrativeExpenses
2200657,S100E634,jppfs_cor:NonOperatingExpenses,営業外費用,decrease_20,jppfs_cor:OrdinaryIncome
2200658,S100E634,jppfs_cor:GrossProfit,売上総利益又は売上総損失（△）,increase_10,jppfs_cor:OperatingIncome
2200659,S100E634,jppfs_cor:ShareholdersEquity,株主資本,increase_10,jppfs_cor:NetAssets
2200660,S100E634,jppfs_cor:TravelingAndTransportationExpensesSGA,旅費及び交通費、販売費及び一般管理費,increase_10,jppfs_cor:SellingGeneralAndAdministrativeExpenses
2200661,S100E634,jppfs_cor:BonusesSGA,賞与、販売費及び一般管理費,stable,jppfs_cor:SellingGeneralAndAdministrativeExpenses
2200662,S100E634,jppfs_cor:InvestmentsAndOtherAssets,投資その他の資産,increase_10,jppfs_cor:NoncurrentAssets
2200663,S100E634,jppfs_cor:Liabilities,負債,increase_20,jppfs_cor:LiabilitiesAndNetAssets
2200664,S100E634,jppfs_cor:OtherCA,その他、流動資産,decrease_20,jppfs_cor:CurrentAssets
2200665,S100E634,jppfs_cor:CostOfPurchasedGoods,当期商品仕入高,decrease_10,jppfs_cor:TotalBeginningAndPurchaseOfGoods
2200666,S100E634,jppfs_cor:LossOnSalesAndRetirementOfNoncurrentAssetsEL,固定資産除売却損、特別損失,decrease_20,jppfs_cor:ExtraordinaryLoss
2200667,S100E634,jppfs_cor:GainOnSalesOfNoncurrentAssetsEI,固定資産売却益、特別利益,decrease_20,jppfs_cor:ExtraordinaryIncome
2200668,S100E634,jppfs_cor:CommissionFeeNOI,受取手数料、営業外収益,increase_20,jppfs_cor:NonOperatingIncome
2200669,S100E634,jppfs_cor:AdvertisingExpensesSGA,広告宣伝費、販売費及び一般管理費,stable,jppfs_cor:SellingGeneralAndAdministrativeExpenses
2200670,S100E634,jppfs_cor:OtherCL,その他、流動負債,increase_20,jppfs_cor:CurrentLiabilities
2200671,S100E634,jppfs_cor:TotalBeginningAndPurchaseOfGoods,合計、商品期首たな卸高及び当期商品仕入高,stable,jppfs_cor:CostOfSales
2200672,S100E634,jppfs_cor:Land,土地,stable,jppfs_cor:PropertyPlantAndEquipment
2200673,S100E634,jppfs_cor:SalariesAndAllowancesSGA,給料及び手当、販売費及び一般管理費,increase_10,jppfs_cor:SellingGeneralAndAdministrativeExpenses
2200674,S100E634,jppfs_cor:InterestExpensesNOE,支払利息、営業外費用,decrease_20,jppfs_cor:NonOperatingExpenses
2200675,S100E634,jppfs_cor:AccountsReceivableTrade,売掛金,stable,jppfs_cor:CurrentAssets
2200676,S100E634,jppfs_cor:RetirementBenefitExpensesSGA,退職給付費用、販売費及び一般管理費,stable,jppfs_cor:SellingGeneralAndAdministrativeExpenses
2200677,S100E634,jppfs_cor:ServiceSalesRevOA,サービス売上高、営業活動による収益,increase_10,jppfs_cor:NetSales
2200678,S100E634,jppfs_cor:PropertyPlantAndEquipment,有形固定資産,increase_20,jppfs_cor:NoncurrentAssets
2200679,S100E634,jppfs_cor:ProvisionForDirectorsRetirementBenefitsSGA,役員退職慰労引当金繰入額、販売費及び一般管理費,increase_10,jppfs_cor:SellingGeneralAndAdministrativeExpenses
2200680,S100E634,jppfs_cor:OtherNCL,その他、固定負債,stable,jppfs_cor:NoncurrentLiabilities
2200681,S100E634,jppfs_cor:IncomeTaxesDeferred,法人税等調整額,decrease_20,jppfs_cor:IncomeTaxes
2200682,S100E634,jppfs_cor:Merchandise,商品,decrease_10,jppfs_cor:CurrentAssets
2200683,S100E634,jppfs_cor:OtherIOA,その他、投資その他の資産,new,jppfs_cor:InvestmentsAndOtherAssets
2200684,S100E634,jppfs_cor:ProvisionForBonuses,賞与引当金,increase_10,jppfs_cor:CurrentLiabilities
2200685,S100E634,jppfs_cor:InterestIncomeNOI,受取利息、営業外収益,increase_20,jppfs_cor:NonOperatingIncome
2200686,S100E634,jppfs_cor:CapitalStock,資本金,stable,jppfs_cor:ShareholdersEquity
2200687,S100E634,jppfs_cor:BeginningGoodsCOS,商品期首たな卸高、売上原価,increase_20,jppfs_cor:TotalBeginningAndPurchaseOfGoods
2200688,S100E634,jppfs_cor:OtherSGA,その他、販売費及び一般管理費,increase_10,jppfs_cor:SellingGeneralAndAdministrativeExpenses
2200689,S100E634,jppfs_cor:ProvisionForDirectorsRetirementBenefits,役員退職慰労引当金,stable,jppfs_cor:NoncurrentLiabilities
2200690,S100E634,jppfs_cor:LegalCapitalSurplus,資本準備金,stable,jppfs_cor:CapitalSurplus
2200691,S100E634,jppfs_cor:RetainedEarnings,利益剰余金,increase_20,jppfs_cor:ShareholdersEquity
2200692,S100E634,jppfs_cor:IncomeTaxesCurrent,法人税、住民税及び事業税,decrease_10,jppfs_cor:IncomeTaxes
2200693,S100E634,jppfs_cor:ProvisionForBonusesSGA,賞与引当金繰入額、販売費及び一般管理費,increase_10,jppfs_cor:SellingGeneralAndAdministrativeExpenses
2200694,S100E634,jppfs_cor:IncomeBeforeIncomeTaxes,税引前当期純利益又は税引前当期純損失（△）,decrease_10,jppfs_cor:ProfitLoss
2200695,S100E634,jppfs_cor:ForeignExchangeGainsNOI,為替差益、営業外収益,new,jppfs_cor:NonOperatingIncome
2200696,S100E634,jppfs_cor:OrdinaryIncome,経常利益又は経常損失（△）,decrease_10,jppfs_cor:IncomeBeforeIncomeTaxes
2200697,S100E634,jppfs_cor:LegalWelfareExpensesSGA,法定福利費、販売費及び一般管理費,increase_10,jppfs_cor:SellingGeneralAndAdministrativeExpenses
2200698,S100E634,jppfs_cor:Supplies,貯蔵品,stable,jppfs_cor:CurrentAssets
2200699,S100E634,jppfs_cor:TaxesAndDuesSGA,租税公課、販売費及び一般管理費,increase_10,jppfs_cor:SellingGeneralAndAdministrativeExpenses
2200700,S100E634,jppfs_cor:SellingGeneralAndAdministrativeExpenses,販売費及び一般管理費,increase_10,jppfs_cor:OperatingIncome
2200701,S100E634,jppfs_cor:OperatingIncome,営業利益又は営業損失（△）,decrease_10,jppfs_cor:OrdinaryIncome
2200702,S100E634,jppfs_cor:ProfitLoss,当期純利益又は当期純損失（△）（平成26年3月28日財規等改正後）,decrease_10,top_account
2200703,S100E634,jppfs_cor:DirectorsCompensationsSGA,役員報酬、販売費及び一般管理費,increase_10,jppfs_cor:SellingGeneralAndAdministrativeExpenses
2206010,S100E0WR,jppfs_cor:RetainedEarnings,利益剰余金,decrease_10,jppfs_cor:ShareholdersEquity
2206011,S100E0WR,jppfs_cor:DeferredTaxLiabilitiesCL,繰延税金負債、流動負債,new,jppfs_cor:CurrentLiabilities
2206012,S100E0WR,jppfs_cor:CurrentPortionOfLongTermLoansPayable,1年内返済予定の長期借入金,decrease_10,jppfs_cor:CurrentLiabilities
2206013,S100E0WR,jppfs_cor:LongTermLoansPayable,長期借入金,decrease_20,jppfs_cor:NoncurrentLiabilities
2206014,S100E0WR,jppfs_cor:DividendsIncomeNOI,受取配当金、営業外収益,increase_20,jppfs_cor:NonOperatingIncome
2206015,S100E0WR,jppfs_cor:ShortTermLoansPayable,短期借入金,increase_20,jppfs_cor:CurrentLiabilities
2206016,S100E0WR,jppfs_cor:SubsidyIncomeNOIBounty,助成金収入、営業外収益,increase_20,jppfs_cor:NonOperatingIncome
2206017,S100E0WR,jppfs_cor:CapitalStock,資本金,stable,jppfs_cor:ShareholdersEquity
2206018,S100E0WR,jppfs_cor:Land,土地,stable,jppfs_cor:PropertyPlantAndEquipment
2206019,S100E0WR,jppfs_cor:Goodwill,のれん,decrease_10,jppfs_cor:IntangibleAssets
2206020,S100E0WR,jppfs_cor:ImpairmentLossEL,減損損失、特別損失,new,jppfs_cor:ExtraordinaryLoss
2206021,S100E0WR,jppfs_cor:PropertyPlantAndEquipment,有形固定資産,decrease_10,jppfs_cor:NoncurrentAssets
2206022,S100E0WR,jppfs_cor:GrossProfit,売上総利益又は売上総損失（△）,stable,jppfs_cor:OperatingIncome
2206023,S100E0WR,jppfs_cor:DeferredTaxLiabilitiesNCL,繰延税金負債、固定負債,decrease_20,jppfs_cor:NoncurrentLiabilities
2206024,S100E0WR,jppfs_cor:NoncurrentAssets,固定資産,decrease_10,jppfs_cor:Assets
2206025,S100E0WR,jppfs_cor:ProfitLoss,当期純利益又は当期純損失（△）（平成26年3月28日財規等改正後）,decrease_20,top_account
2206026,S100E0WR,jppfs_cor:NonOperatingIncome,営業外収益,decrease_10,jppfs_cor:OrdinaryIncome
2206027,S100E0WR,jppfs_cor:IncomeTaxesCurrent,法人税、住民税及び事業税,decrease_20,jppfs_cor:IncomeTaxes
2206028,S100E0WR,jppfs_cor:OtherEI,その他、特別利益,new,jppfs_cor:ExtraordinaryIncome
2206029,S100E0WR,jppfs_cor:CurrentLiabilities,流動負債,stable,jppfs_cor:Liabilities
2206030,S100E0WR,jppfs_cor:ProfitLossAttributableToNonControllingInterests,非支配株主に帰属する当期純利益又は非支配株主に帰属する当期純損失（△）,decrease_20,not_common_account
2206031,S100E0WR,jppfs_cor:OrdinaryIncome,経常利益又は経常損失（△）,decrease_20,jppfs_cor:IncomeBeforeIncomeTaxes
2206032,S100E0WR,jppfs_cor:OperatingIncome,営業利益又は営業損失（△）,decrease_20,jppfs_cor:OrdinaryIncome
2206033,S100E0WR,jppfs_cor:AccountsReceivableTrade,売掛金,increase_10,jppfs_cor:CurrentAssets
2206034,S100E0WR,jppfs_cor:ShareholdersEquity,株主資本,decrease_10,jppfs_cor:NetAssets
2206035,S100E0WR,jppfs_cor:CapitalSurplus,資本剰余金,stable,jppfs_cor:ShareholdersEquity
2206036,S100E0WR,jppfs_cor:AccountsPayableTrade,買掛金,decrease_10,jppfs_cor:CurrentLiabilities
2206037,S100E0WR,jppfs_cor:RentIncomeNOI,受取賃貸料、営業外収益,decrease_20,jppfs_cor:NonOperatingIncome
2206038,S100E0WR,jppfs_cor:CashAndDeposits,現金及び預金,decrease_10,jppfs_cor:CurrentAssets
2206039,S100E0WR,jppfs_cor:NoncurrentLiabilities,固定負債,decrease_20,jppfs_cor:Liabilities
2206040,S100E0WR,jppfs_cor:OtherNOE,その他、営業外費用,new,jppfs_cor:NonOperatingExpenses
2206041,S100E0WR,jppfs_cor:DeferredTaxAssetsIOA,繰延税金資産、投資その他の資産,new,jppfs_cor:InvestmentsAndOtherAssets
2206042,S100E0WR,jppfs_cor:InvestmentSecurities,投資有価証券,stable,jppfs_cor:InvestmentsAndOtherAssets
2206043,S100E0WR,jppfs_cor:ForeignCurrencyTranslationAdjustment,為替換算調整勘定,decrease_20,jppfs_cor:ValuationAndTranslationAdjustments
2206044,S100E0WR,jppfs_cor:InterestExpensesNOE,支払利息、営業外費用,stable,jppfs_cor:NonOperatingExpenses
2206045,S100E0WR,jppfs_cor:ValuationAndTranslationAdjustments,評価・換算差額等,decrease_10,jppfs_cor:NetAssets
2206046,S100E0WR,jppfs_cor:AccruedConsumptionTaxes,未払消費税等,decrease_20,jppfs_cor:CurrentLiabilities
2206047,S100E0WR,jppfs_cor:AllowanceForDoubtfulAccountsCA,貸倒引当金、流動資産、一括控除,decrease_10,jppfs_cor:CurrentAssets
2206048,S100E0WR,jppfs_cor:IncomeBeforeIncomeTaxes,税引前当期純利益又は税引前当期純損失（△）,decrease_20,jppfs_cor:ProfitLoss
2206049,S100E0WR,jppfs_cor:OtherCL,その他、流動負債,increase_10,jppfs_cor:CurrentLiabilities
2206050,S100E0WR,jppfs_cor:SellingGeneralAndAdministrativeExpenses,販売費及び一般管理費,increase_10,jppfs_cor:OperatingIncome
2206051,S100E0WR,jppfs_cor:IncomeTaxesPayable,未払法人税等,decrease_20,jppfs_cor:CurrentLiabilities
2206052,S100E0WR,jppfs_cor:NetSales,売上高,stable,jppfs_cor:GrossProfit
2206053,S100E0WR,jppfs_cor:NonOperatingExpenses,営業外費用,decrease_10,jppfs_cor:OrdinaryIncome
2206054,S100E0WR,jppfs_cor:IntangibleAssets,無形固定資産,decrease_10,jppfs_cor:NoncurrentAssets
2206055,S100E0WR,jppfs_cor:IncomeTaxesDeferred,法人税等調整額,decrease_20,jppfs_cor:IncomeTaxes
2206056,S100E0WR,jppfs_cor:GainOnSalesOfInvestmentSecuritiesEI,投資有価証券売却益、特別利益,new,jppfs_cor:ExtraordinaryIncome
2206057,S100E0WR,jppfs_cor:ValuationDifferenceOnAvailableForSaleSecurities,その他有価証券評価差額金,decrease_10,jppfs_cor:ValuationAndTranslationAdjustments
2206058,S100E0WR,jppfs_cor:AccruedExpenses,未払費用,stable,jppfs_cor:CurrentLiabilities
2206059,S100E0WR,jppfs_cor:CurrentAssets,流動資産,stable,jppfs_cor:Assets
2206060,S100E0WR,jppfs_cor:ExtraordinaryIncome,特別利益,new,jppfs_cor:IncomeBeforeIncomeTaxes
2206061,S100E0WR,jppfs_cor:OtherNOI,その他、営業外収益,increase_10,jppfs_cor:NonOperatingIncome
2206062,S100E0WR,jppfs_cor:RentExpensesNOE,賃貸費用、営業外費用,decrease_20,jppfs_cor:NonOperatingExpenses
2206063,S100E0WR,jppfs_cor:DeferredTaxAssetsCA,繰延税金資産、流動資産,decrease_20,jppfs_cor:CurrentAssets
2206064,S100E0WR,jppfs_cor:CostOfSales,売上原価,stable,jppfs_cor:GrossProfit
2206065,S100E0WR,jppfs_cor:InvestmentsAndOtherAssets,投資その他の資産,stable,jppfs_cor:NoncurrentAssets
2206066,S100E0WR,jppfs_cor:OtherCA,その他、流動資産,increase_10,jppfs_cor:CurrentAssets
2206067,S100E0WR,jppfs_cor:OtherIOA,その他、投資その他の資産,decrease_10,jppfs_cor:InvestmentsAndOtherAssets
2206068,S100E0WR,jppfs_cor:Liabilities,負債,stable,jppfs_cor:LiabilitiesAndNetAssets
2206069,S100E0WR,jppfs_cor:ProfitLossAttributableToOwnersOfParent,親会社株主に帰属する当期純利益又は親会社株主に帰属する当期純損失（△）,decrease_20,not_common_account
2206070,S100E0WR,jppfs_cor:ExtraordinaryLoss,特別損失,new,jppfs_cor:IncomeBeforeIncomeTaxes
2206071,S100E0WR,jppfs_cor:LossOnValuationOfInvestmentsInCapitalEL,出資金評価損、特別損失,new,jppfs_cor:ExtraordinaryLoss
2206072,S100E0WR,jppfs_cor:IncomeTaxes,法人税等,decrease_20,jppfs_cor:ProfitLoss
2206073,S100E0WR,jppfs_cor:OtherIA,その他、無形固定資産,decrease_10,jppfs_cor:IntangibleAssets
2251536,S100DGRF,jppfs_cor:OrdinaryIncome,経常利益又は経常損失（△）,increase_20,jppfs_cor:IncomeBeforeIncomeTaxes
2251537,S100DGRF,jppfs_cor:NotesAndAccountsReceivableTrade,受取手形及び売掛金,increase_10,jppfs_cor:CurrentAssets
2251538,S100DGRF,jppfs_cor:NoncurrentLiabilities,固定負債,increase_20,jppfs_cor:Liabilities
2251539,S100DGRF,jppfs_cor:WorkInProcess,仕掛品,increase_20,jppfs_cor:CurrentAssets
2251540,S100DGRF,jppfs_cor:GainOnSalesOfNoncurrentAssetsEI,固定資産売却益、特別利益,decrease_20,jppfs_cor:ExtraordinaryIncome
2251541,S100DGRF,jppfs_cor:OtherNOE,その他、営業外費用,decrease_20,jppfs_cor:NonOperatingExpenses
2251542,S100DGRF,jppfs_cor:ValuationAndTranslationAdjustments,評価・換算差額等,increase_20,jppfs_cor:NetAssets
2251543,S100DGRF,jppfs_cor:CapitalStock,資本金,stable,jppfs_cor:ShareholdersEquity
2251544,S100DGRF,jppfs_cor:IncomeTaxesPayable,未払法人税等,new,jppfs_cor:CurrentLiabilities
2251545,S100DGRF,jppfs_cor:IncomeTaxesCurrent,法人税、住民税及び事業税,new,jppfs_cor:IncomeTaxes
2251546,S100DGRF,jppfs_cor:ShortTermInvestmentSecurities,有価証券,decrease_10,jppfs_cor:CurrentAssets
2251547,S100DGRF,jppfs_cor:IncomeTaxes,法人税等,increase_20,jppfs_cor:ProfitLoss
2251548,S100DGRF,jppfs_cor:MerchandiseAndFinishedGoods,商品及び製品,increase_10,jppfs_cor:CurrentAssets
2251549,S100DGRF,jppfs_cor:NetSales,売上高,increase_10,jppfs_cor:GrossProfit
2251550,S100DGRF,jppfs_cor:CashAndDeposits,現金及び預金,increase_20,jppfs_cor:CurrentAssets
2251551,S100DGRF,jppfs_cor:CostOfSales,売上原価,increase_10,jppfs_cor:GrossProfit
2251552,S100DGRF,jppfs_cor:OtherPPE,その他、有形固定資産,increase_10,jppfs_cor:OtherNetPPE
2251553,S100DGRF,jppfs_cor:ExtraordinaryIncome,特別利益,decrease_20,jppfs_cor:IncomeBeforeIncomeTaxes
2251554,S100DGRF,jppfs_cor:LossOnSalesAndRetirementOfNoncurrentAssetsEL,固定資産除売却損、特別損失,new,jppfs_cor:ExtraordinaryLoss
2251555,S100DGRF,jppfs_cor:OtherCA,その他、流動資産,decrease_20,jppfs_cor:CurrentAssets
2251556,S100DGRF,jppfs_cor:NetDefinedBenefitAsset,退職給付に係る資産,increase_10,jppfs_cor:InvestmentsAndOtherAssets
2251557,S100DGRF,jppfs_cor:CapitalSurplus,資本剰余金,stable,jppfs_cor:ShareholdersEquity
2251558,S100DGRF,jppfs_cor:AccumulatedDepreciationMachineryEquipmentAndVehicles,減価償却累計額、機械装置及び運搬具,stable,jppfs_cor:MachineryEquipmentAndVehiclesNet
2251559,S100DGRF,jppfs_cor:IncomeTaxesDeferred,法人税等調整額,decrease_20,jppfs_cor:IncomeTaxes
2251560,S100DGRF,jppfs_cor:GrossProfit,売上総利益又は売上総損失（△）,increase_10,jppfs_cor:OperatingIncome
2251561,S100DGRF,jppfs_cor:AccumulatedDepreciationOtherPPE,減価償却累計額、その他、有形固定資産,increase_10,jppfs_cor:OtherNetPPE
2251562,S100DGRF,jppfs_cor:NetDefinedBenefitLiability,退職給付に係る負債,increase_10,jppfs_cor:NoncurrentLiabilities
2251563,S100DGRF,jppfs_cor:PropertyPlantAndEquipment,有形固定資産,stable,jppfs_cor:NoncurrentAssets
2251564,S100DGRF,jppfs_cor:ValuationDifferenceOnAvailableForSaleSecurities,その他有価証券評価差額金,increase_20,jppfs_cor:ValuationAndTranslationAdjustments
2251565,S100DGRF,jppfs_cor:OtherNOI,その他、営業外収益,decrease_20,jppfs_cor:NonOperatingIncome
2251566,S100DGRF,jppfs_cor:AllowanceForDoubtfulAccountsCA,貸倒引当金、流動資産、一括控除,new,jppfs_cor:CurrentAssets
2251567,S100DGRF,jppfs_cor:AllowanceForDoubtfulAccountsIOAByGroup,貸倒引当金、投資その他の資産、一括控除,decrease_10,jppfs_cor:InvestmentsAndOtherAssets
2251568,S100DGRF,jppfs_cor:NotesAndAccountsPayableTrade,支払手形及び買掛金,increase_20,jppfs_cor:CurrentLiabilities
2251569,S100DGRF,jppfs_cor:OtherNCL,その他、固定負債,stable,jppfs_cor:NoncurrentLiabilities
2251570,S100DGRF,jppfs_cor:OtherIA,その他、無形固定資産,decrease_20,jppfs_cor:IntangibleAssets
2251571,S100DGRF,jppfs_cor:IncomeBeforeIncomeTaxes,税引前当期純利益又は税引前当期純損失（△）,stable,jppfs_cor:ProfitLoss
2251572,S100DGRF,jppfs_cor:ConstructionInProgress,建設仮勘定,new,jppfs_cor:PropertyPlantAndEquipment
2251573,S100DGRF,jppfs_cor:InvestmentsAndOtherAssets,投資その他の資産,increase_10,jppfs_cor:NoncurrentAssets
2251574,S100DGRF,jppfs_cor:OtherIOA,その他、投資その他の資産,increase_10,jppfs_cor:InvestmentsAndOtherAssets
2251575,S100DGRF,jppfs_cor:RemeasurementsOfDefinedBenefitPlans,退職給付に係る調整累計額,decrease_20,jppfs_cor:ValuationAndTranslationAdjustments
2251576,S100DGRF,jppfs_cor:NonOperatingExpenses,営業外費用,decrease_20,jppfs_cor:OrdinaryIncome
2251577,S100DGRF,jppfs_cor:CurrentLiabilities,流動負債,increase_20,jppfs_cor:Liabilities
2251578,S100DGRF,jppfs_cor:BuildingsAndStructures,建物及び構築物,stable,jppfs_cor:BuildingsAndStructuresNet
2251579,S100DGRF,jppfs_cor:OperatingIncome,営業利益又は営業損失（△）,increase_20,jppfs_cor:OrdinaryIncome
2251580,S100DGRF,jppfs_cor:AccumulatedDepreciationBuildingsAndStructures,減価償却累計額、建物及び構築物,increase_10,jppfs_cor:BuildingsAndStructuresNet
2251581,S100DGRF,jppfs_cor:NonOperatingIncome,営業外収益,increase_10,jppfs_cor:OrdinaryIncome
2251582,S100DGRF,jppfs_cor:ForeignExchangeGainsNOI,為替差益、営業外収益,new,jppfs_cor:NonOperatingIncome
2251583,S100DGRF,jppfs_cor:SellingGeneralAndAdministrativeExpenses,販売費及び一般管理費,stable,jppfs_cor:OperatingIncome
2251584,S100DGRF,jppfs_cor:SalesDiscountsNOE,売上割引、営業外費用,stable,jppfs_cor:NonOperatingExpenses
2251585,S100DGRF,jppfs_cor:InterestIncomeNOI,受取利息、営業外収益,decrease_20,jppfs_cor:NonOperatingIncome
2251586,S100DGRF,jppfs_cor:DeferredTaxLiabilitiesNCL,繰延税金負債、固定負債,increase_20,jppfs_cor:NoncurrentLiabilities
2251587,S100DGRF,jppfs_cor:ProfitLoss,当期純利益又は当期純損失（△）（平成26年3月28日財規等改正後）,decrease_10,top_account
2251588,S100DGRF,jppfs_cor:LossOnSalesOfNotesPayableNOE,手形売却損、営業外費用,increase_20,jppfs_cor:NonOperatingExpenses
2251589,S100DGRF,jppfs_cor:Liabilities,負債,increase_20,jppfs_cor:LiabilitiesAndNetAssets
2251590,S100DGRF,jppfs_cor:Land,土地,stable,jppfs_cor:PropertyPlantAndEquipment
2251591,S100DGRF,jppfs_cor:GainOnRedemptionOfInvestmentSecuritiesEI,投資有価証券償還益、特別利益,new,jppfs_cor:ExtraordinaryIncome
2251592,S100DGRF,jppfs_cor:DividendsIncomeNOI,受取配当金、営業外収益,increase_10,jppfs_cor:NonOperatingIncome
2251593,S100DGRF,jppfs_cor:InterestExpensesNOE,支払利息、営業外費用,decrease_20,jppfs_cor:NonOperatingExpenses
2251594,S100DGRF,jppfs_cor:ExtraordinaryLoss,特別損失,increase_20,jppfs_cor:IncomeBeforeIncomeTaxes
2251595,S100DGRF,jppfs_cor:DeferredTaxAssetsCA,繰延税金資産、流動資産,increase_10,jppfs_cor:CurrentAssets
2251596,S100DGRF,jppfs_cor:NoncurrentAssets,固定資産,stable,jppfs_cor:Assets
2251597,S100DGRF,jppfs_cor:ShareholdersEquity,株主資本,stable,jppfs_cor:NetAssets
2251598,S100DGRF,jppfs_cor:ReversalOfAllowanceForDoubtfulAccountsEI,貸倒引当金戻入額、特別利益,new,jppfs_cor:ExtraordinaryIncome
2251599,S100DGRF,jppfs_cor:ElectronicallyRecordedObligationsOperatingCL,電子記録債務、流動負債,increase_10,jppfs_cor:CurrentLiabilities
2251600,S100DGRF,jppfs_cor:DeferredGainsOrLossesOnHedges,繰延ヘッジ損益,decrease_20,jppfs_cor:ValuationAndTranslationAdjustments
2251601,S100DGRF,jppfs_cor:InvestmentSecurities,投資有価証券,increase_10,jppfs_cor:InvestmentsAndOtherAssets
2251602,S100DGRF,jppfs_cor:MachineryEquipmentAndVehicles,機械装置及び運搬具,stable,jppfs_cor:MachineryEquipmentAndVehiclesNet
2251603,S100DGRF,jppfs_cor:RawMaterialsAndSupplies,原材料及び貯蔵品,increase_20,jppfs_cor:CurrentAssets
2251604,S100DGRF,jppfs_cor:ForeignCurrencyTranslationAdjustment,為替換算調整勘定,decrease_20,jppfs_cor:ValuationAndTranslationAdjustments
2251605,S100DGRF,jppfs_cor:IntangibleAssets,無形固定資産,decrease_10,jppfs_cor:NoncurrentAssets
2251606,S100DGRF,jppfs_cor:Software,ソフトウエア,increase_20,jppfs_cor:IntangibleAssets
2251607,S100DGRF,jppfs_cor:TreasuryStock,自己株式,stable,jppfs_cor:ShareholdersEquity
2251608,S100DGRF,jppfs_cor:OtherCL,その他、流動負債,decrease_10,jppfs_cor:CurrentLiabilities
2251609,S100DGRF,jppfs_cor:CurrentAssets,流動資産,increase_10,jppfs_cor:Assets
2251610,S100DGRF,jppfs_cor:ProvisionForBonuses,賞与引当金,increase_10,jppfs_cor:CurrentLiabilities
2251611,S100DGRF,jppfs_cor:ProfitLossAttributableToOwnersOfParent,親会社株主に帰属する当期純利益又は親会社株主に帰属する当期純損失（△）,decrease_10,not_common_account
2251612,S100DGRF,jppfs_cor:EquityInEarningsOfAffiliatesNOI,持分法による投資利益、営業外収益,increase_20,jppfs_cor:NonOperatingIncome
2251613,S100DGRF,jppfs_cor:RetainedEarnings,利益剰余金,stable,jppfs_cor:ShareholdersEquity
2251614,S100DGRF,jppfs_cor:ProvisionForProductWarranties,製品保証引当金,increase_10,jppfs_cor:CurrentLiabilities
2259254,S100DG9P,jppfs_cor:OtherEL,その他、特別損失,decrease_20,jppfs_cor:ExtraordinaryLoss
2259255,S100DG9P,jppfs_cor:OtherIOA,その他、投資その他の資産,increase_10,jppfs_cor:InvestmentsAndOtherAssets
2259256,S100DG9P,jppfs_cor:ValuationAndTranslationAdjustments,評価・換算差額等,decrease_10,jppfs_cor:NetAssets
2259257,S100DG9P,jppfs_cor:ExtraordinaryLoss,特別損失,increase_20,jppfs_cor:IncomeBeforeIncomeTaxes
2259258,S100DG9P,jppfs_cor:BuildingsAndStructures,建物及び構築物,increase_10,jppfs_cor:BuildingsAndStructuresNet
2259259,S100DG9P,jppfs_cor:NotesReceivableAccountsReceivableFromCompletedConstructionContractsAndOtherCNS,受取手形・完成工事未収入金等、建設業,increase_10,jppfs_cor:CurrentAssets
2259260,S100DG9P,jppfs_cor:OtherCA,その他、流動資産,increase_10,jppfs_cor:CurrentAssets
2259261,S100DG9P,jppfs_cor:OtherCL,その他、流動負債,increase_10,jppfs_cor:CurrentLiabilities
2259262,S100DG9P,jppfs_cor:ProfitLossAttributableToNonControllingInterests,非支配株主に帰属する当期純利益又は非支配株主に帰属する当期純損失（△）,new,not_common_account
2259263,S100DG9P,jppfs_cor:ProfitLossAttributableToOwnersOfParent,親会社株主に帰属する当期純利益又は親会社株主に帰属する当期純損失（△）,increase_10,not_common_account
2259264,S100DG9P,jppfs_cor:IncomeTaxes,法人税等,increase_10,jppfs_cor:ProfitLoss
2259265,S100DG9P,jppfs_cor:CurrentLiabilities,流動負債,increase_10,jppfs_cor:Liabilities
2259266,S100DG9P,jppfs_cor:ExtraordinaryIncome,特別利益,new,jppfs_cor:IncomeBeforeIncomeTaxes
2259267,S100DG9P,jpcrp030000-asr_E00048-000:LandForDevelopmentCA,造成用土地,stable,jppfs_cor:CurrentAssets
2259268,S100DG9P,jppfs_cor:ProvisionOfAllowanceForDoubtfulAccountsNOE,貸倒引当金繰入額、営業外費用,decrease_20,jppfs_cor:NonOperatingExpenses
2259269,S100DG9P,jppfs_cor:RealEstateForSaleInProcess,仕掛販売用不動産,increase_20,jppfs_cor:CurrentAssets
2259270,S100DG9P,jppfs_cor:DeferredGainsOrLossesOnHedges,繰延ヘッジ損益,new,jppfs_cor:ValuationAndTranslationAdjustments
2259271,S100DG9P,jppfs_cor:DividendsIncomeNOI,受取配当金、営業外収益,stable,jppfs_cor:NonOperatingIncome
2259272,S100DG9P,jppfs_cor:PromotionExpensesSGA,販売促進費、販売費及び一般管理費,stable,jppfs_cor:SellingGeneralAndAdministrativeExpenses
2259273,S100DG9P,jppfs_cor:RevaluationReserveForLand,土地再評価差額金,increase_20,jppfs_cor:ValuationAndTranslationAdjustments
2259274,S100DG9P,jppfs_cor:NonOperatingIncome,営業外収益,increase_10,jppfs_cor:OrdinaryIncome
2259275,S100DG9P,jppfs_cor:NonOperatingExpenses,営業外費用,decrease_20,jppfs_cor:OrdinaryIncome
2259276,S100DG9P,jppfs_cor:EmployeesSalariesAndAllowancesSGACNS,従業員給料手当、販売費及び一般管理費、建設業,increase_10,jppfs_cor:SellingGeneralAndAdministrativeExpenses
2259277,S100DG9P,jppfs_cor:StationeryExpensesSGA,事務用品費、販売費及び一般管理費,decrease_10,jppfs_cor:SellingGeneralAndAdministrativeExpenses
2259278,S100DG9P,jppfs_cor:LeaseAndGuaranteeDeposits,敷金及び保証金,stable,jppfs_cor:InvestmentsAndOtherAssets
2259279,S100DG9P,jppfs_cor:SalesCommissionSGA,販売手数料、販売費及び一般管理費,stable,jppfs_cor:SellingGeneralAndAdministrativeExpenses
2259280,S100DG9P,jppfs_cor:CurrentAssets,流動資産,increase_20,jppfs_cor:Assets
2259281,S100DG9P,jppfs_cor:ToolsFurnitureAndFixtures,工具、器具及び備品,increase_10,jppfs_cor:ToolsFurnitureAndFixturesNet
2259282,S100DG9P,jppfs_cor:NoncurrentLiabilities,固定負債,increase_10,jppfs_cor:Liabilities
2259283,S100DG9P,jppfs_cor:NoncurrentAssets,固定資産,increase_10,jppfs_cor:Assets
2259284,S100DG9P,jppfs_cor:CurrentPortionOfBonds,1年内償還予定の社債,new,jppfs_cor:CurrentLiabilities
2259285,S100DG9P,jppfs_cor:AccumulatedDepreciationMachineryEquipmentAndVehicles,減価償却累計額、機械装置及び運搬具,increase_10,jppfs_cor:MachineryEquipmentAndVehiclesNet
2259286,S100DG9P,jppfs_cor:SellingGeneralAndAdministrativeExpenses,販売費及び一般管理費,increase_10,jppfs_cor:OperatingIncome
2259287,S100DG9P,jppfs_cor:OtherIA,その他、無形固定資産,increase_20,jppfs_cor:IntangibleAssets
2259288,S100DG9P,jppfs_cor:TaxesAndDuesNOE,租税公課、営業外費用,increase_10,jppfs_cor:NonOperatingExpenses
2259289,S100DG9P,jppfs_cor:NetSales,売上高,increase_10,jppfs_cor:GrossProfit
2259290,S100DG9P,jppfs_cor:CostsOnUncompletedConstructionContractsCNS,未成工事支出金、建設業,increase_10,jppfs_cor:CurrentAssets
2259291,S100DG9P,jppfs_cor:AssetRetirementObligationsNCL,資産除去債務、固定負債,increase_10,jppfs_cor:NoncurrentLiabilities
2259292,S100DG9P,jppfs_cor:DeferredTaxAssetsCA,繰延税金資産、流動資産,increase_10,jppfs_cor:CurrentAssets
2259293,S100DG9P,jppfs_cor:AccumulatedDepreciationToolsFurnitureAndFixtures,減価償却累計額、工具、器具及び備品,increase_10,jppfs_cor:ToolsFurnitureAndFixturesNet
2259294,S100DG9P,jppfs_cor:InterestExpensesNOE,支払利息、営業外費用,increase_10,jppfs_cor:NonOperatingExpenses
2259295,S100DG9P,jppfs_cor:GainOnStepAcquisitionsEI,段階取得に係る差益、特別利益,new,jppfs_cor:ExtraordinaryIncome
2259296,S100DG9P,jppfs_cor:InterestIncomeNOI,受取利息、営業外収益,increase_10,jppfs_cor:NonOperatingIncome
2259297,S100DG9P,jppfs_cor:GainOnSalesOfNoncurrentAssetsEI,固定資産売却益、特別利益,increase_20,jppfs_cor:ExtraordinaryIncome
2259298,S100DG9P,jpcrp030000-asr_E00048-000:GainOnSalesOfInvestmentsInCapitalOfSubsidiariesAndAssociatesEI,関係会社出資金売却益,increase_20,jppfs_cor:ExtraordinaryIncome
2259299,S100DG9P,jppfs_cor:AssetRetirementObligationsCL,資産除去債務、流動負債,increase_10,jppfs_cor:CurrentLiabilities
2259300,S100DG9P,jppfs_cor:LeaseObligationsCL,リース債務、流動負債,increase_20,jppfs_cor:CurrentLiabilities
2259301,S100DG9P,jppfs_cor:AdvancesReceivedOnUncompletedConstructionContractsCNS,未成工事受入金、建設業,increase_10,jppfs_cor:CurrentLiabilities
2259302,S100DG9P,jppfs_cor:LongTermLeaseAndGuaranteeDeposited,長期預り敷金保証金,stable,jppfs_cor:NoncurrentLiabilities
2259303,S100DG9P,jppfs_cor:OtherNCL,その他、固定負債,increase_10,jppfs_cor:NoncurrentLiabilities
2259304,S100DG9P,jppfs_cor:OrdinaryIncome,経常利益又は経常損失（△）,increase_10,jppfs_cor:IncomeBeforeIncomeTaxes
2259305,S100DG9P,jppfs_cor:LossOnSalesOfNoncurrentAssetsEL,固定資産売却損、特別損失,increase_20,jppfs_cor:ExtraordinaryLoss
2259306,S100DG9P,jppfs_cor:MiscellaneousExpensesNOE,雑支出、営業外費用,decrease_10,jppfs_cor:NonOperatingExpenses
2259307,S100DG9P,jppfs_cor:MiscellaneousIncomeNOI,雑収入、営業外収益,increase_10,jppfs_cor:NonOperatingIncome
2259308,S100DG9P,jppfs_cor:InvestmentsAndOtherAssets,投資その他の資産,stable,jppfs_cor:NoncurrentAssets
2259309,S100DG9P,jppfs_cor:DeferredTaxAssetsIOA,繰延税金資産、投資その他の資産,increase_10,jppfs_cor:InvestmentsAndOtherAssets
2259310,S100DG9P,jppfs_cor:GainOnSalesOfInvestmentSecuritiesEI,投資有価証券売却益、特別利益,new,jppfs_cor:ExtraordinaryIncome
2259311,S100DG9P,jppfs_cor:NotesPayableAccountsPayableForConstructionContractsAndOtherCNS,支払手形・工事未払金等、建設業,increase_20,jppfs_cor:CurrentLiabilities
2259312,S100DG9P,jppfs_cor:DirectorsCompensationsSGA,役員報酬、販売費及び一般管理費,stable,jppfs_cor:SellingGeneralAndAdministrativeExpenses
2259313,S100DG9P,jppfs_cor:LeaseObligationsNCL,リース債務、固定負債,increase_20,jppfs_cor:NoncurrentLiabilities
2259314,S100DG9P,jppfs_cor:AllowanceForDoubtfulAccountsCA,貸倒引当金、流動資産、一括控除,increase_10,jppfs_cor:CurrentAssets
2259315,S100DG9P,jppfs_cor:AccumulatedDepreciationBuildingsAndStructures,減価償却累計額、建物及び構築物,stable,jppfs_cor:BuildingsAndStructuresNet
2259316,S100DG9P,jppfs_cor:AccountsPayableOther,未払金,stable,jppfs_cor:CurrentLiabilities
2259317,S100DG9P,jppfs_cor:PropertyPlantAndEquipment,有形固定資産,increase_10,jppfs_cor:NoncurrentAssets
2259318,S100DG9P,jppfs_cor:AdvancesReceived,前受金,increase_20,jppfs_cor:CurrentLiabilities
2259319,S100DG9P,jppfs_cor:MerchandiseAndFinishedGoods,商品及び製品,increase_10,jppfs_cor:CurrentAssets
2259320,S100DG9P,jppfs_cor:CapitalStock,資本金,stable,jppfs_cor:ShareholdersEquity
2259321,S100DG9P,jppfs_cor:ForeignCurrencyTranslationAdjustment,為替換算調整勘定,increase_10,jppfs_cor:ValuationAndTranslationAdjustments
2259322,S100DG9P,jppfs_cor:Goodwill,のれん,increase_10,jppfs_cor:IntangibleAssets
2259323,S100DG9P,jppfs_cor:GrossProfit,売上総利益又は売上総損失（△）,increase_10,jppfs_cor:OperatingIncome
2259324,S100DG9P,jppfs_cor:WorkInProcess,仕掛品,decrease_10,jppfs_cor:CurrentAssets
2259325,S100DG9P,jppfs_cor:RentsSGA,地代家賃、販売費及び一般管理費,increase_20,jppfs_cor:SellingGeneralAndAdministrativeExpenses
2259326,S100DG9P,jppfs_cor:TaxesAndDuesSGA,租税公課、販売費及び一般管理費,increase_10,jppfs_cor:SellingGeneralAndAdministrativeExpenses
2259327,S100DG9P,jppfs_cor:LossOnValuationOfInvestmentSecuritiesEL,投資有価証券評価損、特別損失,decrease_20,jppfs_cor:ExtraordinaryLoss
2259328,S100DG9P,jppfs_cor:OtherSGA,その他、販売費及び一般管理費,increase_10,jppfs_cor:SellingGeneralAndAdministrativeExpenses
2259329,S100DG9P,jppfs_cor:ProvisionForBonusesSGA,賞与引当金繰入額、販売費及び一般管理費,increase_10,jppfs_cor:SellingGeneralAndAdministrativeExpenses
2259330,S100DG9P,jppfs_cor:ProvisionOfAllowanceForDoubtfulAccountsSGA,貸倒引当金繰入額、販売費及び一般管理費,increase_10,jppfs_cor:SellingGeneralAndAdministrativeExpenses
2259331,S100DG9P,jppfs_cor:ImpairmentLossEL,減損損失、特別損失,increase_20,jppfs_cor:ExtraordinaryLoss
2259332,S100DG9P,jppfs_cor:OperatingIncome,営業利益又は営業損失（△）,increase_10,jppfs_cor:OrdinaryIncome
2259333,S100DG9P,jppfs_cor:IncomeTaxesDeferred,法人税等調整額,increase_20,jppfs_cor:IncomeTaxes
2259334,S100DG9P,jppfs_cor:IncomeTaxesPayable,未払法人税等,increase_10,jppfs_cor:CurrentLiabilities
2259335,S100DG9P,jppfs_cor:Liabilities,負債,increase_10,jppfs_cor:LiabilitiesAndNetAssets
2259336,S100DG9P,jppfs_cor:LongTermLoansPayable,長期借入金,increase_10,jppfs_cor:NoncurrentLiabilities
2259337,S100DG9P,jppfs_cor:CurrentPortionOfLongTermLoansPayable,1年内返済予定の長期借入金,decrease_10,jppfs_cor:CurrentLiabilities
2259338,S100DG9P,jppfs_cor:DepositsReceivedFromMembers,会員預り金,decrease_20,jppfs_cor:NoncurrentLiabilities
2259339,S100DG9P,jpcrp030000-asr_E00048-000:OperatingLoansRealEstateBusinessCA,不動産事業貸付金,new,jppfs_cor:CurrentAssets
2259340,S100DG9P,jppfs_cor:ProfitLoss,当期純利益又は当期純損失（△）（平成26年3月28日財規等改正後）,increase_10,top_account
2259341,S100DG9P,jppfs_cor:Land,土地,stable,jppfs_cor:PropertyPlantAndEquipment
2259342,S100DG9P,jppfs_cor:BondsPayable,社債,increase_20,jppfs_cor:NoncurrentLiabilities
2259343,S100DG9P,jppfs_cor:LossOnRetirementOfNoncurrentAssetsEL,固定資産除却損、特別損失,decrease_20,jppfs_cor:ExtraordinaryLoss
2259344,S100DG9P,jppfs_cor:IncomeTaxesCurrent,法人税、住民税及び事業税,increase_10,jppfs_cor:IncomeTaxes
2259345,S100DG9P,jppfs_cor:AdvertisingExpensesSGA,広告宣伝費、販売費及び一般管理費,stable,jppfs_cor:SellingGeneralAndAdministrativeExpenses
2259346,S100DG9P,jppfs_cor:DepreciationSGA,減価償却費、販売費及び一般管理費,increase_10,jppfs_cor:SellingGeneralAndAdministrativeExpenses
2259347,S100DG9P,jppfs_cor:CostOfSales,売上原価,increase_10,jppfs_cor:GrossProfit
2259348,S100DG9P,jppfs_cor:EquityInLossesOfAffiliatesNOE,持分法による投資損失、営業外費用,decrease_20,jppfs_cor:NonOperatingExpenses
2259349,S100DG9P,jppfs_cor:ConstructionInProgress,建設仮勘定,decrease_10,jppfs_cor:PropertyPlantAndEquipment
2259350,S100DG9P,jppfs_cor:CapitalSurplus,資本剰余金,stable,jppfs_cor:ShareholdersEquity
2259351,S100DG9P,jppfs_cor:AccumulatedDepreciationLeaseAssetsPPE,減価償却累計額、リース資産、有形固定資産,increase_20,jppfs_cor:LeaseAssetsNetPPE
2259352,S100DG9P,jppfs_cor:RetainedEarnings,利益剰余金,increase_20,jppfs_cor:ShareholdersEquity
2259353,S100DG9P,jppfs_cor:ProvisionForBonuses,賞与引当金,increase_10,jppfs_cor:CurrentLiabilities
2259354,S100DG9P,jppfs_cor:LongTermLoansReceivable,長期貸付金,stable,jppfs_cor:InvestmentsAndOtherAssets
2259355,S100DG9P,jppfs_cor:LegalWelfareExpensesSGA,法定福利費、販売費及び一般管理費,increase_10,jppfs_cor:SellingGeneralAndAdministrativeExpenses
2259356,S100DG9P,jppfs_cor:ShortTermLoansPayable,短期借入金,increase_10,jppfs_cor:CurrentLiabilities
2259357,S100DG9P,jppfs_cor:ValuationDifferenceOnAvailableForSaleSecurities,その他有価証券評価差額金,decrease_10,jppfs_cor:ValuationAndTranslationAdjustments
2259358,S100DG9P,jppfs_cor:ShareholdersEquity,株主資本,increase_10,jppfs_cor:NetAssets
2259359,S100DG9P,jppfs_cor:ShortTermInvestmentSecurities,有価証券,stable,jppfs_cor:CurrentAssets
2259360,S100DG9P,jppfs_cor:TreasuryStock,自己株式,decrease_20,jppfs_cor:ShareholdersEquity
2259361,S100DG9P,jppfs_cor:RealEstateForSale,販売用不動産,increase_20,jppfs_cor:CurrentAssets
2259362,S100DG9P,jppfs_cor:LeaseReceivablesAndInvestmentAssetsCA,リース債権及びリース投資資産、流動資産,increase_20,jppfs_cor:CurrentAssets
2259363,S100DG9P,jppfs_cor:IncomeBeforeIncomeTaxes,税引前当期純利益又は税引前当期純損失（△）,increase_10,jppfs_cor:ProfitLoss
2259364,S100DG9P,jppfs_cor:NetDefinedBenefitLiability,退職給付に係る負債,stable,jppfs_cor:NoncurrentLiabilities
2259365,S100DG9P,jppfs_cor:ProvisionForWarrantiesForCompletedConstruction,完成工事補償引当金,increase_10,jppfs_cor:CurrentLiabilities
2259366,S100DG9P,jppfs_cor:IntangibleAssets,無形固定資産,increase_10,jppfs_cor:NoncurrentAssets
2259367,S100DG9P,jppfs_cor:LeaseAssetsPPE,リース資産、有形固定資産,increase_20,jppfs_cor:LeaseAssetsNetPPE
2259368,S100DG9P,jppfs_cor:DeferredTaxLiabilitiesForLandRevaluation,再評価に係る繰延税金負債,stable,jppfs_cor:NoncurrentLiabilities
2259369,S100DG9P,jppfs_cor:InvestmentSecurities,投資有価証券,decrease_10,jppfs_cor:InvestmentsAndOtherAssets
2259370,S100DG9P,jppfs_cor:AllowanceForDoubtfulAccountsIOAByGroup,貸倒引当金、投資その他の資産、一括控除,increase_10,jppfs_cor:InvestmentsAndOtherAssets
2259371,S100DG9P,jppfs_cor:RetirementBenefitExpensesSGA,退職給付費用、販売費及び一般管理費,increase_20,jppfs_cor:SellingGeneralAndAdministrativeExpenses
2259372,S100DG9P,jppfs_cor:RawMaterialsAndSuppliesCNS,材料貯蔵品、建設業,increase_10,jppfs_cor:CurrentAssets
2259373,S100DG9P,jppfs_cor:CorrespondenceAndTransportationExpensesSGA,通信交通費、販売費及び一般管理費,increase_10,jppfs_cor:SellingGeneralAndAdministrativeExpenses
2259374,S100DG9P,jppfs_cor:MachineryEquipmentAndVehicles,機械装置及び運搬具,increase_10,jppfs_cor:MachineryEquipmentAndVehiclesNet
2259375,S100DG9P,jppfs_cor:CashAndDeposits,現金及び預金,increase_20,jppfs_cor:CurrentAssets
2275929,S100DFCS,jppfs_cor:CashAndDeposits,現金及び預金,increase_20,jppfs_cor:CurrentAssets
2275930,S100DFCS,jppfs_cor:RetainedEarnings,利益剰余金,increase_10,jppfs_cor:ShareholdersEquity
2275931,S100DFCS,jppfs_cor:LongTermPayablesUnderFluidityLeaseReceivablesNCLLEA,債権流動化に伴う長期支払債務、固定負債、リース事業,increase_20,jppfs_cor:NoncurrentLiabilities
2275932,S100DFCS,jppfs_cor:NetSales,売上高,stable,jppfs_cor:GrossProfit
2275933,S100DFCS,jppfs_cor:LeaseObligationsCL,リース債務、流動負債,increase_10,jppfs_cor:CurrentLiabilities
2275934,S100DFCS,jpcrp030000-asr_E04788-000:ProvisionForLeasedAssetsMaintenanceCL,賃貸資産保守引当金,decrease_20,jppfs_cor:CurrentLiabilities
2275935,S100DFCS,jppfs_cor:NetDefinedBenefitLiability,退職給付に係る負債,stable,jppfs_cor:NoncurrentLiabilities
2275936,S100DFCS,jppfs_cor:Software,ソフトウエア,increase_20,jppfs_cor:OtherIntangibleAssetsLEA
2275937,S100DFCS,jppfs_cor:ExtraordinaryLoss,特別損失,decrease_20,jppfs_cor:IncomeBeforeIncomeTaxes
2275938,S100DFCS,jppfs_cor:IncomeTaxesDeferred,法人税等調整額,decrease_20,jppfs_cor:IncomeTaxes
2275939,S100DFCS,jppfs_cor:CurrentPortionOfBonds,1年内償還予定の社債,decrease_10,jppfs_cor:CurrentLiabilities
2275940,S100DFCS,jppfs_cor:ShareholdersEquity,株主資本,increase_10,jppfs_cor:NetAssets
2275941,S100DFCS,jppfs_cor:AccountsReceivableOperatingLoansCALEA,営業貸付金、流動資産、リース事業,stable,jppfs_cor:CurrentAssets
2275942,S100DFCS,jppfs_cor:GainOnStepAcquisitionsEI,段階取得に係る差益、特別利益,new,jppfs_cor:ExtraordinaryIncome
2275943,S100DFCS,jppfs_cor:ClaimsProvableInBankruptcyClaimsProvableInRehabilitationAndOther,破産更生債権等,stable,jppfs_cor:InvestmentsAndOtherAssets
2275944,S100DFCS,jppfs_cor:CurrentAssets,流動資産,stable,jppfs_cor:Assets
2275945,S100DFCS,jppfs_cor:CurrentPortionOfLongTermLoansPayable,1年内返済予定の長期借入金,increase_10,jppfs_cor:CurrentLiabilities
2275946,S100DFCS,jppfs_cor:OtherNOE,その他、営業外費用,decrease_10,jppfs_cor:NonOperatingExpenses
2275947,S100DFCS,jppfs_cor:PropertyForLeasePPELEA,賃貸資産、有形固定資産、リース事業,stable,jppfs_cor:LeasedAssetsPPELEA
2275948,S100DFCS,jppfs_cor:GainOnSalesOfInvestmentSecuritiesEI,投資有価証券売却益、特別利益,decrease_20,jppfs_cor:ExtraordinaryIncome
2275949,S100DFCS,jppfs_cor:NegativeGoodwill,負ののれん,decrease_10,jppfs_cor:NoncurrentLiabilities
2275950,S100DFCS,jppfs_cor:LeasedAssetsIALEA,賃貸資産、合計、無形固定資産、リース事業,decrease_10,jppfs_cor:IntangibleAssets
2275951,S100DFCS,jppfs_cor:AdvancesForPurchasesAtLeasedAssetsPPELEA,賃貸資産前渡金、有形固定資産、リース事業,stable,jppfs_cor:LeasedAssetsPPELEA
2275952,S100DFCS,jppfs_cor:Merchandise,商品,increase_20,jppfs_cor:CurrentAssets
2275953,S100DFCS,jppfs_cor:IncomeBeforeIncomeTaxes,税引前当期純利益又は税引前当期純損失（△）,stable,jppfs_cor:ProfitLoss
2275954,S100DFCS,jppfs_cor:OtherNCL,その他、固定負債,stable,jppfs_cor:NoncurrentLiabilities
2275955,S100DFCS,jppfs_cor:TelephoneSubscriptionRight,電話加入権,stable,jppfs_cor:OtherIntangibleAssetsLEA
2275956,S100DFCS,jppfs_cor:DividendsIncomeNOI,受取配当金、営業外収益,increase_20,jppfs_cor:NonOperatingIncome
2275957,S100DFCS,jppfs_cor:OtherNOI,その他、営業外収益,decrease_10,jppfs_cor:NonOperatingIncome
2275958,S100DFCS,jppfs_cor:DeferredTaxAssetsIOA,繰延税金資産、投資その他の資産,decrease_20,jppfs_cor:InvestmentsAndOtherAssets
2275959,S100DFCS,jppfs_cor:NoncurrentAssets,固定資産,stable,jppfs_cor:Assets
2275960,S100DFCS,jppfs_cor:CapitalStock,資本金,stable,jppfs_cor:ShareholdersEquity
2275961,S100DFCS,jppfs_cor:OwnUsedAssetsPPELEA,社用資産、有形固定資産、リース事業,decrease_10,jppfs_cor:PropertyPlantAndEquipment
2275962,S100DFCS,jppfs_cor:LeasePropertyIALEA,賃貸資産、無形固定資産、リース事業,decrease_10,jppfs_cor:LeasedAssetsIALEA
2275963,S100DFCS,jppfs_cor:ImpairmentLossEL,減損損失、特別損失,decrease_20,jppfs_cor:ExtraordinaryLoss
2275964,S100DFCS,jppfs_cor:ValuationDifferenceOnAvailableForSaleSecurities,その他有価証券評価差額金,increase_20,jppfs_cor:ValuationAndTranslationAdjustments
2275965,S100DFCS,jppfs_cor:Liabilities,負債,stable,jppfs_cor:LiabilitiesAndNetAssets
2275966,S100DFCS,jppfs_cor:PropertyPlantAndEquipment,有形固定資産,stable,jppfs_cor:NoncurrentAssets
2275967,S100DFCS,jppfs_cor:CurrentLiabilities,流動負債,decrease_10,jppfs_cor:Liabilities
2275968,S100DFCS,jppfs_cor:LossOnSalesOfInvestmentSecuritiesEL,投資有価証券売却損、特別損失,new,jppfs_cor:ExtraordinaryLoss
2275969,S100DFCS,jppfs_cor:IncomeTaxesCurrent,法人税、住民税及び事業税,decrease_10,jppfs_cor:IncomeTaxes
2275970,S100DFCS,jppfs_cor:ExtraordinaryIncome,特別利益,decrease_20,jppfs_cor:IncomeBeforeIncomeTaxes
2275971,S100DFCS,jppfs_cor:TreasuryStock,自己株式,decrease_10,jppfs_cor:ShareholdersEquity
2275972,S100DFCS,jppfs_cor:OrdinaryIncome,経常利益又は経常損失（△）,stable,jppfs_cor:IncomeBeforeIncomeTaxes
2275973,S100DFCS,jppfs_cor:RentIncomeNOI,受取賃貸料、営業外収益,stable,jppfs_cor:NonOperatingIncome
2275974,S100DFCS,jppfs_cor:ProvisionForDirectorsBonuses,役員賞与引当金,increase_20,jppfs_cor:CurrentLiabilities
2275975,S100DFCS,jpcrp030000-asr_E04788-000:OtherOperatingAssetsPPELEA,その他の営業資産,new,jppfs_cor:PropertyPlantAndEquipment
2275976,S100DFCS,jppfs_cor:GainOnInvestmentsInPartnershipNOI,投資事業組合運用益、営業外収益,new,jppfs_cor:NonOperatingIncome
2275977,S100DFCS,jppfs_cor:DeferredTaxLiabilitiesNCL,繰延税金負債、固定負債,stable,jppfs_cor:NoncurrentLiabilities
2275978,S100DFCS,jppfs_cor:ProvisionForBonuses,賞与引当金,increase_10,jppfs_cor:CurrentLiabilities
2275979,S100DFCS,jppfs_cor:AccountsReceivableOtherLoansToCustomersCALEA,その他の営業貸付債権、流動資産、リース事業,increase_20,jppfs_cor:CurrentAssets
2275980,S100DFCS,jppfs_cor:Goodwill,のれん,decrease_10,jppfs_cor:OtherIntangibleAssetsLEA
2275981,S100DFCS,jppfs_cor:LeaseObligationsNCL,リース債務、固定負債,increase_10,jppfs_cor:NoncurrentLiabilities
2275982,S100DFCS,jppfs_cor:IncomeTaxesPayable,未払法人税等,decrease_20,jppfs_cor:CurrentLiabilities
2275983,S100DFCS,jppfs_cor:DeferredGainsOrLossesOnHedges,繰延ヘッジ損益,new,jppfs_cor:ValuationAndTranslationAdjustments
2275984,S100DFCS,jppfs_cor:BondsPayable,社債,increase_10,jppfs_cor:NoncurrentLiabilities
2275985,S100DFCS,jppfs_cor:OtherIOA,その他、投資その他の資産,increase_10,jppfs_cor:InvestmentsAndOtherAssets
2275986,S100DFCS,jppfs_cor:OtherIA,その他、無形固定資産,new,jppfs_cor:OtherIntangibleAssetsLEA
2275987,S100DFCS,jppfs_cor:SellingGeneralAndAdministrativeExpenses,販売費及び一般管理費,increase_10,jppfs_cor:OperatingIncome
2275988,S100DFCS,jppfs_cor:IncomeTaxes,法人税等,decrease_20,jppfs_cor:ProfitLoss
2275989,S100DFCS,jppfs_cor:ShortTermInvestmentSecurities,有価証券,decrease_20,jppfs_cor:CurrentAssets
2275990,S100DFCS,jppfs_cor:PayablesUnderFluidityLeaseReceivablesCLLEA,債権流動化に伴う支払債務、流動負債、リース事業,increase_10,jppfs_cor:CurrentLiabilities
2275991,S100DFCS,jppfs_cor:AllowanceForDoubtfulAccountsIOAByGroup,貸倒引当金、投資その他の資産、一括控除,stable,jppfs_cor:InvestmentsAndOtherAssets
2275992,S100DFCS,jppfs_cor:OtherCL,その他、流動負債,increase_10,jppfs_cor:CurrentLiabilities
2275993,S100DFCS,jppfs_cor:LongTermLoansPayable,長期借入金,increase_10,jppfs_cor:NoncurrentLiabilities
2275994,S100DFCS,jppfs_cor:LeaseReceivablesAndInvestmentAssetsCA,リース債権及びリース投資資産、流動資産,stable,jppfs_cor:CurrentAssets
2275995,S100DFCS,jppfs_cor:ProfitLoss,当期純利益又は当期純損失（△）（平成26年3月28日財規等改正後）,increase_10,top_account
2275996,S100DFCS,jppfs_cor:CapitalSurplus,資本剰余金,stable,jppfs_cor:ShareholdersEquity
2275997,S100DFCS,jppfs_cor:NotesAndAccountsPayableTrade,支払手形及び買掛金,decrease_10,jppfs_cor:CurrentLiabilities
2275998,S100DFCS,jppfs_cor:AccountsReceivableLeaseCALEA,賃貸料等未収入金、流動資産、リース事業,increase_10,jppfs_cor:CurrentAssets
2275999,S100DFCS,jppfs_cor:ShortTermLoansPayable,短期借入金,decrease_20,jppfs_cor:CurrentLiabilities
2276000,S100DFCS,jppfs_cor:GainOnRedemptionOfSecuritiesNOI,有価証券償還益、営業外収益,decrease_20,jppfs_cor:NonOperatingIncome
2276001,S100DFCS,jppfs_cor:ProvisionForDirectorsRetirementBenefits,役員退職慰労引当金,stable,jppfs_cor:NoncurrentLiabilities
2276002,S100DFCS,jppfs_cor:AllowanceForDoubtfulAccountsCA,貸倒引当金、流動資産、一括控除,decrease_10,jppfs_cor:CurrentAssets
2276003,S100DFCS,jppfs_cor:NonOperatingExpenses,営業外費用,increase_10,jppfs_cor:OrdinaryIncome
2276004,S100DFCS,jppfs_cor:AccountsReceivableInstallmentSalesCALEA,割賦債権、流動資産、リース事業,stable,jppfs_cor:CurrentAssets
2276005,S100DFCS,jppfs_cor:NonOperatingIncome,営業外収益,increase_10,jppfs_cor:OrdinaryIncome
2276006,S100DFCS,jppfs_cor:OperatingIncome,営業利益又は営業損失（△）,stable,jppfs_cor:OrdinaryIncome
2276007,S100DFCS,jppfs_cor:OtherCA,その他、流動資産,increase_10,jppfs_cor:CurrentAssets
2276008,S100DFCS,jppfs_cor:NoncurrentLiabilities,固定負債,increase_10,jppfs_cor:Liabilities
2276009,S100DFCS,jppfs_cor:GrossProfit,売上総利益又は売上総損失（△）,stable,jppfs_cor:OperatingIncome
2276010,S100DFCS,jppfs_cor:InterestExpensesNOE,支払利息、営業外費用,increase_10,jppfs_cor:NonOperatingExpenses
2276011,S100DFCS,jppfs_cor:ProfitLossAttributableToNonControllingInterests,非支配株主に帰属する当期純利益又は非支配株主に帰属する当期純損失（△）,stable,not_common_account
2276012,S100DFCS,jppfs_cor:AssetRetirementObligationsNCL,資産除去債務、固定負債,increase_10,jppfs_cor:NoncurrentLiabilities
2276013,S100DFCS,jppfs_cor:OtherIntangibleAssetsLEA,その他の無形固定資産、リース事業,increase_20,jppfs_cor:IntangibleAssets
2276014,S100DFCS,jppfs_cor:LeasedAssetsPPELEA,賃貸資産、合計、有形固定資産、リース事業,stable,jppfs_cor:PropertyPlantAndEquipment
2276015,S100DFCS,jppfs_cor:ProfitLossAttributableToOwnersOfParent,親会社株主に帰属する当期純利益又は親会社株主に帰属する当期純損失（△）,increase_10,not_common_account
2276016,S100DFCS,jppfs_cor:CostOfSales,売上原価,stable,jppfs_cor:GrossProfit
2276017,S100DFCS,jppfs_cor:ValuationAndTranslationAdjustments,評価・換算差額等,stable,jppfs_cor:NetAssets
2276018,S100DFCS,jppfs_cor:InvestmentSecurities,投資有価証券,increase_20,jppfs_cor:InvestmentsAndOtherAssets
2276019,S100DFCS,jppfs_cor:DeferredTaxAssetsCA,繰延税金資産、流動資産,increase_10,jppfs_cor:CurrentAssets
2276020,S100DFCS,jppfs_cor:RemeasurementsOfDefinedBenefitPlans,退職給付に係る調整累計額,decrease_10,jppfs_cor:ValuationAndTranslationAdjustments
2276021,S100DFCS,jppfs_cor:IntangibleAssets,無形固定資産,increase_20,jppfs_cor:NoncurrentAssets
2276022,S100DFCS,jppfs_cor:EquityInEarningsOfAffiliatesNOI,持分法による投資利益、営業外収益,increase_10,jppfs_cor:NonOperatingIncome
2276023,S100DFCS,jppfs_cor:CommercialPapersLiabilities,コマーシャル・ペーパー,stable,jppfs_cor:CurrentLiabilities
2276024,S100DFCS,jppfs_cor:DeferredProfitOnInstallmentSalesCLLEA,割賦未実現利益、流動負債、リース事業,decrease_10,jppfs_cor:CurrentLiabilities
2276025,S100DFCS,jppfs_cor:InterestIncomeNOI,受取利息、営業外収益,increase_20,jppfs_cor:NonOperatingIncome
2276026,S100DFCS,jppfs_cor:NetDefinedBenefitAsset,退職給付に係る資産,increase_20,jppfs_cor:InvestmentsAndOtherAssets
2276027,S100DFCS,jppfs_cor:GainOnBadDebtsRecoveredNOI,償却債権取立益、営業外収益,increase_20,jppfs_cor:NonOperatingIncome
2276028,S100DFCS,jppfs_cor:InvestmentsAndOtherAssets,投資その他の資産,increase_20,jppfs_cor:NoncurrentAssets
2276029,S100DFCS,jppfs_cor:ForeignCurrencyTranslationAdjustment,為替換算調整勘定,decrease_20,jppfs_cor:ValuationAndTranslationAdjustments
2289373,S100DEOQ,jppfs_cor:CostOfSales,売上原価,increase_10,jppfs_cor:GrossProfit
2289374,S100DEOQ,jppfs_cor:OtherNCL,その他、固定負債,increase_10,jppfs_cor:NoncurrentLiabilities
2289375,S100DEOQ,jppfs_cor:LongTermLoansPayable,長期借入金,increase_20,jppfs_cor:NoncurrentLiabilities
2289376,S100DEOQ,jppfs_cor:Liabilities,負債,increase_10,jppfs_cor:LiabilitiesAndNetAssets
2289377,S100DEOQ,jppfs_cor:IncomeTaxesCurrent,法人税、住民税及び事業税,increase_10,jppfs_cor:IncomeTaxes
2289378,S100DEOQ,jppfs_cor:ForeignExchangeGainsNOI,為替差益、営業外収益,new,jppfs_cor:NonOperatingIncome
2289379,S100DEOQ,jppfs_cor:DeferredTaxAssetsCA,繰延税金資産、流動資産,increase_10,jppfs_cor:CurrentAssets
2289380,S100DEOQ,jppfs_cor:DeferredTaxAssetsIOA,繰延税金資産、投資その他の資産,decrease_10,jppfs_cor:InvestmentsAndOtherAssets
2289381,S100DEOQ,jppfs_cor:NetSales,売上高,increase_10,jppfs_cor:GrossProfit
2289382,S100DEOQ,jppfs_cor:OtherCL,その他、流動負債,increase_20,jppfs_cor:CurrentLiabilities
2289383,S100DEOQ,jppfs_cor:IncomeTaxes,法人税等,increase_10,jppfs_cor:ProfitLoss
2289384,S100DEOQ,jppfs_cor:MerchandiseAndFinishedGoods,商品及び製品,increase_20,jppfs_cor:CurrentAssets
2289385,S100DEOQ,jppfs_cor:OtherCA,その他、流動資産,stable,jppfs_cor:CurrentAssets
2289386,S100DEOQ,jppfs_cor:BuildingsAndStructures,建物及び構築物,stable,jppfs_cor:BuildingsAndStructuresNet
2289387,S100DEOQ,jppfs_cor:ProvisionForDirectorsBonuses,役員賞与引当金,increase_20,jppfs_cor:CurrentLiabilities
2289388,S100DEOQ,jppfs_cor:InvestmentSecurities,投資有価証券,increase_20,jppfs_cor:InvestmentsAndOtherAssets
2289389,S100DEOQ,jppfs_cor:IncomeTaxesPayable,未払法人税等,decrease_20,jppfs_cor:CurrentLiabilities
2289390,S100DEOQ,jppfs_cor:ExtraordinaryLoss,特別損失,decrease_20,jppfs_cor:IncomeBeforeIncomeTaxes
2289391,S100DEOQ,jppfs_cor:ShortTermLoansPayable,短期借入金,increase_10,jppfs_cor:CurrentLiabilities
2289392,S100DEOQ,jppfs_cor:TreasuryStock,自己株式,stable,jppfs_cor:ShareholdersEquity
2289393,S100DEOQ,jppfs_cor:ValuationAndTranslationAdjustments,評価・換算差額等,increase_20,jppfs_cor:NetAssets
2289394,S100DEOQ,jppfs_cor:EquityInLossesOfAffiliatesNOE,持分法による投資損失、営業外費用,decrease_20,jppfs_cor:NonOperatingExpenses
2289395,S100DEOQ,jppfs_cor:RetainedEarnings,利益剰余金,increase_10,jppfs_cor:ShareholdersEquity
2289396,S100DEOQ,jppfs_cor:ProvisionForBonuses,賞与引当金,increase_10,jppfs_cor:CurrentLiabilities
2289397,S100DEOQ,jppfs_cor:AllowanceForDoubtfulAccountsIOAByGroup,貸倒引当金、投資その他の資産、一括控除,stable,jppfs_cor:InvestmentsAndOtherAssets
2289398,S100DEOQ,jppfs_cor:MiscellaneousIncomeNOI,雑収入、営業外収益,decrease_20,jppfs_cor:NonOperatingIncome
2289399,S100DEOQ,jppfs_cor:MiscellaneousLossNOE,雑損失、営業外費用,decrease_20,jppfs_cor:NonOperatingExpenses
2289400,S100DEOQ,jppfs_cor:OtherIA,その他、無形固定資産,decrease_10,jppfs_cor:IntangibleAssets
2289401,S100DEOQ,jppfs_cor:OtherPPE,その他、有形固定資産,stable,jppfs_cor:OtherNetPPE
2289402,S100DEOQ,jppfs_cor:PropertyPlantAndEquipment,有形固定資産,stable,jppfs_cor:NoncurrentAssets
2289403,S100DEOQ,jppfs_cor:ForeignCurrencyTranslationAdjustment,為替換算調整勘定,increase_20,jppfs_cor:ValuationAndTranslationAdjustments
2289404,S100DEOQ,jppfs_cor:LossOnSalesAndRetirementOfNoncurrentAssetsEL,固定資産除売却損、特別損失,decrease_20,jppfs_cor:ExtraordinaryLoss
2289405,S100DEOQ,jppfs_cor:IncomeTaxesDeferred,法人税等調整額,decrease_20,jppfs_cor:IncomeTaxes
2289406,S100DEOQ,jppfs_cor:CapitalStock,資本金,stable,jppfs_cor:ShareholdersEquity
2289407,S100DEOQ,jppfs_cor:NoncurrentLiabilities,固定負債,increase_20,jppfs_cor:Liabilities
2289408,S100DEOQ,jppfs_cor:OrdinaryIncome,経常利益又は経常損失（△）,increase_20,jppfs_cor:IncomeBeforeIncomeTaxes
2289409,S100DEOQ,jppfs_cor:CashAndDeposits,現金及び預金,increase_20,jppfs_cor:CurrentAssets
2289410,S100DEOQ,jppfs_cor:InvestmentsInCapitalOfSubsidiariesAndAffiliates,関係会社出資金,decrease_20,jppfs_cor:InvestmentsAndOtherAssets
2289411,S100DEOQ,jppfs_cor:OperatingIncome,営業利益又は営業損失（△）,increase_10,jppfs_cor:OrdinaryIncome
2289412,S100DEOQ,jppfs_cor:NoncurrentAssets,固定資産,stable,jppfs_cor:Assets
2289413,S100DEOQ,jppfs_cor:CurrentLiabilities,流動負債,increase_10,jppfs_cor:Liabilities
2289414,S100DEOQ,jppfs_cor:NetDefinedBenefitLiability,退職給付に係る負債,stable,jppfs_cor:NoncurrentLiabilities
2289415,S100DEOQ,jppfs_cor:CurrentPortionOfLongTermLoansPayable,1年内返済予定の長期借入金,decrease_20,jppfs_cor:CurrentLiabilities
2289416,S100DEOQ,jppfs_cor:IntangibleAssets,無形固定資産,decrease_10,jppfs_cor:NoncurrentAssets
2289417,S100DEOQ,jppfs_cor:MachineryEquipmentAndVehicles,機械装置及び運搬具,stable,jppfs_cor:MachineryEquipmentAndVehiclesNet
2289418,S100DEOQ,jppfs_cor:InterestExpensesNOE,支払利息、営業外費用,stable,jppfs_cor:NonOperatingExpenses
2289419,S100DEOQ,jppfs_cor:NonOperatingIncome,営業外収益,increase_20,jppfs_cor:OrdinaryIncome
2289420,S100DEOQ,jppfs_cor:ProvisionForLossOnConstructionContracts,工事損失引当金,new,jppfs_cor:CurrentLiabilities
2289421,S100DEOQ,jppfs_cor:GrossProfit,売上総利益又は売上総損失（△）,increase_10,jppfs_cor:OperatingIncome
2289422,S100DEOQ,jppfs_cor:InterestAndDividendsIncomeNOI,受取利息及び配当金、営業外収益,increase_10,jppfs_cor:NonOperatingIncome
2289423,S100DEOQ,jppfs_cor:CapitalSurplus,資本剰余金,stable,jppfs_cor:ShareholdersEquity
2289424,S100DEOQ,jppfs_cor:ProvisionForWarrantiesForCompletedConstruction,完成工事補償引当金,decrease_20,jppfs_cor:CurrentLiabilities
2289425,S100DEOQ,jppfs_cor:AccumulatedDepreciationOtherPPE,減価償却累計額、その他、有形固定資産,increase_10,jppfs_cor:OtherNetPPE
2289426,S100DEOQ,jppfs_cor:ProfitLoss,当期純利益又は当期純損失（△）（平成26年3月28日財規等改正後）,increase_20,top_account
2289427,S100DEOQ,jppfs_cor:WorkInProcess,仕掛品,increase_20,jppfs_cor:CurrentAssets
2289428,S100DEOQ,jppfs_cor:ProfitLossAttributableToOwnersOfParent,親会社株主に帰属する当期純利益又は親会社株主に帰属する当期純損失（△）,increase_20,not_common_account
2289429,S100DEOQ,jppfs_cor:Land,土地,stable,jppfs_cor:PropertyPlantAndEquipment
2289430,S100DEOQ,jppfs_cor:OtherIOA,その他、投資その他の資産,increase_20,jppfs_cor:InvestmentsAndOtherAssets
2289431,S100DEOQ,jppfs_cor:ValuationDifferenceOnAvailableForSaleSecurities,その他有価証券評価差額金,increase_20,jppfs_cor:ValuationAndTranslationAdjustments
2289432,S100DEOQ,jppfs_cor:NonOperatingExpenses,営業外費用,decrease_20,jppfs_cor:OrdinaryIncome
2289433,S100DEOQ,jppfs_cor:AllowanceForDoubtfulAccountsCA,貸倒引当金、流動資産、一括控除,increase_10,jppfs_cor:CurrentAssets
2289434,S100DEOQ,jppfs_cor:CurrentAssets,流動資産,increase_20,jppfs_cor:Assets
2289435,S100DEOQ,jppfs_cor:SellingGeneralAndAdministrativeExpenses,販売費及び一般管理費,increase_10,jppfs_cor:OperatingIncome
2289436,S100DEOQ,jppfs_cor:AccumulatedDepreciationBuildingsAndStructures,減価償却累計額、建物及び構築物,increase_10,jppfs_cor:BuildingsAndStructuresNet
2289437,S100DEOQ,jppfs_cor:AccumulatedDepreciationMachineryEquipmentAndVehicles,減価償却累計額、機械装置及び運搬具,increase_10,jppfs_cor:MachineryEquipmentAndVehiclesNet
2289438,S100DEOQ,jppfs_cor:ConstructionInProgress,建設仮勘定,decrease_10,jppfs_cor:PropertyPlantAndEquipment
2289439,S100DEOQ,jppfs_cor:ShortTermInvestmentSecurities,有価証券,increase_20,jppfs_cor:CurrentAssets
2289440,S100DEOQ,jppfs_cor:SubsidyIncomeNOI,補助金収入、営業外収益,increase_20,jppfs_cor:NonOperatingIncome
2289441,S100DEOQ,jppfs_cor:NotesAndAccountsReceivableTrade,受取手形及び売掛金,increase_20,jppfs_cor:CurrentAssets
2289442,S100DEOQ,jppfs_cor:IncomeBeforeIncomeTaxes,税引前当期純利益又は税引前当期純損失（△）,increase_20,jppfs_cor:ProfitLoss
2289443,S100DEOQ,jpcrp030000-asr_E01055-000:ForeignWithholdingTaxesNOE,外国源泉税,increase_20,jppfs_cor:NonOperatingExpenses
2289444,S100DEOQ,jppfs_cor:NotesAndAccountsPayableTrade,支払手形及び買掛金,increase_20,jppfs_cor:CurrentLiabilities
2289445,S100DEOQ,jppfs_cor:InvestmentsAndOtherAssets,投資その他の資産,increase_10,jppfs_cor:NoncurrentAssets
2289446,S100DEOQ,jppfs_cor:ShareholdersEquity,株主資本,increase_10,jppfs_cor:NetAssets
2289447,S100DEOQ,jppfs_cor:RawMaterialsAndSupplies,原材料及び貯蔵品,increase_10,jppfs_cor:CurrentAssets
2289448,S100DEOQ,jppfs_cor:RemeasurementsOfDefinedBenefitPlans,退職給付に係る調整累計額,decrease_20,jppfs_cor:ValuationAndTranslationAdjustments
2385971,S100D942,jppfs_cor:CashAndDeposits,現金及び預金,stable,jppfs_cor:CurrentAssets
2385972,S100D942,jppfs_cor:OtherNCL,その他、固定負債,stable,jppfs_cor:NoncurrentLiabilities
2385973,S100D942,jppfs_cor:DeferredTaxAssetsIOA,繰延税金資産、投資その他の資産,increase_20,jppfs_cor:InvestmentsAndOtherAssets
2385974,S100D942,jppfs_cor:OtherCL,その他、流動負債,decrease_10,jppfs_cor:CurrentLiabilities
2385975,S100D942,jppfs_cor:InvestmentSecurities,投資有価証券,new,jppfs_cor:InvestmentsAndOtherAssets
2385976,S100D942,jppfs_cor:LeaseAndGuaranteeDeposits,敷金及び保証金,increase_20,jppfs_cor:InvestmentsAndOtherAssets
2385977,S100D942,jppfs_cor:NonOperatingIncome,営業外収益,decrease_10,jppfs_cor:OrdinaryIncome
2385978,S100D942,jppfs_cor:Software,ソフトウエア,increase_20,jppfs_cor:IntangibleAssets
2385979,S100D942,jppfs_cor:NotesAndAccountsPayableTrade,支払手形及び買掛金,increase_10,jppfs_cor:CurrentLiabilities
2385980,S100D942,jppfs_cor:PropertyPlantAndEquipment,有形固定資産,stable,jppfs_cor:NoncurrentAssets
2385981,S100D942,jppfs_cor:ValuationAndTranslationAdjustments,評価・換算差額等,decrease_20,jppfs_cor:NetAssets
2385982,S100D942,jppfs_cor:ProfitLoss,当期純利益又は当期純損失（△）（平成26年3月28日財規等改正後）,decrease_20,top_account
2385983,S100D942,jppfs_cor:ForeignCurrencyTranslationAdjustment,為替換算調整勘定,decrease_20,jppfs_cor:ValuationAndTranslationAdjustments
2385984,S100D942,jppfs_cor:NotesAndAccountsReceivableTrade,受取手形及び売掛金,stable,jppfs_cor:CurrentAssets
2385985,S100D942,jppfs_cor:OtherCA,その他、流動資産,decrease_10,jppfs_cor:CurrentAssets
2385986,S100D942,jppfs_cor:IntangibleAssets,無形固定資産,increase_10,jppfs_cor:NoncurrentAssets
2385987,S100D942,jppfs_cor:AllowanceForDoubtfulAccountsCA,貸倒引当金、流動資産、一括控除,stable,jppfs_cor:CurrentAssets
2385988,S100D942,jppfs_cor:InvestmentsAndOtherAssets,投資その他の資産,increase_20,jppfs_cor:NoncurrentAssets
2385989,S100D942,jppfs_cor:LossOnValuationOfInvestmentSecuritiesEL,投資有価証券評価損、特別損失,new,jppfs_cor:ExtraordinaryLoss
2385990,S100D942,jppfs_cor:IncomeTaxesPayable,未払法人税等,increase_20,jppfs_cor:CurrentLiabilities
2385991,S100D942,jppfs_cor:AccountsPayableOther,未払金,increase_10,jppfs_cor:CurrentLiabilities
2385992,S100D942,jpcrp030000-asr_E05456-000:IncomeFromExpirationOfGiftCardsNOI,ギフトカード失効益,increase_20,jppfs_cor:NonOperatingIncome
2385993,S100D942,jppfs_cor:NetSales,売上高,stable,jppfs_cor:GrossProfit
2385994,S100D942,jppfs_cor:IncomeTaxesDeferred,法人税等調整額,decrease_20,jppfs_cor:IncomeTaxes
2385995,S100D942,jppfs_cor:ForeignExchangeLossesNOE,為替差損、営業外費用,decrease_20,jppfs_cor:NonOperatingExpenses
2385996,S100D942,jppfs_cor:OtherNOI,その他、営業外収益,increase_20,jppfs_cor:NonOperatingIncome
2385997,S100D942,jppfs_cor:ProvisionForPointCardCertificatesCL,ポイント引当金、流動負債,increase_20,jppfs_cor:CurrentLiabilities
2385998,S100D942,jppfs_cor:SellingGeneralAndAdministrativeExpenses,販売費及び一般管理費,stable,jppfs_cor:OperatingIncome
2385999,S100D942,jppfs_cor:ValuationDifferenceOnAvailableForSaleSecurities,その他有価証券評価差額金,decrease_20,jppfs_cor:ValuationAndTranslationAdjustments
2386000,S100D942,jppfs_cor:OtherIA,その他、無形固定資産,decrease_20,jppfs_cor:IntangibleAssets
2386001,S100D942,jppfs_cor:DeferredTaxAssetsCA,繰延税金資産、流動資産,stable,jppfs_cor:CurrentAssets
2386002,S100D942,jppfs_cor:IncomeTaxes,法人税等,decrease_20,jppfs_cor:ProfitLoss
2386003,S100D942,jppfs_cor:ExtraordinaryLoss,特別損失,new,jppfs_cor:IncomeBeforeIncomeTaxes
2386004,S100D942,jppfs_cor:RetainedEarnings,利益剰余金,increase_10,jppfs_cor:ShareholdersEquity
2386005,S100D942,jppfs_cor:NonOperatingExpenses,営業外費用,decrease_20,jppfs_cor:OrdinaryIncome
2386006,S100D942,jppfs_cor:IncomeTaxesCurrent,法人税、住民税及び事業税,stable,jppfs_cor:IncomeTaxes
2386007,S100D942,jppfs_cor:GainOnLiquidationOfSubsidiariesAndAffiliatesEI,関係会社清算益、特別利益,new,jppfs_cor:ExtraordinaryIncome
2386008,S100D942,jppfs_cor:CurrentLiabilities,流動負債,increase_10,jppfs_cor:Liabilities
2386009,S100D942,jppfs_cor:OperatingIncome,営業利益又は営業損失（△）,decrease_20,jppfs_cor:OrdinaryIncome
2386010,S100D942,jppfs_cor:CurrentAssets,流動資産,stable,jppfs_cor:Assets
2386011,S100D942,jppfs_cor:TreasuryStock,自己株式,stable,jppfs_cor:ShareholdersEquity
2386012,S100D942,jppfs_cor:ProfitLossAttributableToOwnersOfParent,親会社株主に帰属する当期純利益又は親会社株主に帰属する当期純損失（△）,decrease_20,not_common_account
2386013,S100D942,jppfs_cor:AccountsReceivableOther,未収入金,decrease_10,jppfs_cor:CurrentAssets
2386014,S100D942,jppfs_cor:NoncurrentLiabilities,固定負債,stable,jppfs_cor:Liabilities
2386015,S100D942,jppfs_cor:ExtraordinaryIncome,特別利益,new,jppfs_cor:IncomeBeforeIncomeTaxes
2386016,S100D942,jppfs_cor:NoncurrentAssets,固定資産,increase_10,jppfs_cor:Assets
2386017,S100D942,jppfs_cor:ShareholdersEquity,株主資本,increase_10,jppfs_cor:NetAssets
2386018,S100D942,jppfs_cor:SubsidyIncomeNOI,補助金収入、営業外収益,decrease_20,jppfs_cor:NonOperatingIncome
2386019,S100D942,jppfs_cor:SubsidyIncomeNOIBounty,助成金収入、営業外収益,decrease_10,jppfs_cor:NonOperatingIncome
2386020,S100D942,jppfs_cor:GrossProfit,売上総利益又は売上総損失（△）,decrease_10,jppfs_cor:OperatingIncome
2386021,S100D942,jppfs_cor:Liabilities,負債,increase_10,jppfs_cor:LiabilitiesAndNetAssets
2386022,S100D942,jppfs_cor:CostOfSales,売上原価,increase_10,jppfs_cor:GrossProfit
2386023,S100D942,jppfs_cor:AssetRetirementObligationsNCL,資産除去債務、固定負債,stable,jppfs_cor:NoncurrentLiabilities
2386024,S100D942,jppfs_cor:OrdinaryIncome,経常利益又は経常損失（△）,decrease_20,jppfs_cor:IncomeBeforeIncomeTaxes
2386025,S100D942,jppfs_cor:OtherIOA,その他、投資その他の資産,decrease_10,jppfs_cor:InvestmentsAndOtherAssets
2386026,S100D942,jppfs_cor:CapitalSurplus,資本剰余金,stable,jppfs_cor:ShareholdersEquity
2386027,S100D942,jppfs_cor:CapitalStock,資本金,stable,jppfs_cor:ShareholdersEquity
2386028,S100D942,jppfs_cor:ProvisionForBonuses,賞与引当金,decrease_20,jppfs_cor:CurrentLiabilities
2386029,S100D942,jppfs_cor:IncomeBeforeIncomeTaxes,税引前当期純利益又は税引前当期純損失（△）,decrease_20,jppfs_cor:ProfitLoss
2408794,S100D7H6,jppfs_cor:ProvisionForBonuses,賞与引当金,increase_10,jppfs_cor:CurrentLiabilities
2408795,S100D7H6,jppfs_cor:ForeignExchangeLossesNOE,為替差損、営業外費用,increase_10,jppfs_cor:NonOperatingExpenses
2408796,S100D7H6,jppfs_cor:SellingGeneralAndAdministrativeExpenses,販売費及び一般管理費,increase_10,jppfs_cor:OperatingIncome
2408797,S100D7H6,jppfs_cor:IncomeTaxes,法人税等,increase_10,jppfs_cor:ProfitLoss
2408798,S100D7H6,jppfs_cor:ValuationAndTranslationAdjustments,評価・換算差額等,increase_20,jppfs_cor:NetAssets
2408799,S100D7H6,jppfs_cor:TreasuryStock,自己株式,stable,jppfs_cor:ShareholdersEquity
2408800,S100D7H6,jppfs_cor:Land,土地,stable,jppfs_cor:PropertyPlantAndEquipment
2408801,S100D7H6,jppfs_cor:OrdinaryIncome,経常利益又は経常損失（△）,increase_20,jppfs_cor:IncomeBeforeIncomeTaxes
2408802,S100D7H6,jppfs_cor:LossOnSalesOfNoncurrentAssetsNOE,固定資産売却損、営業外費用,new,jppfs_cor:NonOperatingExpenses
2408803,S100D7H6,jppfs_cor:InterestIncomeNOI,受取利息、営業外収益,increase_20,jppfs_cor:NonOperatingIncome
2408804,S100D7H6,jppfs_cor:IncomeBeforeIncomeTaxes,税引前当期純利益又は税引前当期純損失（△）,increase_20,jppfs_cor:ProfitLoss
2408805,S100D7H6,jppfs_cor:OperatingIncome,営業利益又は営業損失（△）,increase_20,jppfs_cor:OrdinaryIncome
2408806,S100D7H6,jppfs_cor:ValuationDifferenceOnAvailableForSaleSecurities,その他有価証券評価差額金,increase_20,jppfs_cor:ValuationAndTranslationAdjustments
2408807,S100D7H6,jppfs_cor:ProfitLoss,当期純利益又は当期純損失（△）（平成26年3月28日財規等改正後）,increase_20,top_account
2408808,S100D7H6,jppfs_cor:ShareholdersEquity,株主資本,increase_10,jppfs_cor:NetAssets
2408809,S100D7H6,jppfs_cor:ToolsFurnitureAndFixtures,工具、器具及び備品,increase_10,jppfs_cor:ToolsFurnitureAndFixturesNet
2408810,S100D7H6,jppfs_cor:DeferredTaxAssetsIOA,繰延税金資産、投資その他の資産,decrease_10,jppfs_cor:InvestmentsAndOtherAssets
2408811,S100D7H6,jppfs_cor:ForeignCurrencyTranslationAdjustment,為替換算調整勘定,increase_20,jppfs_cor:ValuationAndTranslationAdjustments
2408812,S100D7H6,jppfs_cor:AllowanceForDoubtfulAccountsCA,貸倒引当金、流動資産、一括控除,decrease_20,jppfs_cor:CurrentAssets
2408813,S100D7H6,jppfs_cor:OtherCA,その他、流動資産,increase_10,jppfs_cor:CurrentAssets
2408814,S100D7H6,jppfs_cor:MachineryEquipmentAndVehicles,機械装置及び運搬具,decrease_20,jppfs_cor:MachineryEquipmentAndVehiclesNet
2408815,S100D7H6,jppfs_cor:BuildingsAndStructures,建物及び構築物,stable,jppfs_cor:BuildingsAndStructuresNet
2408816,S100D7H6,jppfs_cor:NetDefinedBenefitLiability,退職給付に係る負債,increase_10,jppfs_cor:NoncurrentLiabilities
2408817,S100D7H6,jppfs_cor:Liabilities,負債,increase_20,jppfs_cor:LiabilitiesAndNetAssets
2408818,S100D7H6,jppfs_cor:NoncurrentAssets,固定資産,stable,jppfs_cor:Assets
2408819,S100D7H6,jppfs_cor:CapitalStock,資本金,stable,jppfs_cor:ShareholdersEquity
2408820,S100D7H6,jppfs_cor:CurrentLiabilities,流動負債,increase_20,jppfs_cor:Liabilities
2408821,S100D7H6,jppfs_cor:InsuranceFunds,保険積立金,stable,jppfs_cor:InvestmentsAndOtherAssets
2408822,S100D7H6,jppfs_cor:MerchandiseAndFinishedGoods,商品及び製品,stable,jppfs_cor:CurrentAssets
2408823,S100D7H6,jppfs_cor:Software,ソフトウエア,decrease_10,jppfs_cor:IntangibleAssets
2408824,S100D7H6,jppfs_cor:IntangibleAssets,無形固定資産,decrease_10,jppfs_cor:NoncurrentAssets
2408825,S100D7H6,jppfs_cor:AccruedExpenses,未払費用,increase_20,jppfs_cor:CurrentLiabilities
2408826,S100D7H6,jppfs_cor:WorkInProcess,仕掛品,new,jppfs_cor:CurrentAssets
2408827,S100D7H6,jppfs_cor:CostOfSales,売上原価,increase_10,jppfs_cor:GrossProfit
2408828,S100D7H6,jppfs_cor:AccumulatedDepreciationBuildingsAndStructures,減価償却累計額、建物及び構築物,increase_10,jppfs_cor:BuildingsAndStructuresNet
2408829,S100D7H6,jppfs_cor:RawMaterials,原材料,increase_10,jppfs_cor:CurrentAssets
2408830,S100D7H6,jppfs_cor:InvestmentSecurities,投資有価証券,increase_20,jppfs_cor:InvestmentsAndOtherAssets
2408831,S100D7H6,jppfs_cor:EquityInEarningsOfAffiliatesNOI,持分法による投資利益、営業外収益,decrease_10,jppfs_cor:NonOperatingIncome
2408832,S100D7H6,jppfs_cor:CurrentAssets,流動資産,increase_20,jppfs_cor:Assets
2408833,S100D7H6,jppfs_cor:PropertyPlantAndEquipment,有形固定資産,stable,jppfs_cor:NoncurrentAssets
2408834,S100D7H6,jppfs_cor:DividendsIncomeNOI,受取配当金、営業外収益,stable,jppfs_cor:NonOperatingIncome
2408835,S100D7H6,jppfs_cor:IncomeTaxesPayable,未払法人税等,stable,jppfs_cor:CurrentLiabilities
2408836,S100D7H6,jppfs_cor:AccruedConsumptionTaxes,未払消費税等,decrease_20,jppfs_cor:CurrentLiabilities
2408837,S100D7H6,jppfs_cor:CashAndDeposits,現金及び預金,increase_20,jppfs_cor:CurrentAssets
2408838,S100D7H6,jppfs_cor:IncomeTaxesDeferred,法人税等調整額,increase_20,jppfs_cor:IncomeTaxes
2408839,S100D7H6,jppfs_cor:AccountsPayableTrade,買掛金,increase_20,jppfs_cor:CurrentLiabilities
2408840,S100D7H6,jppfs_cor:AccountsPayableOther,未払金,increase_20,jppfs_cor:CurrentLiabilities
2408841,S100D7H6,jppfs_cor:InvestmentsAndOtherAssets,投資その他の資産,increase_10,jppfs_cor:NoncurrentAssets
2408842,S100D7H6,jppfs_cor:NoncurrentLiabilities,固定負債,increase_10,jppfs_cor:Liabilities
2408843,S100D7H6,jppfs_cor:RetainedEarnings,利益剰余金,increase_20,jppfs_cor:ShareholdersEquity
2408844,S100D7H6,jppfs_cor:OtherIA,その他、無形固定資産,stable,jppfs_cor:IntangibleAssets
2408845,S100D7H6,jppfs_cor:NotesAndAccountsReceivableTrade,受取手形及び売掛金,increase_10,jppfs_cor:CurrentAssets
2408846,S100D7H6,jppfs_cor:ConsumptionTaxesReceivable,未収消費税等,new,jppfs_cor:CurrentAssets
2408847,S100D7H6,jppfs_cor:OtherCL,その他、流動負債,decrease_20,jppfs_cor:CurrentLiabilities
2408848,S100D7H6,jppfs_cor:AccumulatedDepreciationToolsFurnitureAndFixtures,減価償却累計額、工具、器具及び備品,increase_10,jppfs_cor:ToolsFurnitureAndFixturesNet
2408849,S100D7H6,jppfs_cor:ProfitLossAttributableToOwnersOfParent,親会社株主に帰属する当期純利益又は親会社株主に帰属する当期純損失（△）,increase_20,not_common_account
2408850,S100D7H6,jppfs_cor:NetSales,売上高,increase_20,jppfs_cor:GrossProfit
2408851,S100D7H6,jppfs_cor:GrossProfit,売上総利益又は売上総損失（△）,increase_20,jppfs_cor:OperatingIncome
2408852,S100D7H6,jppfs_cor:AllowanceForDoubtfulAccountsIOAByGroup,貸倒引当金、投資その他の資産、一括控除,stable,jppfs_cor:InvestmentsAndOtherAssets
2408853,S100D7H6,jppfs_cor:OtherIOA,その他、投資その他の資産,stable,jppfs_cor:InvestmentsAndOtherAssets
2408854,S100D7H6,jppfs_cor:NonOperatingIncome,営業外収益,decrease_10,jppfs_cor:OrdinaryIncome
2408855,S100D7H6,jppfs_cor:NonOperatingExpenses,営業外費用,increase_20,jppfs_cor:OrdinaryIncome
2408856,S100D7H6,jppfs_cor:DeferredTaxLiabilitiesNCL,繰延税金負債、固定負債,decrease_10,jppfs_cor:NoncurrentLiabilities
2408857,S100D7H6,jppfs_cor:AccumulatedDepreciationMachineryEquipmentAndVehicles,減価償却累計額、機械装置及び運搬具,increase_10,jppfs_cor:MachineryEquipmentAndVehiclesNet
2408858,S100D7H6,jppfs_cor:CapitalSurplus,資本剰余金,stable,jppfs_cor:ShareholdersEquity
2408859,S100D7H6,jppfs_cor:IncomeTaxesCurrent,法人税、住民税及び事業税,increase_20,jppfs_cor:IncomeTaxes
2408860,S100D7H6,jppfs_cor:ConstructionInProgress,建設仮勘定,decrease_20,jppfs_cor:PropertyPlantAndEquipment
2408861,S100D7H6,jppfs_cor:ProfitLossAttributableToNonControllingInterests,非支配株主に帰属する当期純利益又は非支配株主に帰属する当期純損失（△）,decrease_20,not_common_account
2408862,S100D7H6,jppfs_cor:InvestmentsInCapitalOfSubsidiariesAndAffiliates,関係会社出資金,increase_10,jppfs_cor:InvestmentsAndOtherAssets
2408863,S100D7H6,jppfs_cor:DeferredTaxAssetsCA,繰延税金資産、流動資産,increase_10,jppfs_cor:CurrentAssets
2408864,S100D7H6,jppfs_cor:OtherNOI,その他、営業外収益,increase_20,jppfs_cor:NonOperatingIncome
2408865,S100D7H6,jppfs_cor:OtherNOE,その他、営業外費用,new,jppfs_cor:NonOperatingExpenses
2408866,S100D7H6,jppfs_cor:ProvisionForProductWarranties,製品保証引当金,new,jppfs_cor:CurrentLiabilities
2536492,S100AXSS,jppfs_cor:NoncurrentLiabilities,固定負債,stable,jppfs_cor:Liabilities
2536493,S100AXSS,jppfs_cor:CurrentLiabilities,流動負債,stable,jppfs_cor:Liabilities
2536494,S100AXSS,jppfs_cor:NoncurrentAssets,固定資産,increase_10,jppfs_cor:Assets
2536495,S100AXSS,jppfs_cor:RawMaterialsAndSupplies,原材料及び貯蔵品,stable,jppfs_cor:CurrentAssets
2536496,S100AXSS,jppfs_cor:OtherCA,その他、流動資産,increase_20,jppfs_cor:CurrentAssets
2536497,S100AXSS,jppfs_cor:InterestExpensesNOE,支払利息、営業外費用,decrease_10,jppfs_cor:NonOperatingExpenses
2536498,S100AXSS,jpcrp030000-asr_E00578-000:LongTermCollectibleReceivablesIOA,長期営業債権,increase_20,jppfs_cor:InvestmentsAndOtherAssets
2536499,S100AXSS,jppfs_cor:InvestmentSecurities,投資有価証券,increase_20,jppfs_cor:InvestmentsAndOtherAssets
2536500,S100AXSS,jppfs_cor:MerchandiseAndFinishedGoods,商品及び製品,increase_10,jppfs_cor:CurrentAssets
2536501,S100AXSS,jppfs_cor:IncomeTaxesPayable,未払法人税等,decrease_20,jppfs_cor:CurrentLiabilities
2536502,S100AXSS,jppfs_cor:IntangibleAssets,無形固定資産,increase_10,jppfs_cor:NoncurrentAssets
2536503,S100AXSS,jppfs_cor:LossOnSalesOfNotesPayableNOE,手形売却損、営業外費用,decrease_20,jppfs_cor:NonOperatingExpenses
2536504,S100AXSS,jppfs_cor:SellingGeneralAndAdministrativeExpenses,販売費及び一般管理費,increase_10,jppfs_cor:OperatingIncome
2536505,S100AXSS,jppfs_cor:LossOnValuationOfInvestmentsInCapitalEL,出資金評価損、特別損失,new,jppfs_cor:ExtraordinaryLoss
2536506,S100AXSS,jppfs_cor:PropertyPlantAndEquipment,有形固定資産,increase_10,jppfs_cor:NoncurrentAssets
2536507,S100AXSS,jppfs_cor:SubsidyIncomeNOI,補助金収入、営業外収益,decrease_20,jppfs_cor:NonOperatingIncome
2536508,S100AXSS,jppfs_cor:DividendsIncomeNOI,受取配当金、営業外収益,stable,jppfs_cor:NonOperatingIncome
2536509,S100AXSS,jppfs_cor:OrdinaryIncome,経常利益又は経常損失（△）,decrease_10,jppfs_cor:IncomeBeforeIncomeTaxes
2536510,S100AXSS,jppfs_cor:OperatingIncome,営業利益又は営業損失（△）,decrease_20,jppfs_cor:OrdinaryIncome
2536511,S100AXSS,jppfs_cor:ShareholdersEquity,株主資本,increase_10,jppfs_cor:NetAssets
2536512,S100AXSS,jppfs_cor:ForeignCurrencyTranslationAdjustment,為替換算調整勘定,increase_10,jppfs_cor:ValuationAndTranslationAdjustments
2536513,S100AXSS,jppfs_cor:TreasuryStock,自己株式,stable,jppfs_cor:ShareholdersEquity
2536514,S100AXSS,jppfs_cor:RentIncomeOnNoncurrentAssetsNOI,固定資産賃貸料、営業外収益,increase_20,jppfs_cor:NonOperatingIncome
2536515,S100AXSS,jppfs_cor:Software,ソフトウエア,increase_20,jppfs_cor:IntangibleAssets
2536516,S100AXSS,jppfs_cor:ValuationAndTranslationAdjustments,評価・換算差額等,decrease_20,jppfs_cor:NetAssets
2536517,S100AXSS,jppfs_cor:OtherNCL,その他、固定負債,new,jppfs_cor:NoncurrentLiabilities
2536518,S100AXSS,jppfs_cor:ForeignExchangeLossesNOE,為替差損、営業外費用,decrease_20,jppfs_cor:NonOperatingExpenses
2536519,S100AXSS,jppfs_cor:OtherCL,その他、流動負債,increase_10,jppfs_cor:CurrentLiabilities
2536520,S100AXSS,jppfs_cor:InterestIncomeNOI,受取利息、営業外収益,increase_10,jppfs_cor:NonOperatingIncome
2536521,S100AXSS,jppfs_cor:CashAndDeposits,現金及び預金,increase_20,jppfs_cor:CurrentAssets
2536522,S100AXSS,jppfs_cor:AllowanceForDoubtfulAccountsIOAByGroup,貸倒引当金、投資その他の資産、一括控除,increase_10,jppfs_cor:InvestmentsAndOtherAssets
2536523,S100AXSS,jppfs_cor:CurrentAssets,流動資産,stable,jppfs_cor:Assets
2536524,S100AXSS,jppfs_cor:CapitalSurplus,資本剰余金,stable,jppfs_cor:ShareholdersEquity
2536525,S100AXSS,jppfs_cor:AllowanceForDoubtfulAccountsCA,貸倒引当金、流動資産、一括控除,decrease_20,jppfs_cor:CurrentAssets
2536526,S100AXSS,jppfs_cor:DeferredTaxAssetsIOA,繰延税金資産、投資その他の資産,new,jppfs_cor:InvestmentsAndOtherAssets
2536527,S100AXSS,jppfs_cor:EquityInEarningsOfAffiliatesNOI,持分法による投資利益、営業外収益,new,jppfs_cor:NonOperatingIncome
2536528,S100AXSS,jppfs_cor:CurrentPortionOfBonds,1年内償還予定の社債,new,jppfs_cor:CurrentLiabilities
2536529,S100AXSS,jppfs_cor:OtherIA,その他、無形固定資産,decrease_20,jppfs_cor:IntangibleAssets
2536530,S100AXSS,jppfs_cor:ProfitLossAttributableToNonControllingInterests,非支配株主に帰属する当期純利益又は非支配株主に帰属する当期純損失（△）,decrease_20,not_common_account
2536531,S100AXSS,jppfs_cor:ProfitLossAttributableToOwnersOfParent,親会社株主に帰属する当期純利益又は親会社株主に帰属する当期純損失（△）,decrease_10,not_common_account
2536532,S100AXSS,jppfs_cor:DeferredTaxLiabilitiesNCL,繰延税金負債、固定負債,decrease_20,jppfs_cor:NoncurrentLiabilities
2536533,S100AXSS,jppfs_cor:DeferredTaxAssetsCA,繰延税金資産、流動資産,increase_10,jppfs_cor:CurrentAssets
2536534,S100AXSS,jppfs_cor:NetSales,売上高,increase_10,jppfs_cor:GrossProfit
2536535,S100AXSS,jppfs_cor:GrossProfit,売上総利益又は売上総損失（△）,stable,jppfs_cor:OperatingIncome
2536536,S100AXSS,jppfs_cor:ProvisionForEnvironmentalMeasuresEL,環境対策引当金繰入額、特別損失,new,jppfs_cor:ExtraordinaryLoss
2536537,S100AXSS,jppfs_cor:ProfitLoss,当期純利益又は当期純損失（△）（平成26年3月28日財規等改正後）,decrease_10,top_account
2536538,S100AXSS,jpcrp030000-asr_E00578-000:DismantlementExpensesEL,解体撤去費用,new,jppfs_cor:ExtraordinaryLoss
2536539,S100AXSS,jppfs_cor:MiscellaneousLossNOE,雑損失、営業外費用,increase_10,jppfs_cor:NonOperatingExpenses
2536540,S100AXSS,jppfs_cor:ImpairmentLossEL,減損損失、特別損失,new,jppfs_cor:ExtraordinaryLoss
2536541,S100AXSS,jppfs_cor:MiscellaneousIncomeNOI,雑収入、営業外収益,stable,jppfs_cor:NonOperatingIncome
2536542,S100AXSS,jppfs_cor:Liabilities,負債,stable,jppfs_cor:LiabilitiesAndNetAssets
2536543,S100AXSS,jppfs_cor:BondsPayable,社債,decrease_20,jppfs_cor:NoncurrentLiabilities
2536544,S100AXSS,jppfs_cor:NotesAndAccountsReceivableTrade,受取手形及び売掛金,decrease_10,jppfs_cor:CurrentAssets
2536545,S100AXSS,jpcrp030000-asr_E00578-000:LossOnDisposalOfPCBEL,ＰＣＢ処理費用,new,jppfs_cor:ExtraordinaryLoss
2536546,S100AXSS,jppfs_cor:CapitalStock,資本金,stable,jppfs_cor:ShareholdersEquity
2536547,S100AXSS,jppfs_cor:ExtraordinaryIncome,特別利益,decrease_20,jppfs_cor:IncomeBeforeIncomeTaxes
2536548,S100AXSS,jppfs_cor:WorkInProcess,仕掛品,stable,jppfs_cor:CurrentAssets
2536549,S100AXSS,jppfs_cor:ExtraordinaryLoss,特別損失,new,jppfs_cor:IncomeBeforeIncomeTaxes
2536550,S100AXSS,jppfs_cor:IncomeTaxes,法人税等,decrease_20,jppfs_cor:ProfitLoss
2536551,S100AXSS,jppfs_cor:CostOfSales,売上原価,increase_10,jppfs_cor:GrossProfit
2536552,S100AXSS,jppfs_cor:IncomeTaxesDeferred,法人税等調整額,decrease_20,jppfs_cor:IncomeTaxes
2536553,S100AXSS,jppfs_cor:NonOperatingIncome,営業外収益,increase_10,jppfs_cor:OrdinaryIncome
2536554,S100AXSS,jppfs_cor:NotesAndAccountsPayableTrade,支払手形及び買掛金,stable,jppfs_cor:CurrentLiabilities
2536555,S100AXSS,jppfs_cor:NonOperatingExpenses,営業外費用,decrease_20,jppfs_cor:OrdinaryIncome
2536556,S100AXSS,jppfs_cor:Land,土地,increase_10,jppfs_cor:PropertyPlantAndEquipment
2536557,S100AXSS,jppfs_cor:LossOnRetirementOfNoncurrentAssetsEL,固定資産除却損、特別損失,new,jppfs_cor:ExtraordinaryLoss
2536558,S100AXSS,jppfs_cor:IncomeTaxesCurrent,法人税、住民税及び事業税,decrease_20,jppfs_cor:IncomeTaxes
2536559,S100AXSS,jppfs_cor:GainOnSalesOfNoncurrentAssetsEI,固定資産売却益、特別利益,decrease_20,jppfs_cor:ExtraordinaryIncome
2536560,S100AXSS,jppfs_cor:NetDefinedBenefitLiability,退職給付に係る負債,decrease_10,jppfs_cor:NoncurrentLiabilities
2536561,S100AXSS,jppfs_cor:ProvisionForDirectorsRetirementBenefits,役員退職慰労引当金,increase_10,jppfs_cor:NoncurrentLiabilities
2536562,S100AXSS,jppfs_cor:IncomeBeforeIncomeTaxes,税引前当期純利益又は税引前当期純損失（△）,decrease_20,jppfs_cor:ProfitLoss
2536563,S100AXSS,jppfs_cor:ClaimsProvableInBankruptcyClaimsProvableInRehabilitationAndOther,破産更生債権等,decrease_20,jppfs_cor:InvestmentsAndOtherAssets
2536564,S100AXSS,jppfs_cor:InvestmentsAndOtherAssets,投資その他の資産,increase_10,jppfs_cor:NoncurrentAssets
2536565,S100AXSS,jppfs_cor:LongTermLoansPayable,長期借入金,stable,jppfs_cor:NoncurrentLiabilities
2536566,S100AXSS,jppfs_cor:ValuationDifferenceOnAvailableForSaleSecurities,その他有価証券評価差額金,decrease_20,jppfs_cor:ValuationAndTranslationAdjustments
2536567,S100AXSS,jppfs_cor:OtherIOA,その他、投資その他の資産,stable,jppfs_cor:InvestmentsAndOtherAssets
2536568,S100AXSS,jppfs_cor:ConstructionInProgress,建設仮勘定,increase_20,jppfs_cor:PropertyPlantAndEquipment
2536569,S100AXSS,jppfs_cor:ShortTermLoansPayable,短期借入金,decrease_10,jppfs_cor:CurrentLiabilities
2536570,S100AXSS,jppfs_cor:ProvisionForBonuses,賞与引当金,stable,jppfs_cor:CurrentLiabilities
2536571,S100AXSS,jppfs_cor:RetainedEarnings,利益剰余金,increase_10,jppfs_cor:ShareholdersEquity
2536572,S100AXSS,jppfs_cor:LongTermLoansReceivable,長期貸付金,increase_20,jppfs_cor:InvestmentsAndOtherAssets
2536573,S100AXSS,jppfs_cor:ProvisionForEnvironmentalMeasuresNCL,環境対策引当金、固定負債,new,jppfs_cor:NoncurrentLiabilities
2536574,S100AXSS,jppfs_cor:LongTermAccountsPayableOther,長期未払金,decrease_20,jppfs_cor:NoncurrentLiabilities
2544223,S100ARWR,jppfs_cor:NetSales,売上高,increase_10,jppfs_cor:GrossProfit
2544224,S100ARWR,jppfs_cor:OtherIA,その他、無形固定資産,decrease_10,jppfs_cor:IntangibleAssets
2544225,S100ARWR,jppfs_cor:Liabilities,負債,stable,jppfs_cor:LiabilitiesAndNetAssets
2544226,S100ARWR,jppfs_cor:BondsPayable,社債,stable,jppfs_cor:NoncurrentLiabilities
2544227,S100ARWR,jppfs_cor:InvestmentsAndOtherAssets,投資その他の資産,stable,jppfs_cor:NoncurrentAssets
2544228,S100ARWR,jppfs_cor:Land,土地,stable,jppfs_cor:PropertyPlantAndEquipment
2544229,S100ARWR,jppfs_cor:LossOnValuationOfDerivativesNOE,デリバティブ評価損、営業外費用,decrease_20,jppfs_cor:NonOperatingExpenses
2544230,S100ARWR,jppfs_cor:OtherNCL,その他、固定負債,stable,jppfs_cor:NoncurrentLiabilities
2544231,S100ARWR,jppfs_cor:AccumulatedDepreciationMachineryEquipmentAndVehicles,減価償却累計額、機械装置及び運搬具,stable,jppfs_cor:MachineryEquipmentAndVehiclesNet
2544232,S100ARWR,jppfs_cor:Goodwill,のれん,increase_10,jppfs_cor:IntangibleAssets
2544233,S100ARWR,jppfs_cor:AccountsPayableOther,未払金,decrease_10,jppfs_cor:CurrentLiabilities
2544234,S100ARWR,jppfs_cor:CapitalStock,資本金,stable,jppfs_cor:ShareholdersEquity
2544235,S100ARWR,jppfs_cor:WorkInProcess,仕掛品,increase_10,jppfs_cor:CurrentAssets
2544236,S100ARWR,jppfs_cor:OtherNOE,その他、営業外費用,decrease_20,jppfs_cor:NonOperatingExpenses
2544237,S100ARWR,jppfs_cor:ElectronicallyRecordedObligationsOperatingCL,電子記録債務、流動負債,decrease_10,jppfs_cor:CurrentLiabilities
2544238,S100ARWR,jppfs_cor:OtherNOI,その他、営業外収益,stable,jppfs_cor:NonOperatingIncome
2544239,S100ARWR,jppfs_cor:ImpairmentLossEL,減損損失、特別損失,increase_20,jppfs_cor:ExtraordinaryLoss
2544240,S100ARWR,jppfs_cor:RawMaterialsAndSupplies,原材料及び貯蔵品,stable,jppfs_cor:CurrentAssets
2544241,S100ARWR,jppfs_cor:AccumulatedDepreciationOtherPPE,減価償却累計額、その他、有形固定資産,stable,jppfs_cor:OtherNetPPE
2544242,S100ARWR,jppfs_cor:DeferredTaxAssetsCA,繰延税金資産、流動資産,decrease_20,jppfs_cor:CurrentAssets
2544243,S100ARWR,jppfs_cor:SellingGeneralAndAdministrativeExpenses,販売費及び一般管理費,stable,jppfs_cor:OperatingIncome
2544244,S100ARWR,jppfs_cor:ForeignExchangeGainsNOI,為替差益、営業外収益,decrease_10,jppfs_cor:NonOperatingIncome
2544245,S100ARWR,jppfs_cor:NetDefinedBenefitAsset,退職給付に係る資産,increase_10,jppfs_cor:InvestmentsAndOtherAssets
2544246,S100ARWR,jppfs_cor:NotesAndAccountsPayableTrade,支払手形及び買掛金,stable,jppfs_cor:CurrentLiabilities
2544247,S100ARWR,jppfs_cor:NotesAndAccountsReceivableTrade,受取手形及び売掛金,stable,jppfs_cor:CurrentAssets
2544248,S100ARWR,jppfs_cor:OtherCA,その他、流動資産,stable,jppfs_cor:CurrentAssets
2544249,S100ARWR,jppfs_cor:OtherCL,その他、流動負債,stable,jppfs_cor:CurrentLiabilities
2544250,S100ARWR,jppfs_cor:ForeignCurrencyTranslationAdjustment,為替換算調整勘定,decrease_20,jppfs_cor:ValuationAndTranslationAdjustments
2544251,S100ARWR,jppfs_cor:ShareholdersEquity,株主資本,stable,jppfs_cor:NetAssets
2544252,S100ARWR,jppfs_cor:ShortTermInvestmentSecurities,有価証券,decrease_20,jppfs_cor:CurrentAssets
2544253,S100ARWR,jppfs_cor:TreasuryStock,自己株式,increase_20,jppfs_cor:ShareholdersEquity
2544254,S100ARWR,jppfs_cor:RevaluationReserveForLand,土地再評価差額金,stable,jppfs_cor:ValuationAndTranslationAdjustments
2544255,S100ARWR,jppfs_cor:ProfitLoss,当期純利益又は当期純損失（△）（平成26年3月28日財規等改正後）,stable,top_account
2544256,S100ARWR,jppfs_cor:NoncurrentLiabilities,固定負債,stable,jppfs_cor:Liabilities
2544257,S100ARWR,jppfs_cor:DeferredGainsOrLossesOnHedges,繰延ヘッジ損益,decrease_20,jppfs_cor:ValuationAndTranslationAdjustments
2544258,S100ARWR,jppfs_cor:BuildingsAndStructures,建物及び構築物,stable,jppfs_cor:BuildingsAndStructuresNet
2544259,S100ARWR,jppfs_cor:LeaseAndGuaranteeDeposits,敷金及び保証金,stable,jppfs_cor:InvestmentsAndOtherAssets
2544260,S100ARWR,jppfs_cor:NetDefinedBenefitLiability,退職給付に係る負債,stable,jppfs_cor:NoncurrentLiabilities
2544261,S100ARWR,jppfs_cor:CurrentAssets,流動資産,stable,jppfs_cor:Assets
2544262,S100ARWR,jppfs_cor:CurrentLiabilities,流動負債,decrease_10,jppfs_cor:Liabilities
2544263,S100ARWR,jppfs_cor:GainOnSalesOfInvestmentSecuritiesEI,投資有価証券売却益、特別利益,new,jppfs_cor:ExtraordinaryIncome
2544264,S100ARWR,jppfs_cor:OperatingLoansCA,営業貸付金、流動資産,increase_10,jppfs_cor:CurrentAssets
2544265,S100ARWR,jppfs_cor:OtherPPE,その他、有形固定資産,stable,jppfs_cor:OtherNetPPE
2544266,S100ARWR,jppfs_cor:GrossProfit,売上総利益又は売上総損失（△）,stable,jppfs_cor:OperatingIncome
2544267,S100ARWR,jppfs_cor:MachineryEquipmentAndVehicles,機械装置及び運搬具,stable,jppfs_cor:MachineryEquipmentAndVehiclesNet
2544268,S100ARWR,jppfs_cor:InterestExpensesNOE,支払利息、営業外費用,increase_20,jppfs_cor:NonOperatingExpenses
2544269,S100ARWR,jppfs_cor:InterestIncomeNOI,受取利息、営業外収益,decrease_10,jppfs_cor:NonOperatingIncome
2544270,S100ARWR,jppfs_cor:NoncurrentAssets,固定資産,stable,jppfs_cor:Assets
2544271,S100ARWR,jppfs_cor:LeaseAssetsPPE,リース資産、有形固定資産,stable,jppfs_cor:LeaseAssetsNetPPE
2544272,S100ARWR,jppfs_cor:ValuationAndTranslationAdjustments,評価・換算差額等,stable,jppfs_cor:NetAssets
2544273,S100ARWR,jppfs_cor:AccumulatedDepreciationLeaseAssetsPPE,減価償却累計額、リース資産、有形固定資産,increase_20,jppfs_cor:LeaseAssetsNetPPE
2544274,S100ARWR,jppfs_cor:LossOnSalesAndRetirementOfNoncurrentAssetsEL,固定資産除売却損、特別損失,decrease_20,jppfs_cor:ExtraordinaryLoss
2544275,S100ARWR,jppfs_cor:PropertyPlantAndEquipment,有形固定資産,stable,jppfs_cor:NoncurrentAssets
2544276,S100ARWR,jppfs_cor:AllowanceForDoubtfulAccountsIOAByGroup,貸倒引当金、投資その他の資産、一括控除,stable,jppfs_cor:InvestmentsAndOtherAssets
2544277,S100ARWR,jppfs_cor:IncomeTaxesPayable,未払法人税等,decrease_20,jppfs_cor:CurrentLiabilities
2544278,S100ARWR,jppfs_cor:IncomeBeforeIncomeTaxes,税引前当期純利益又は税引前当期純損失（△）,stable,jppfs_cor:ProfitLoss
2544279,S100ARWR,jppfs_cor:MerchandiseAndFinishedGoods,商品及び製品,stable,jppfs_cor:CurrentAssets
2544280,S100ARWR,jppfs_cor:InvestmentSecurities,投資有価証券,stable,jppfs_cor:InvestmentsAndOtherAssets
2544281,S100ARWR,jppfs_cor:IntangibleAssets,無形固定資産,stable,jppfs_cor:NoncurrentAssets
2544282,S100ARWR,jppfs_cor:NonOperatingExpenses,営業外費用,decrease_20,jppfs_cor:OrdinaryIncome
2544283,S100ARWR,jppfs_cor:NonOperatingIncome,営業外収益,stable,jppfs_cor:OrdinaryIncome
2544284,S100ARWR,jppfs_cor:AccumulatedDepreciationBuildingsAndStructures,減価償却累計額、建物及び構築物,stable,jppfs_cor:BuildingsAndStructuresNet
2544285,S100ARWR,jppfs_cor:AllowanceForDoubtfulAccountsCA,貸倒引当金、流動資産、一括控除,increase_10,jppfs_cor:CurrentAssets
2544286,S100ARWR,jppfs_cor:DeferredTaxAssetsIOA,繰延税金資産、投資その他の資産,increase_10,jppfs_cor:InvestmentsAndOtherAssets
2544287,S100ARWR,jppfs_cor:AccumulatedDepreciationRealEstateForInvestment,減価償却累計額、投資不動産,decrease_10,jppfs_cor:RealEstateForInvestmentNet
2544288,S100ARWR,jppfs_cor:CashAndDeposits,現金及び預金,decrease_10,jppfs_cor:CurrentAssets
2544289,S100ARWR,jppfs_cor:ShortTermLoansPayable,短期借入金,decrease_20,jppfs_cor:CurrentLiabilities
2544290,S100ARWR,jppfs_cor:RetainedEarnings,利益剰余金,stable,jppfs_cor:ShareholdersEquity
2544291,S100ARWR,jppfs_cor:LongTermLoansReceivable,長期貸付金,decrease_10,jppfs_cor:InvestmentsAndOtherAssets
2544292,S100ARWR,jppfs_cor:LongTermLoansPayable,長期借入金,stable,jppfs_cor:NoncurrentLiabilities
2544293,S100ARWR,jppfs_cor:RealEstateForInvestmentNet,投資不動産,increase_20,jppfs_cor:InvestmentsAndOtherAssets
2544294,S100ARWR,jppfs_cor:ValuationDifferenceOnAvailableForSaleSecurities,その他有価証券評価差額金,stable,jppfs_cor:ValuationAndTranslationAdjustments
2544295,S100ARWR,jppfs_cor:RealEstateForInvestment,投資不動産,increase_10,jppfs_cor:RealEstateForInvestmentNet
2544296,S100ARWR,jppfs_cor:ProvisionForBonuses,賞与引当金,increase_10,jppfs_cor:CurrentLiabilities
2544297,S100ARWR,jppfs_cor:RemeasurementsOfDefinedBenefitPlans,退職給付に係る調整累計額,decrease_20,jppfs_cor:ValuationAndTranslationAdjustments
2544298,S100ARWR,jppfs_cor:CapitalSurplus,資本剰余金,stable,jppfs_cor:ShareholdersEquity
2544299,S100ARWR,jppfs_cor:ConstructionInProgress,建設仮勘定,increase_10,jppfs_cor:PropertyPlantAndEquipment
2544300,S100ARWR,jppfs_cor:ProvisionForPointCardCertificatesNCL,ポイント引当金、固定負債,stable,jppfs_cor:NoncurrentLiabilities
2544301,S100ARWR,jppfs_cor:OtherIOA,その他、投資その他の資産,decrease_20,jppfs_cor:InvestmentsAndOtherAssets
2544302,S100ARWR,jppfs_cor:ProfitLossAttributableToNonControllingInterests,非支配株主に帰属する当期純利益又は非支配株主に帰属する当期純損失（△）,increase_20,not_common_account
2544303,S100ARWR,jppfs_cor:ProfitLossAttributableToOwnersOfParent,親会社株主に帰属する当期純利益又は親会社株主に帰属する当期純損失（△）,stable,not_common_account
2544304,S100ARWR,jppfs_cor:ExtraordinaryIncome,特別利益,new,jppfs_cor:IncomeBeforeIncomeTaxes
2544305,S100ARWR,jppfs_cor:ExtraordinaryLoss,特別損失,increase_10,jppfs_cor:IncomeBeforeIncomeTaxes
2544306,S100ARWR,jppfs_cor:IncomeTaxesDeferred,法人税等調整額,decrease_20,jppfs_cor:IncomeTaxes
2544307,S100ARWR,jppfs_cor:GainOnSalesOfNoncurrentAssetsEI,固定資産売却益、特別利益,new,jppfs_cor:ExtraordinaryIncome
2544308,S100ARWR,jppfs_cor:IncomeTaxesCurrent,法人税、住民税及び事業税,stable,jppfs_cor:IncomeTaxes
2544309,S100ARWR,jppfs_cor:OperatingIncome,営業利益又は営業損失（△）,decrease_10,jppfs_cor:OrdinaryIncome
2544310,S100ARWR,jppfs_cor:LossOnValuationOfInvestmentsInCapitalEL,出資金評価損、特別損失,new,jppfs_cor:ExtraordinaryLoss
2544311,S100ARWR,jppfs_cor:RentCostOfRealEstateNOE,不動産賃貸原価、営業外費用,stable,jppfs_cor:NonOperatingExpenses
2544312,S100ARWR,jppfs_cor:RealEstateRentNOI,不動産賃貸料、営業外収益,increase_10,jppfs_cor:NonOperatingIncome
2544313,S100ARWR,jppfs_cor:DividendsIncomeNOI,受取配当金、営業外収益,stable,jppfs_cor:NonOperatingIncome
2544314,S100ARWR,jppfs_cor:CostOfSales,売上原価,increase_10,jppfs_cor:GrossProfit
2544315,S100ARWR,jppfs_cor:OrdinaryIncome,経常利益又は経常損失（△）,stable,jppfs_cor:IncomeBeforeIncomeTaxes
2544316,S100ARWR,jppfs_cor:IncomeTaxes,法人税等,decrease_10,jppfs_cor:ProfitLoss
2553567,S100AR6T,jppfs_cor:NotesAndAccountsPayableTrade,支払手形及び買掛金,decrease_10,jppfs_cor:CurrentLiabilities
2553568,S100AR6T,jppfs_cor:AllowanceForDoubtfulAccountsIOAByGroup,貸倒引当金、投資その他の資産、一括控除,decrease_10,jppfs_cor:InvestmentsAndOtherAssets
2553569,S100AR6T,jppfs_cor:RetainedEarnings,利益剰余金,stable,jppfs_cor:ShareholdersEquity
2553570,S100AR6T,jppfs_cor:LeaseObligationsNCL,リース債務、固定負債,decrease_10,jppfs_cor:NoncurrentLiabilities
2553571,S100AR6T,jppfs_cor:TransmissionFacilitiesNCAElectricELE,送電設備、電気事業固定資産、電気事業,stable,jppfs_cor:ElectricUtilityPlantAndEquipmentAssetsELE
2553572,S100AR6T,jppfs_cor:DistributionFacilitiesNCAElectricELE,配電設備、電気事業固定資産、電気事業,stable,jppfs_cor:ElectricUtilityPlantAndEquipmentAssetsELE
2553573,S100AR6T,jppfs_cor:GeneralFacilitiesNCAElectricELE,業務設備、電気事業固定資産、電気事業,stable,jppfs_cor:ElectricUtilityPlantAndEquipmentAssetsELE
2553574,S100AR6T,jppfs_cor:DeferredGainsOrLossesOnHedges,繰延ヘッジ損益,increase_20,jppfs_cor:ValuationAndTranslationAdjustments
2553575,S100AR6T,jppfs_cor:IncomeTaxesDeferred,法人税等調整額,decrease_20,jppfs_cor:IncomeTaxes
2553576,S100AR6T,jppfs_cor:ValuationDifferenceOnAvailableForSaleSecurities,その他有価証券評価差額金,increase_20,jppfs_cor:ValuationAndTranslationAdjustments
2553577,S100AR6T,jppfs_cor:IncomeTaxes,法人税等,increase_20,jppfs_cor:ProfitLoss
2553578,S100AR6T,jppfs_cor:NetDefinedBenefitLiability,退職給付に係る負債,decrease_10,jppfs_cor:NoncurrentLiabilities
2553579,S100AR6T,jppfs_cor:OtherBusinessOperatingRevenueELE,その他事業営業収益、電気事業,stable,jppfs_cor:OperatingRevenueELE
2553580,S100AR6T,jppfs_cor:AllowanceForDoubtfulAccountsCA,貸倒引当金、流動資産、一括控除,stable,jppfs_cor:CurrentAssets
2553581,S100AR6T,jppfs_cor:EquityInEarningsOfAffiliatesNOI,持分法による投資利益、営業外収益,increase_10,jppfs_cor:NonOperatingIncome
2553582,S100AR6T,jppfs_cor:TransformationFacilitiesNCAElectricELE,変電設備、電気事業固定資産、電気事業,stable,jppfs_cor:ElectricUtilityPlantAndEquipmentAssetsELE
2553583,S100AR6T,jppfs_cor:InterestExpensesNOE,支払利息、営業外費用,decrease_10,jppfs_cor:NonOperatingExpenses
2553584,S100AR6T,jppfs_cor:NotesAndAccountsReceivableTrade,受取手形及び売掛金,stable,jppfs_cor:CurrentAssets
2553585,S100AR6T,jppfs_cor:DeferredTaxAssetsIOA,繰延税金資産、投資その他の資産,stable,jppfs_cor:InvestmentsAndOtherAssets
2553586,S100AR6T,jppfs_cor:OtherCL,その他、流動負債,decrease_10,jppfs_cor:CurrentLiabilities
2553587,S100AR6T,jppfs_cor:NetAssets,純資産,stable,jppfs_cor:LiabilitiesAndNetAssets
2553588,S100AR6T,jppfs_cor:ProfitLossAttributableToOwnersOfParent,親会社株主に帰属する当期純利益又は親会社株主に帰属する当期純損失（△）,increase_20,not_common_account
2553589,S100AR6T,jppfs_cor:GainOnSalesOfGoodsNOI,物品売却益、営業外収益,increase_20,jppfs_cor:NonOperatingIncome
2553590,S100AR6T,jppfs_cor:IncomeTaxesCurrent,法人税、住民税及び事業税,increase_10,jppfs_cor:IncomeTaxes
2553591,S100AR6T,jppfs_cor:ProfitLoss,当期純利益又は当期純損失（△）（平成26年3月28日財規等改正後）,increase_20,top_account
2553592,S100AR6T,jppfs_cor:OtherCA,その他、流動資産,decrease_20,jppfs_cor:CurrentAssets
2553593,S100AR6T,jppfs_cor:ProfitLossAttributableToNonControllingInterests,非支配株主に帰属する当期純利益又は非支配株主に帰属する当期純損失（△）,increase_20,not_common_account
2553594,S100AR6T,jppfs_cor:OrdinaryExpensesELE,当期経常費用、電気事業,stable,not_common_account
2553595,S100AR6T,jppfs_cor:DividendsIncomeNOI,受取配当金、営業外収益,decrease_10,jppfs_cor:NonOperatingIncome
2553596,S100AR6T,jppfs_cor:InternalCombustionEnginePowerProductionFacilitiesNCAElectricELE,内燃力発電設備、電気事業固定資産、電気事業,decrease_10,jppfs_cor:ElectricUtilityPlantAndEquipmentAssetsELE
2553597,S100AR6T,jppfs_cor:InvestmentsAndOtherAssets,投資その他の資産,stable,jppfs_cor:NoncurrentAssets
2553598,S100AR6T,jppfs_cor:CapitalStock,資本金,stable,jppfs_cor:ShareholdersEquity
2553599,S100AR6T,jppfs_cor:OrdinaryRevenueELE,当期経常収益、電気事業,stable,not_common_account
2553600,S100AR6T,jppfs_cor:NonControllingInterests,非支配株主持分,stable,jppfs_cor:NetAssets
2553601,S100AR6T,jppfs_cor:IncomeBeforeIncomeTaxes,税引前当期純利益又は税引前当期純損失（△）,increase_20,jppfs_cor:ProfitLoss
2553602,S100AR6T,jppfs_cor:OtherNCL,その他、固定負債,stable,jppfs_cor:NoncurrentLiabilities
2553603,S100AR6T,jppfs_cor:ElectricUtilityPlantAndEquipmentAssetsELE,電気事業固定資産、電気事業,stable,jppfs_cor:NoncurrentAssets
2553604,S100AR6T,jppfs_cor:ValuationAndTranslationAdjustments,評価・換算差額等,increase_20,jppfs_cor:NetAssets
2553605,S100AR6T,jppfs_cor:AccruedTaxes,未払税金,decrease_20,jppfs_cor:CurrentLiabilities
2553606,S100AR6T,jppfs_cor:CashAndDeposits,現金及び預金,increase_10,jppfs_cor:CurrentAssets
2553607,S100AR6T,jppfs_cor:OtherNoncurrentAssetsELE,その他の固定資産、電気事業,stable,jppfs_cor:NoncurrentAssets
2553608,S100AR6T,jppfs_cor:CapitalSurplus,資本剰余金,stable,jppfs_cor:ShareholdersEquity
2553609,S100AR6T,jppfs_cor:OperatingRevenueELE,営業収益、電気事業,stable,jppfs_cor:OrdinaryRevenueELE
2553610,S100AR6T,jppfs_cor:ShortTermLoansPayable,短期借入金,decrease_20,jppfs_cor:CurrentLiabilities
2553611,S100AR6T,jppfs_cor:ConstructionAndRetirementInProgressNCAInProcessELE,建設仮勘定及び除却仮勘定、固定資産仮勘定、電気事業,decrease_10,jppfs_cor:ConstructionInProgressELE
2553612,S100AR6T,jppfs_cor:NoncurrentLiabilities,固定負債,stable,jppfs_cor:Liabilities
2553613,S100AR6T,jppfs_cor:TreasuryStock,自己株式,stable,jppfs_cor:ShareholdersEquity
2553614,S100AR6T,jppfs_cor:Liabilities,負債,decrease_10,jppfs_cor:LiabilitiesAndNetAssets
2553615,S100AR6T,jppfs_cor:ShareholdersEquity,株主資本,stable,jppfs_cor:NetAssets
2553616,S100AR6T,jppfs_cor:BondsPayable,社債,decrease_10,jppfs_cor:NoncurrentLiabilities
2553617,S100AR6T,jppfs_cor:LongTermInvestmentsELE,長期投資、電気事業,increase_10,jppfs_cor:InvestmentsAndOtherAssets
2553618,S100AR6T,jppfs_cor:ElectricUtilityOperatingExpensesELE,電気事業営業費用、電気事業,stable,jppfs_cor:OperatingExpensesELE
2553619,S100AR6T,jppfs_cor:OperatingIncome,営業利益又は営業損失（△）,increase_20,jppfs_cor:OrdinaryIncome
2553620,S100AR6T,jppfs_cor:ElectricUtilityOperatingRevenueELE,電気事業営業収益、電気事業,stable,jppfs_cor:OperatingRevenueELE
2553621,S100AR6T,jppfs_cor:NonOperatingIncome,営業外収益,stable,jppfs_cor:OrdinaryIncome
2553622,S100AR6T,jppfs_cor:NonOperatingExpenses,営業外費用,decrease_10,jppfs_cor:OrdinaryExpensesELE
2553623,S100AR6T,jppfs_cor:CurrentPortionOfNoncurrentLiabilitiesCLELE,1年以内に期限到来の固定負債、流動負債、電気事業,increase_10,jppfs_cor:CurrentLiabilities
2553624,S100AR6T,jppfs_cor:InterestIncomeNOI,受取利息、営業外収益,decrease_20,jppfs_cor:NonOperatingIncome
2553625,S100AR6T,jppfs_cor:DeferredTaxAssetsCA,繰延税金資産、流動資産,decrease_20,jppfs_cor:CurrentAssets
2553626,S100AR6T,jppfs_cor:ConstructionInProgressELE,固定資産仮勘定、電気事業,decrease_10,jppfs_cor:NoncurrentAssets
2553627,S100AR6T,jppfs_cor:ThermalPowerProductionFacilitiesNCAElectricELE,汽力発電設備、電気事業固定資産、電気事業,decrease_10,jppfs_cor:ElectricUtilityPlantAndEquipmentAssetsELE
2553628,S100AR6T,jppfs_cor:OtherIOA,その他、投資その他の資産,stable,jppfs_cor:InvestmentsAndOtherAssets
2553629,S100AR6T,jppfs_cor:RemeasurementsOfDefinedBenefitPlans,退職給付に係る調整累計額,decrease_20,jppfs_cor:ValuationAndTranslationAdjustments
2553630,S100AR6T,jppfs_cor:OtherElectricUtilityPlantAndEquipmentNCAElectricELE,その他の電気事業固定資産、電気事業固定資産、電気事業,decrease_10,jppfs_cor:ElectricUtilityPlantAndEquipmentAssetsELE
2553631,S100AR6T,jppfs_cor:CurrentLiabilities,流動負債,decrease_10,jppfs_cor:Liabilities
2553632,S100AR6T,jppfs_cor:OrdinaryIncome,経常利益又は経常損失（△）,increase_20,jppfs_cor:IncomeBeforeIncomeTaxes
2553633,S100AR6T,jppfs_cor:OperatingExpensesELE,営業費用、電気事業,stable,jppfs_cor:OrdinaryExpensesELE
2553634,S100AR6T,jppfs_cor:OtherNOE,その他、営業外費用,decrease_10,jppfs_cor:NonOperatingExpenses
2553635,S100AR6T,jppfs_cor:Inventories,たな卸資産,decrease_10,jppfs_cor:CurrentAssets
2553636,S100AR6T,jppfs_cor:LiabilitiesAndNetAssets,負債純資産,stable,top_account
2553637,S100AR6T,jppfs_cor:OtherNOI,その他、営業外収益,increase_10,jppfs_cor:NonOperatingIncome
2553638,S100AR6T,jppfs_cor:LongTermLoansPayable,長期借入金,stable,jppfs_cor:NoncurrentLiabilities
2553639,S100AR6T,jppfs_cor:OtherBusinessOperatingExpensesELE,その他事業営業費用、電気事業,stable,jppfs_cor:OperatingExpensesELE
2605032,S100AO9Y,jppfs_cor:DeferredTaxAssetsCA,繰延税金資産、流動資産,decrease_10,jppfs_cor:CurrentAssets
2605033,S100AO9Y,jppfs_cor:CurrentLiabilities,流動負債,stable,jppfs_cor:Liabilities
2605034,S100AO9Y,jppfs_cor:AccruedTaxes,未払税金,stable,jppfs_cor:CurrentLiabilities
2605035,S100AO9Y,jppfs_cor:IncomeBeforeIncomeTaxes,税引前当期純利益又は税引前当期純損失（△）,decrease_20,jppfs_cor:ProfitLoss
2605036,S100AO9Y,jppfs_cor:NoncurrentLiabilities,固定負債,stable,jppfs_cor:Liabilities
2605037,S100AO9Y,jppfs_cor:AllowanceForDoubtfulAccountsIOAByGroup,貸倒引当金、投資その他の資産、一括控除,decrease_20,jppfs_cor:InvestmentsAndOtherAssets
2605038,S100AO9Y,jppfs_cor:ReversalOfReserveForFluctuationInWaterLevelsELE,渇水準備引当金取崩し（貸方）、電気事業,decrease_20,jppfs_cor:ProvisionOrReversalOfReserveForFluctuationInWaterLevelsELE
2605039,S100AO9Y,jppfs_cor:ThermalPowerProductionFacilitiesNCAElectricELE,汽力発電設備、電気事業固定資産、電気事業,stable,jppfs_cor:ElectricUtilityPlantAndEquipmentAssetsELE
2605040,S100AO9Y,jppfs_cor:HydroelectricPowerProductionFacilitiesNCAElectricELE,水力発電設備、電気事業固定資産、電気事業,stable,jppfs_cor:ElectricUtilityPlantAndEquipmentAssetsELE
2605041,S100AO9Y,jppfs_cor:InterestIncomeNOI,受取利息、営業外収益,increase_10,jppfs_cor:NonOperatingIncome
2605042,S100AO9Y,jppfs_cor:ShareholdersEquity,株主資本,stable,jppfs_cor:NetAssets
2605043,S100AO9Y,jppfs_cor:InterestExpensesNOE,支払利息、営業外費用,decrease_10,jppfs_cor:NonOperatingExpenses
2605044,S100AO9Y,jppfs_cor:IncomeTaxesDeferred,法人税等調整額,decrease_20,jppfs_cor:IncomeTaxes
2605045,S100AO9Y,jppfs_cor:OtherElectricUtilityPlantAndEquipmentNCAElectricELE,その他の電気事業固定資産、電気事業固定資産、電気事業,increase_20,jppfs_cor:ElectricUtilityPlantAndEquipmentAssetsELE
2605046,S100AO9Y,jppfs_cor:CurrentPortionOfNoncurrentLiabilitiesCLELE,1年以内に期限到来の固定負債、流動負債、電気事業,decrease_10,jppfs_cor:CurrentLiabilities
2605047,S100AO9Y,jppfs_cor:TreasuryStock,自己株式,stable,jppfs_cor:ShareholdersEquity
2605048,S100AO9Y,jppfs_cor:AssetRetirementObligationsNCL,資産除去債務、固定負債,stable,jppfs_cor:NoncurrentLiabilities
2605049,S100AO9Y,jppfs_cor:NonControllingInterests,非支配株主持分,increase_10,jppfs_cor:NetAssets
2605050,S100AO9Y,jppfs_cor:ElectricUtilityOperatingExpensesELE,電気事業営業費用、電気事業,increase_10,jppfs_cor:OperatingExpensesELE
2605051,S100AO9Y,jppfs_cor:NuclearFuelNCAELE,核燃料、固定資産、電気事業,decrease_10,jppfs_cor:NoncurrentAssets
2605052,S100AO9Y,jppfs_cor:NetDefinedBenefitAsset,退職給付に係る資産,increase_10,jppfs_cor:InvestmentsAndOtherAssets
2605053,S100AO9Y,jppfs_cor:DeferredTaxAssetsIOA,繰延税金資産、投資その他の資産,stable,jppfs_cor:InvestmentsAndOtherAssets
2605054,S100AO9Y,jppfs_cor:Liabilities,負債,stable,jppfs_cor:LiabilitiesAndNetAssets
2605055,S100AO9Y,jppfs_cor:OtherNoncurrentAssetsELE,その他の固定資産、電気事業,decrease_10,jppfs_cor:NoncurrentAssets
2605056,S100AO9Y,jppfs_cor:ElectricUtilityPlantAndEquipmentAssetsELE,電気事業固定資産、電気事業,stable,jppfs_cor:NoncurrentAssets
2605057,S100AO9Y,jppfs_cor:ProvisionOrReversalOfReserveForFluctuationInWaterLevelsELE,渇水準備金引当又は取崩し、電気事業,decrease_20,jppfs_cor:IncomeBeforeIncomeTaxes
2605058,S100AO9Y,jppfs_cor:NetAssets,純資産,stable,jppfs_cor:LiabilitiesAndNetAssets
2605059,S100AO9Y,jppfs_cor:NetDefinedBenefitLiability,退職給付に係る負債,stable,jppfs_cor:NoncurrentLiabilities
2605060,S100AO9Y,jppfs_cor:LongTermLoansPayable,長期借入金,stable,jppfs_cor:NoncurrentLiabilities
2605061,S100AO9Y,jppfs_cor:LongTermInvestmentsELE,長期投資、電気事業,increase_20,jppfs_cor:InvestmentsAndOtherAssets
2605062,S100AO9Y,jppfs_cor:OrdinaryIncome,経常利益又は経常損失（△）,decrease_20,jppfs_cor:IncomeBeforeIncomeTaxes
2605063,S100AO9Y,jppfs_cor:NotesAndAccountsReceivableTrade,受取手形及び売掛金,stable,jppfs_cor:CurrentAssets
2605064,S100AO9Y,jppfs_cor:NotesAndAccountsPayableTrade,支払手形及び買掛金,increase_10,jppfs_cor:CurrentLiabilities
2605065,S100AO9Y,jppfs_cor:OtherNCL,その他、固定負債,decrease_10,jppfs_cor:NoncurrentLiabilities
2605066,S100AO9Y,jppfs_cor:CapitalStock,資本金,stable,jppfs_cor:ShareholdersEquity
2605067,S100AO9Y,jppfs_cor:OperatingRevenueELE,営業収益、電気事業,stable,jppfs_cor:OrdinaryRevenueELE
2605068,S100AO9Y,jppfs_cor:OtherCA,その他、流動資産,stable,jppfs_cor:CurrentAssets
2605069,S100AO9Y,jppfs_cor:OtherCL,その他、流動負債,decrease_10,jppfs_cor:CurrentLiabilities
2605070,S100AO9Y,jppfs_cor:OrdinaryRevenueELE,当期経常収益、電気事業,stable,not_common_account
2605071,S100AO9Y,jppfs_cor:LoadedNuclearFuelNCAELE,装荷核燃料、固定資産、電気事業,stable,jppfs_cor:NuclearFuelNCAELE
2605072,S100AO9Y,jppfs_cor:BondsPayable,社債,stable,jppfs_cor:NoncurrentLiabilities
2605073,S100AO9Y,jppfs_cor:ShortTermLoansPayable,短期借入金,stable,jppfs_cor:CurrentLiabilities
2605074,S100AO9Y,jppfs_cor:GeneralFacilitiesNCAElectricELE,業務設備、電気事業固定資産、電気事業,stable,jppfs_cor:ElectricUtilityPlantAndEquipmentAssetsELE
2605075,S100AO9Y,jppfs_cor:OtherBusinessOperatingExpensesELE,その他事業営業費用、電気事業,decrease_10,jppfs_cor:OperatingExpensesELE
2605076,S100AO9Y,jppfs_cor:NuclearPowerProductionFacilitiesNCAElectricELE,原子力発電設備、電気事業固定資産、電気事業,decrease_10,jppfs_cor:ElectricUtilityPlantAndEquipmentAssetsELE
2605077,S100AO9Y,jppfs_cor:OtherBusinessOperatingRevenueELE,その他事業営業収益、電気事業,decrease_10,jppfs_cor:OperatingRevenueELE
2605078,S100AO9Y,jppfs_cor:ReserveForFluctuationInWaterLevelsReservesUnderTheSpecialLawsELE,渇水準備引当金、特別法上の引当金、電気事業,stable,jppfs_cor:ReservesUnderTheSpecialLaws2
2605079,S100AO9Y,jppfs_cor:CapitalSurplus,資本剰余金,stable,jppfs_cor:ShareholdersEquity
2605080,S100AO9Y,jppfs_cor:NonOperatingIncome,営業外収益,increase_20,jppfs_cor:OrdinaryRevenueELE
2605081,S100AO9Y,jppfs_cor:ConstructionInProgressELE,固定資産仮勘定、電気事業,increase_20,jppfs_cor:NoncurrentAssets
2605082,S100AO9Y,jppfs_cor:ProfitLoss,当期純利益又は当期純損失（△）（平成26年3月28日財規等改正後）,decrease_20,top_account
2605083,S100AO9Y,jppfs_cor:OtherIOA,その他、投資その他の資産,stable,jppfs_cor:InvestmentsAndOtherAssets
2605084,S100AO9Y,jppfs_cor:CashAndDeposits,現金及び預金,decrease_10,jppfs_cor:CurrentAssets
2605085,S100AO9Y,jppfs_cor:AllowanceForDoubtfulAccountsCA,貸倒引当金、流動資産、一括控除,decrease_10,jppfs_cor:CurrentAssets
2605086,S100AO9Y,jppfs_cor:RemeasurementsOfDefinedBenefitPlans,退職給付に係る調整累計額,decrease_20,jppfs_cor:ValuationAndTranslationAdjustments
2605087,S100AO9Y,jppfs_cor:ValuationDifferenceOnAvailableForSaleSecurities,その他有価証券評価差額金,increase_20,jppfs_cor:ValuationAndTranslationAdjustments
2605088,S100AO9Y,jppfs_cor:TransmissionFacilitiesNCAElectricELE,送電設備、電気事業固定資産、電気事業,stable,jppfs_cor:ElectricUtilityPlantAndEquipmentAssetsELE
2605089,S100AO9Y,jppfs_cor:DistributionFacilitiesNCAElectricELE,配電設備、電気事業固定資産、電気事業,stable,jppfs_cor:ElectricUtilityPlantAndEquipmentAssetsELE
2605090,S100AO9Y,jppfs_cor:TransformationFacilitiesNCAElectricELE,変電設備、電気事業固定資産、電気事業,stable,jppfs_cor:ElectricUtilityPlantAndEquipmentAssetsELE
2605091,S100AO9Y,jppfs_cor:NonOperatingExpenses,営業外費用,stable,jppfs_cor:OrdinaryExpensesELE
2605092,S100AO9Y,jppfs_cor:InvestmentsAndOtherAssets,投資その他の資産,increase_10,jppfs_cor:NoncurrentAssets
2605093,S100AO9Y,jppfs_cor:OperatingExpensesELE,営業費用、電気事業,increase_10,jppfs_cor:OrdinaryExpensesELE
2605094,S100AO9Y,jppfs_cor:OrdinaryExpensesELE,当期経常費用、電気事業,stable,not_common_account
2605095,S100AO9Y,jppfs_cor:IncomeTaxes,法人税等,decrease_20,jppfs_cor:ProfitLoss
2605096,S100AO9Y,jppfs_cor:OtherNOI,その他、営業外収益,stable,jppfs_cor:NonOperatingIncome
2605097,S100AO9Y,jppfs_cor:ValuationAndTranslationAdjustments,評価・換算差額等,increase_20,jppfs_cor:NetAssets
2605098,S100AO9Y,jppfs_cor:ReservesUnderTheSpecialLaws2,特別法上の引当金,stable,jppfs_cor:Liabilities
2605099,S100AO9Y,jppfs_cor:LiabilitiesAndNetAssets,負債純資産,stable,top_account
2605100,S100AO9Y,jppfs_cor:OtherNOE,その他、営業外費用,increase_10,jppfs_cor:NonOperatingExpenses
2605101,S100AO9Y,jppfs_cor:ConstructionAndRetirementInProgressNCAInProcessELE,建設仮勘定及び除却仮勘定、固定資産仮勘定、電気事業,increase_20,jppfs_cor:ConstructionInProgressELE
2605102,S100AO9Y,jppfs_cor:Inventories,たな卸資産,increase_20,jppfs_cor:CurrentAssets
2605103,S100AO9Y,jppfs_cor:GainOnSalesOfSecuritiesNOI,有価証券売却益、営業外収益,new,jppfs_cor:NonOperatingIncome
2605104,S100AO9Y,jppfs_cor:RetainedEarnings,利益剰余金,decrease_10,jppfs_cor:ShareholdersEquity
2605105,S100AO9Y,jppfs_cor:IncomeTaxesCurrent,法人税、住民税及び事業税,decrease_20,jppfs_cor:IncomeTaxes
2605106,S100AO9Y,jppfs_cor:NuclearFuelInProcessingNCAELE,加工中等核燃料、固定資産、電気事業,decrease_10,jppfs_cor:NuclearFuelNCAELE
2605107,S100AO9Y,jppfs_cor:ProfitLossAttributableToOwnersOfParent,親会社株主に帰属する当期純利益又は親会社株主に帰属する当期純損失（△）,decrease_20,not_common_account
2605108,S100AO9Y,jppfs_cor:ProfitLossAttributableToNonControllingInterests,非支配株主に帰属する当期純利益又は非支配株主に帰属する当期純損失（△）,increase_10,not_common_account
2605109,S100AO9Y,jppfs_cor:DividendsIncomeNOI,受取配当金、営業外収益,stable,jppfs_cor:NonOperatingIncome
2605110,S100AO9Y,jppfs_cor:OperatingIncome,営業利益又は営業損失（△）,decrease_20,jppfs_cor:OrdinaryIncome
2605111,S100AO9Y,jppfs_cor:EquityInEarningsOfAffiliatesNOI,持分法による投資利益、営業外収益,increase_20,jppfs_cor:NonOperatingIncome
2605112,S100AO9Y,jppfs_cor:ElectricUtilityOperatingRevenueELE,電気事業営業収益、電気事業,stable,jppfs_cor:OperatingRevenueELE
2633621,S100AMQS,jppfs_cor:ValuationAndTranslationAdjustments,評価・換算差額等,decrease_20,jppfs_cor:NetAssets
2633622,S100AMQS,jppfs_cor:NonOperatingIncome,営業外収益,increase_20,jppfs_cor:OrdinaryIncome
2633623,S100AMQS,jppfs_cor:ExtraordinaryLoss,特別損失,decrease_20,jppfs_cor:IncomeBeforeIncomeTaxes
2633624,S100AMQS,jppfs_cor:RentIncomeNOI,受取賃貸料、営業外収益,decrease_10,jppfs_cor:NonOperatingIncome
2633625,S100AMQS,jppfs_cor:LeaseAssetsPPE,リース資産、有形固定資産,stable,jppfs_cor:LeaseAssetsNetPPE
2633626,S100AMQS,jppfs_cor:InvestmentSecurities,投資有価証券,stable,jppfs_cor:InvestmentsAndOtherAssets
2633627,S100AMQS,jppfs_cor:OtherIOA,その他、投資その他の資産,stable,jppfs_cor:InvestmentsAndOtherAssets
2633628,S100AMQS,jppfs_cor:MachineryEquipmentAndVehicles,機械装置及び運搬具,stable,jppfs_cor:MachineryEquipmentAndVehiclesNet
2633629,S100AMQS,jppfs_cor:MerchandiseAndFinishedGoods,商品及び製品,stable,jppfs_cor:CurrentAssets
2633630,S100AMQS,jppfs_cor:RemeasurementsOfDefinedBenefitPlans,退職給付に係る調整累計額,decrease_10,jppfs_cor:ValuationAndTranslationAdjustments
2633631,S100AMQS,jppfs_cor:OtherCL,その他、流動負債,increase_10,jppfs_cor:CurrentLiabilities
2633632,S100AMQS,jppfs_cor:ConstructionInProgress,建設仮勘定,increase_20,jppfs_cor:PropertyPlantAndEquipment
2633633,S100AMQS,jppfs_cor:AccumulatedDepreciationOtherPPE,減価償却累計額、その他、有形固定資産,stable,jppfs_cor:OtherNetPPE
2633634,S100AMQS,jppfs_cor:NetDefinedBenefitAsset,退職給付に係る資産,increase_20,jppfs_cor:InvestmentsAndOtherAssets
2633635,S100AMQS,jppfs_cor:ProfitLossAttributableToNonControllingInterests,非支配株主に帰属する当期純利益又は非支配株主に帰属する当期純損失（△）,decrease_20,not_common_account
2633636,S100AMQS,jppfs_cor:ValuationDifferenceOnAvailableForSaleSecurities,その他有価証券評価差額金,increase_10,jppfs_cor:ValuationAndTranslationAdjustments
2633637,S100AMQS,jppfs_cor:PropertyPlantAndEquipment,有形固定資産,stable,jppfs_cor:NoncurrentAssets
2633638,S100AMQS,jppfs_cor:ForeignCurrencyTranslationAdjustment,為替換算調整勘定,decrease_20,jppfs_cor:ValuationAndTranslationAdjustments
2633639,S100AMQS,jppfs_cor:OtherNOI,その他、営業外収益,decrease_10,jppfs_cor:NonOperatingIncome
2633640,S100AMQS,jppfs_cor:OtherNCL,その他、固定負債,decrease_10,jppfs_cor:NoncurrentLiabilities
2633641,S100AMQS,jppfs_cor:CapitalSurplus,資本剰余金,stable,jppfs_cor:ShareholdersEquity
2633642,S100AMQS,jppfs_cor:EquityInEarningsOfAffiliatesNOI,持分法による投資利益、営業外収益,new,jppfs_cor:NonOperatingIncome
2633643,S100AMQS,jppfs_cor:RawMaterialsAndSupplies,原材料及び貯蔵品,increase_20,jppfs_cor:CurrentAssets
2633644,S100AMQS,jppfs_cor:AccumulatedDepreciationBuildingsAndStructures,減価償却累計額、建物及び構築物,stable,jppfs_cor:BuildingsAndStructuresNet
2633645,S100AMQS,jppfs_cor:OtherNOE,その他、営業外費用,increase_20,jppfs_cor:NonOperatingExpenses
2633646,S100AMQS,jppfs_cor:NonOperatingExpenses,営業外費用,decrease_20,jppfs_cor:OrdinaryIncome
2633647,S100AMQS,jppfs_cor:AllowanceForDoubtfulAccountsCA,貸倒引当金、流動資産、一括控除,new,jppfs_cor:CurrentAssets
2633648,S100AMQS,jppfs_cor:DeferredTaxAssetsIOA,繰延税金資産、投資その他の資産,decrease_20,jppfs_cor:InvestmentsAndOtherAssets
2633649,S100AMQS,jppfs_cor:DeferredGainsOrLossesOnHedges,繰延ヘッジ損益,decrease_20,jppfs_cor:ValuationAndTranslationAdjustments
2633650,S100AMQS,jppfs_cor:IncomeTaxesCurrent,法人税、住民税及び事業税,increase_20,jppfs_cor:IncomeTaxes
2633651,S100AMQS,jppfs_cor:ProfitLossAttributableToOwnersOfParent,親会社株主に帰属する当期純利益又は親会社株主に帰属する当期純損失（△）,increase_20,not_common_account
2633652,S100AMQS,jppfs_cor:IncomeTaxesPayable,未払法人税等,new,jppfs_cor:CurrentLiabilities
2633653,S100AMQS,jppfs_cor:LossOnRetirementOfNoncurrentAssetsEL,固定資産除却損、特別損失,new,jppfs_cor:ExtraordinaryLoss
2633654,S100AMQS,jppfs_cor:IncomeTaxesDeferred,法人税等調整額,new,jppfs_cor:IncomeTaxes
2633655,S100AMQS,jppfs_cor:CostOfSales,売上原価,stable,jppfs_cor:GrossProfit
2633656,S100AMQS,jppfs_cor:CurrentLiabilities,流動負債,increase_10,jppfs_cor:Liabilities
2633657,S100AMQS,jppfs_cor:LeaseObligationsNCL,リース債務、固定負債,decrease_10,jppfs_cor:NoncurrentLiabilities
2633658,S100AMQS,jppfs_cor:NoncurrentLiabilities,固定負債,stable,jppfs_cor:Liabilities
2633659,S100AMQS,jppfs_cor:OtherIA,その他、無形固定資産,increase_10,jppfs_cor:IntangibleAssets
2633660,S100AMQS,jppfs_cor:CommissionFeeNOE,支払手数料、営業外費用,increase_20,jppfs_cor:NonOperatingExpenses
2633661,S100AMQS,jppfs_cor:LeaseObligationsCL,リース債務、流動負債,stable,jppfs_cor:CurrentLiabilities
2633662,S100AMQS,jppfs_cor:NoncurrentAssets,固定資産,stable,jppfs_cor:Assets
2633663,S100AMQS,jppfs_cor:OrdinaryIncome,経常利益又は経常損失（△）,increase_20,jppfs_cor:IncomeBeforeIncomeTaxes
2633664,S100AMQS,jppfs_cor:CashAndDeposits,現金及び預金,stable,jppfs_cor:CurrentAssets
2633665,S100AMQS,jppfs_cor:OperatingIncome,営業利益又は営業損失（△）,increase_20,jppfs_cor:OrdinaryIncome
2633666,S100AMQS,jppfs_cor:IncomeBeforeIncomeTaxes,税引前当期純利益又は税引前当期純損失（△）,increase_20,jppfs_cor:ProfitLoss
2633667,S100AMQS,jppfs_cor:GrossProfit,売上総利益又は売上総損失（△）,increase_10,jppfs_cor:OperatingIncome
2633668,S100AMQS,jppfs_cor:CapitalStock,資本金,stable,jppfs_cor:ShareholdersEquity
2633669,S100AMQS,jppfs_cor:CurrentAssets,流動資産,increase_10,jppfs_cor:Assets
2633670,S100AMQS,jppfs_cor:AccountsPayableOther,未払金,increase_20,jppfs_cor:CurrentLiabilities
2633671,S100AMQS,jppfs_cor:WorkInProcess,仕掛品,decrease_10,jppfs_cor:CurrentAssets
2633672,S100AMQS,jppfs_cor:TreasuryStock,自己株式,stable,jppfs_cor:ShareholdersEquity
2633673,S100AMQS,jppfs_cor:SellingGeneralAndAdministrativeExpenses,販売費及び一般管理費,increase_10,jppfs_cor:OperatingIncome
2633674,S100AMQS,jppfs_cor:InvestmentsAndOtherAssets,投資その他の資産,stable,jppfs_cor:NoncurrentAssets
2633675,S100AMQS,jppfs_cor:OtherPPE,その他、有形固定資産,stable,jppfs_cor:OtherNetPPE
2633676,S100AMQS,jppfs_cor:ShareholdersEquity,株主資本,stable,jppfs_cor:NetAssets
2633677,S100AMQS,jppfs_cor:LossOnSalesOfNoncurrentAssetsEL,固定資産売却損、特別損失,new,jppfs_cor:ExtraordinaryLoss
2633678,S100AMQS,jppfs_cor:AccumulatedDepreciationMachineryEquipmentAndVehicles,減価償却累計額、機械装置及び運搬具,stable,jppfs_cor:MachineryEquipmentAndVehiclesNet
2633679,S100AMQS,jppfs_cor:IncomeTaxes,法人税等,increase_20,jppfs_cor:ProfitLoss
2633680,S100AMQS,jppfs_cor:ProvisionForBonuses,賞与引当金,increase_20,jppfs_cor:CurrentLiabilities
2633681,S100AMQS,jppfs_cor:NotesAndAccountsReceivableTrade,受取手形及び売掛金,increase_20,jppfs_cor:CurrentAssets
2633682,S100AMQS,jppfs_cor:DeferredTaxAssetsCA,繰延税金資産、流動資産,stable,jppfs_cor:CurrentAssets
2633683,S100AMQS,jppfs_cor:DeferredTaxLiabilitiesNCL,繰延税金負債、固定負債,increase_10,jppfs_cor:NoncurrentLiabilities
2633684,S100AMQS,jppfs_cor:AccumulatedDepreciationLeaseAssetsPPE,減価償却累計額、リース資産、有形固定資産,increase_10,jppfs_cor:LeaseAssetsNetPPE
2633685,S100AMQS,jppfs_cor:DividendsIncomeNOI,受取配当金、営業外収益,increase_10,jppfs_cor:NonOperatingIncome
2633686,S100AMQS,jppfs_cor:BuildingsAndStructures,建物及び構築物,stable,jppfs_cor:BuildingsAndStructuresNet
2633687,S100AMQS,jppfs_cor:Land,土地,stable,jppfs_cor:PropertyPlantAndEquipment
2633688,S100AMQS,jppfs_cor:IntangibleAssets,無形固定資産,increase_20,jppfs_cor:NoncurrentAssets
2633689,S100AMQS,jppfs_cor:AllowanceForDoubtfulAccountsIOAByGroup,貸倒引当金、投資その他の資産、一括控除,stable,jppfs_cor:InvestmentsAndOtherAssets
2633690,S100AMQS,jppfs_cor:Goodwill,のれん,new,jppfs_cor:IntangibleAssets
2633691,S100AMQS,jppfs_cor:NotesAndAccountsPayableTrade,支払手形及び買掛金,stable,jppfs_cor:CurrentLiabilities
2633692,S100AMQS,jppfs_cor:NetSales,売上高,stable,jppfs_cor:GrossProfit
2633693,S100AMQS,jppfs_cor:LongTermLoansReceivable,長期貸付金,decrease_20,jppfs_cor:InvestmentsAndOtherAssets
2633694,S100AMQS,jppfs_cor:ShortTermLoansPayable,短期借入金,increase_20,jppfs_cor:CurrentLiabilities
2633695,S100AMQS,jppfs_cor:InterestIncomeNOI,受取利息、営業外収益,decrease_20,jppfs_cor:NonOperatingIncome
2633696,S100AMQS,jppfs_cor:InterestExpensesNOE,支払利息、営業外費用,decrease_20,jppfs_cor:NonOperatingExpenses
2633697,S100AMQS,jppfs_cor:OtherCA,その他、流動資産,increase_20,jppfs_cor:CurrentAssets
2633698,S100AMQS,jppfs_cor:Liabilities,負債,increase_10,jppfs_cor:LiabilitiesAndNetAssets
2633699,S100AMQS,jppfs_cor:CurrentPortionOfLongTermLoansPayable,1年内返済予定の長期借入金,increase_10,jppfs_cor:CurrentLiabilities
2633700,S100AMQS,jppfs_cor:ForeignExchangeGainsNOI,為替差益、営業外収益,new,jppfs_cor:NonOperatingIncome
2633701,S100AMQS,jppfs_cor:ProfitLoss,当期純利益又は当期純損失（△）（平成26年3月28日財規等改正後）,increase_20,top_account
2633702,S100AMQS,jppfs_cor:RetainedEarnings,利益剰余金,stable,jppfs_cor:ShareholdersEquity
2633703,S100AMQS,jppfs_cor:NetDefinedBenefitLiability,退職給付に係る負債,stable,jppfs_cor:NoncurrentLiabilities
2633704,S100AMQS,jppfs_cor:LongTermLoansPayable,長期借入金,stable,jppfs_cor:NoncurrentLiabilities
2644219,S100AM60,jppfs_cor:AccruedExpenses,未払費用,increase_20,jppfs_cor:CurrentLiabilities
2644220,S100AM60,jpcrp030000-asr_E02152-000:LossOnQuittingOfBusinessEL,事業終了損失,new,jppfs_cor:ExtraordinaryLoss
2644221,S100AM60,jppfs_cor:DeferredTaxAssetsIOA,繰延税金資産、投資その他の資産,increase_20,jppfs_cor:InvestmentsAndOtherAssets
2644222,S100AM60,jppfs_cor:NotesAndAccountsPayableTrade,支払手形及び買掛金,increase_10,jppfs_cor:CurrentLiabilities
2644223,S100AM60,jppfs_cor:AllowanceForDoubtfulAccountsCA,貸倒引当金、流動資産、一括控除,decrease_10,jppfs_cor:CurrentAssets
2644224,S100AM60,jppfs_cor:GainOnSalesOfInvestmentSecuritiesEI,投資有価証券売却益、特別利益,new,jppfs_cor:ExtraordinaryIncome
2644225,S100AM60,jppfs_cor:PropertyPlantAndEquipment,有形固定資産,increase_10,jppfs_cor:NoncurrentAssets
2644226,S100AM60,jppfs_cor:ShareholdersEquity,株主資本,increase_10,jppfs_cor:NetAssets
2644227,S100AM60,jppfs_cor:ProfitLoss,当期純利益又は当期純損失（△）（平成26年3月28日財規等改正後）,decrease_20,top_account
2644228,S100AM60,jppfs_cor:RemeasurementsOfDefinedBenefitPlans,退職給付に係る調整累計額,decrease_10,jppfs_cor:ValuationAndTranslationAdjustments
2644229,S100AM60,jppfs_cor:ShortTermInvestmentSecurities,有価証券,decrease_20,jppfs_cor:CurrentAssets
2644230,S100AM60,jppfs_cor:OperatingIncome,営業利益又は営業損失（△）,decrease_20,jppfs_cor:OrdinaryIncome
2644231,S100AM60,jppfs_cor:OtherEI,その他、特別利益,decrease_20,jppfs_cor:ExtraordinaryIncome
2644232,S100AM60,jpcrp030000-asr_E02152-000:SettlementRelatedCostsNOE,和解関連費用,new,jppfs_cor:NonOperatingExpenses
2644233,S100AM60,jppfs_cor:NetDefinedBenefitLiability,退職給付に係る負債,stable,jppfs_cor:NoncurrentLiabilities
2644234,S100AM60,jppfs_cor:GainOnSalesOfNoncurrentAssetsEI,固定資産売却益、特別利益,new,jppfs_cor:ExtraordinaryIncome
2644235,S100AM60,jppfs_cor:EquityInEarningsOfAffiliatesNOI,持分法による投資利益、営業外収益,decrease_20,jppfs_cor:NonOperatingIncome
2644236,S100AM60,jppfs_cor:ValuationAndTranslationAdjustments,評価・換算差額等,increase_20,jppfs_cor:NetAssets
2644237,S100AM60,jppfs_cor:InvestmentSecurities,投資有価証券,stable,jppfs_cor:InvestmentsAndOtherAssets
2644238,S100AM60,jppfs_cor:Land,土地,stable,jppfs_cor:PropertyPlantAndEquipment
2644239,S100AM60,jppfs_cor:TreasuryStock,自己株式,new,jppfs_cor:ShareholdersEquity
2644240,S100AM60,jppfs_cor:ShortTermLoansPayable,短期借入金,increase_20,jppfs_cor:CurrentLiabilities
2644241,S100AM60,jppfs_cor:LossOnValuationOfDerivativesNOE,デリバティブ評価損、営業外費用,new,jppfs_cor:NonOperatingExpenses
2644242,S100AM60,jppfs_cor:SellingGeneralAndAdministrativeExpenses,販売費及び一般管理費,increase_10,jppfs_cor:OperatingIncome
2644243,S100AM60,jppfs_cor:GrossProfit,売上総利益又は売上総損失（△）,decrease_10,jppfs_cor:OperatingIncome
2644244,S100AM60,jppfs_cor:OtherNCL,その他、固定負債,increase_10,jppfs_cor:NoncurrentLiabilities
2644245,S100AM60,jppfs_cor:NotesAndAccountsReceivableTrade,受取手形及び売掛金,increase_10,jppfs_cor:CurrentAssets
2644246,S100AM60,jppfs_cor:OrdinaryIncome,経常利益又は経常損失（△）,decrease_20,jppfs_cor:IncomeBeforeIncomeTaxes
2644247,S100AM60,jppfs_cor:CashAndDeposits,現金及び預金,increase_20,jppfs_cor:CurrentAssets
2644248,S100AM60,jppfs_cor:ForeignExchangeLossesNOE,為替差損、営業外費用,increase_20,jppfs_cor:NonOperatingExpenses
2644249,S100AM60,jppfs_cor:ForeignCurrencyTranslationAdjustment,為替換算調整勘定,increase_20,jppfs_cor:ValuationAndTranslationAdjustments
2644250,S100AM60,jppfs_cor:Liabilities,負債,stable,jppfs_cor:LiabilitiesAndNetAssets
2644251,S100AM60,jppfs_cor:OtherIA,その他、無形固定資産,increase_10,jppfs_cor:IntangibleAssets
2644252,S100AM60,jppfs_cor:RetainedEarnings,利益剰余金,increase_10,jppfs_cor:ShareholdersEquity
2644253,S100AM60,jppfs_cor:LossOnSalesAndRetirementOfNoncurrentAssetsEL,固定資産除売却損、特別損失,decrease_10,jppfs_cor:ExtraordinaryLoss
2644254,S100AM60,jppfs_cor:OtherIOA,その他、投資その他の資産,increase_20,jppfs_cor:InvestmentsAndOtherAssets
2644255,S100AM60,jppfs_cor:ValuationDifferenceOnAvailableForSaleSecurities,その他有価証券評価差額金,decrease_20,jppfs_cor:ValuationAndTranslationAdjustments
2644256,S100AM60,jppfs_cor:ShortTermLoansReceivable,短期貸付金,increase_10,jppfs_cor:CurrentAssets
2644257,S100AM60,jppfs_cor:ProvisionForProductWarranties,製品保証引当金,increase_10,jppfs_cor:CurrentLiabilities
2644258,S100AM60,jppfs_cor:WorkInProcess,仕掛品,stable,jppfs_cor:CurrentAssets
2644259,S100AM60,jppfs_cor:InvestmentsAndOtherAssets,投資その他の資産,increase_10,jppfs_cor:NoncurrentAssets
2644260,S100AM60,jppfs_cor:ProfitLossAttributableToOwnersOfParent,親会社株主に帰属する当期純利益又は親会社株主に帰属する当期純損失（△）,decrease_20,not_common_account
2644261,S100AM60,jppfs_cor:IntangibleAssets,無形固定資産,increase_10,jppfs_cor:NoncurrentAssets
2644262,S100AM60,jppfs_cor:NonOperatingIncome,営業外収益,decrease_20,jppfs_cor:OrdinaryIncome
2644263,S100AM60,jppfs_cor:CostOfSales,売上原価,increase_10,jppfs_cor:GrossProfit
2644264,S100AM60,jppfs_cor:IncomeTaxesPayable,未払法人税等,decrease_20,jppfs_cor:CurrentLiabilities
2644265,S100AM60,jppfs_cor:DepreciationNOE,減価償却費、営業外費用,stable,jppfs_cor:NonOperatingExpenses
2644266,S100AM60,jppfs_cor:IncomeTaxes,法人税等,decrease_20,jppfs_cor:ProfitLoss
2644267,S100AM60,jppfs_cor:ProvisionForBonuses,賞与引当金,stable,jppfs_cor:CurrentLiabilities
2644268,S100AM60,jppfs_cor:LongTermLoansPayable,長期借入金,decrease_20,jppfs_cor:NoncurrentLiabilities
2644269,S100AM60,jppfs_cor:DividendsIncomeNOI,受取配当金、営業外収益,decrease_20,jppfs_cor:NonOperatingIncome
2644270,S100AM60,jppfs_cor:DeferredTaxLiabilitiesNCL,繰延税金負債、固定負債,increase_20,jppfs_cor:NoncurrentLiabilities
2644271,S100AM60,jpcrp030000-asr_E02152-000:ProvisionForLossOnQuittingOfBusinessProvision,事業終了損失引当金,new,jppfs_cor:CurrentLiabilities
2644272,S100AM60,jppfs_cor:OtherNOE,その他、営業外費用,stable,jppfs_cor:NonOperatingExpenses
2644273,S100AM60,jppfs_cor:ElectronicallyRecordedObligationsOperatingCL,電子記録債務、流動負債,stable,jppfs_cor:CurrentLiabilities
2644274,S100AM60,jppfs_cor:NonOperatingExpenses,営業外費用,increase_20,jppfs_cor:OrdinaryIncome
2644275,S100AM60,jppfs_cor:ConstructionInProgress,建設仮勘定,stable,jppfs_cor:PropertyPlantAndEquipment
2644276,S100AM60,jppfs_cor:CapitalStock,資本金,stable,jppfs_cor:ShareholdersEquity
2644277,S100AM60,jppfs_cor:LeaseInvestmentAssetsCA,リース投資資産、流動資産,decrease_10,jppfs_cor:CurrentAssets
2644278,S100AM60,jppfs_cor:IncomeBeforeIncomeTaxes,税引前当期純利益又は税引前当期純損失（△）,decrease_20,jppfs_cor:ProfitLoss
2644279,S100AM60,jppfs_cor:CurrentPortionOfLongTermLoansPayable,1年内返済予定の長期借入金,increase_20,jppfs_cor:CurrentLiabilities
2644280,S100AM60,jppfs_cor:NetSales,売上高,stable,jppfs_cor:GrossProfit
2644281,S100AM60,jppfs_cor:ExtraordinaryLoss,特別損失,decrease_10,jppfs_cor:IncomeBeforeIncomeTaxes
2644282,S100AM60,jppfs_cor:RawMaterialsAndSupplies,原材料及び貯蔵品,increase_20,jppfs_cor:CurrentAssets
2644283,S100AM60,jppfs_cor:OtherCA,その他、流動資産,increase_10,jppfs_cor:CurrentAssets
2644284,S100AM60,jppfs_cor:AllowanceForDoubtfulAccountsIOAByGroup,貸倒引当金、投資その他の資産、一括控除,stable,jppfs_cor:InvestmentsAndOtherAssets
2644285,S100AM60,jppfs_cor:MerchandiseAndFinishedGoods,商品及び製品,increase_10,jppfs_cor:CurrentAssets
2644286,S100AM60,jppfs_cor:OtherCL,その他、流動負債,stable,jppfs_cor:CurrentLiabilities
2644287,S100AM60,jppfs_cor:ExtraordinaryIncome,特別利益,decrease_20,jppfs_cor:IncomeBeforeIncomeTaxes
2644288,S100AM60,jppfs_cor:NoncurrentLiabilities,固定負債,stable,jppfs_cor:Liabilities
2644289,S100AM60,jppfs_cor:ProvisionForLossOnConstructionContracts,工事損失引当金,decrease_20,jppfs_cor:CurrentLiabilities
2644290,S100AM60,jppfs_cor:ProvisionForDirectorsRetirementBenefits,役員退職慰労引当金,increase_10,jppfs_cor:NoncurrentLiabilities
2644291,S100AM60,jppfs_cor:CurrentAssets,流動資産,stable,jppfs_cor:Assets
2644292,S100AM60,jppfs_cor:ProfitLossAttributableToNonControllingInterests,非支配株主に帰属する当期純利益又は非支配株主に帰属する当期純損失（△）,decrease_20,not_common_account
2644293,S100AM60,jppfs_cor:CurrentLiabilities,流動負債,increase_10,jppfs_cor:Liabilities
2644294,S100AM60,jppfs_cor:InterestIncomeNOI,受取利息、営業外収益,stable,jppfs_cor:NonOperatingIncome
2644295,S100AM60,jppfs_cor:IncomeTaxesCurrent,法人税、住民税及び事業税,decrease_20,jppfs_cor:IncomeTaxes
2644296,S100AM60,jpcrp030000-asr_E02152-000:RemeasurementsOfOtherPostretirementBenefitPlansOfForeignConsolidatedSubsaidiaries,在外子会社のその他退職後給付調整額,decrease_20,jppfs_cor:ValuationAndTranslationAdjustments
2644297,S100AM60,jppfs_cor:NetDefinedBenefitAsset,退職給付に係る資産,decrease_20,jppfs_cor:InvestmentsAndOtherAssets
2644298,S100AM60,jppfs_cor:OtherEL,その他、特別損失,decrease_20,jppfs_cor:ExtraordinaryLoss
2644299,S100AM60,jppfs_cor:IncomeTaxesDeferred,法人税等調整額,increase_20,jppfs_cor:IncomeTaxes
2644300,S100AM60,jppfs_cor:CapitalSurplus,資本剰余金,stable,jppfs_cor:ShareholdersEquity
2644301,S100AM60,jppfs_cor:InterestExpensesNOE,支払利息、営業外費用,decrease_20,jppfs_cor:NonOperatingExpenses
2644302,S100AM60,jppfs_cor:DeferredTaxAssetsCA,繰延税金資産、流動資産,increase_20,jppfs_cor:CurrentAssets
2644303,S100AM60,jppfs_cor:OtherNOI,その他、営業外収益,decrease_20,jppfs_cor:NonOperatingIncome
2644304,S100AM60,jppfs_cor:ImpairmentLossEL,減損損失、特別損失,new,jppfs_cor:ExtraordinaryLoss
2644305,S100AM60,jppfs_cor:NoncurrentAssets,固定資産,increase_10,jppfs_cor:Assets
2666760,S100AKY8,jppfs_cor:RetirementBenefitExpensesSGA,退職給付費用、販売費及び一般管理費,increase_20,jppfs_cor:SellingGeneralAndAdministrativeExpenses
2666761,S100AKY8,jppfs_cor:IncomeTaxesPayable,未払法人税等,stable,jppfs_cor:CurrentLiabilities
2666762,S100AKY8,jppfs_cor:NotesAndAccountsPayableTrade,支払手形及び買掛金,increase_10,jppfs_cor:CurrentLiabilities
2666763,S100AKY8,jppfs_cor:DeferredTaxAssetsCA,繰延税金資産、流動資産,decrease_10,jppfs_cor:CurrentAssets
2666764,S100AKY8,jpcrp030000-asr_E05263-000:CashDepositsForCashCollectionAndDepositServices,現金護送業務用現金及び預金,increase_20,jppfs_cor:CurrentAssets
2666765,S100AKY8,jppfs_cor:DeferredTaxLiabilitiesNCL,繰延税金負債、固定負債,increase_20,jppfs_cor:NoncurrentLiabilities
2666766,S100AKY8,jppfs_cor:NetDefinedBenefitLiability,退職給付に係る負債,decrease_20,jppfs_cor:NoncurrentLiabilities
2666767,S100AKY8,jppfs_cor:CapitalStock,資本金,stable,jppfs_cor:ShareholdersEquity
2666768,S100AKY8,jppfs_cor:CashAndDeposits,現金及び預金,stable,jppfs_cor:CurrentAssets
2666769,S100AKY8,jppfs_cor:AccountsPayableOther,未払金,stable,jppfs_cor:CurrentLiabilities
2666770,S100AKY8,jppfs_cor:AccumulatedDepreciationBuildingsAndStructures,減価償却累計額、建物及び構築物,stable,jppfs_cor:BuildingsAndStructuresNet
2666771,S100AKY8,jppfs_cor:IntangibleAssets,無形固定資産,increase_20,jppfs_cor:NoncurrentAssets
2666772,S100AKY8,jppfs_cor:IncomeTaxesDeferred,法人税等調整額,decrease_20,jppfs_cor:IncomeTaxes
2666773,S100AKY8,jppfs_cor:NetDefinedBenefitAsset,退職給付に係る資産,increase_10,jppfs_cor:InvestmentsAndOtherAssets
2666774,S100AKY8,jppfs_cor:EmployeesSalariesAndAllowancesSGA,従業員給料及び手当、販売費及び一般管理費,stable,jppfs_cor:SellingGeneralAndAdministrativeExpenses
2666775,S100AKY8,jppfs_cor:EmployeesBonusesSGA,従業員賞与、販売費及び一般管理費,stable,jppfs_cor:SellingGeneralAndAdministrativeExpenses
2666776,S100AKY8,jppfs_cor:DeferredTaxAssetsIOA,繰延税金資産、投資その他の資産,decrease_10,jppfs_cor:InvestmentsAndOtherAssets
2666777,S100AKY8,jppfs_cor:IncomeTaxes,法人税等,decrease_10,jppfs_cor:ProfitLoss
2666778,S100AKY8,jppfs_cor:LongTermAccountsPayableOther,長期未払金,decrease_10,jppfs_cor:NoncurrentLiabilities
2666779,S100AKY8,jppfs_cor:Liabilities,負債,stable,jppfs_cor:LiabilitiesAndNetAssets
2666780,S100AKY8,jppfs_cor:ProvisionForBonuses,賞与引当金,stable,jppfs_cor:CurrentLiabilities
2666781,S100AKY8,jppfs_cor:InvestmentSecurities,投資有価証券,increase_20,jppfs_cor:InvestmentsAndOtherAssets
2666782,S100AKY8,jppfs_cor:Inventories,たな卸資産,decrease_10,jppfs_cor:CurrentAssets
2666783,S100AKY8,jpcrp030000-asr_E05263-000:TechnicalAdvisoryFeeSGA,業務提携契約料,stable,jppfs_cor:SellingGeneralAndAdministrativeExpenses
2666784,S100AKY8,jpcrp030000-asr_E05263-000:DueFromSubscribers,未収契約料,stable,jppfs_cor:CurrentAssets
2666785,S100AKY8,jppfs_cor:CapitalSurplus,資本剰余金,stable,jppfs_cor:ShareholdersEquity
2666786,S100AKY8,jpcrp030000-asr_E05263-000:DeferredRevenue,前受契約料,stable,jppfs_cor:CurrentLiabilities
2666787,S100AKY8,jppfs_cor:GrossProfit,売上総利益又は売上総損失（△）,stable,jppfs_cor:OperatingIncome
2666788,S100AKY8,jppfs_cor:AccruedExpenses,未払費用,stable,jppfs_cor:CurrentLiabilities
2666789,S100AKY8,jppfs_cor:GainOnSalesOfNoncurrentAssetsNOI,固定資産売却益、営業外収益,decrease_10,jppfs_cor:NonOperatingIncome
2666790,S100AKY8,jppfs_cor:AccumulatedDepreciationMachineryEquipmentAndVehicles,減価償却累計額、機械装置及び運搬具,stable,jppfs_cor:MachineryEquipmentAndVehiclesNet
2666791,S100AKY8,jppfs_cor:ProfitLossAttributableToOwnersOfParent,親会社株主に帰属する当期純利益又は親会社株主に帰属する当期純損失（△）,stable,not_common_account
2666792,S100AKY8,jppfs_cor:Land,土地,stable,jppfs_cor:PropertyPlantAndEquipment
2666793,S100AKY8,jppfs_cor:InsuranceFunds,保険積立金,increase_10,jppfs_cor:InvestmentsAndOtherAssets
2666794,S100AKY8,jppfs_cor:AccumulatedDepreciationToolsFurnitureAndFixtures,減価償却累計額、工具、器具及び備品,increase_10,jppfs_cor:ToolsFurnitureAndFixturesNet
2666795,S100AKY8,jppfs_cor:AllowanceForDoubtfulAccountsCA,貸倒引当金、流動資産、一括控除,decrease_20,jppfs_cor:CurrentAssets
2666796,S100AKY8,jppfs_cor:DirectorsCompensationsSGA,役員報酬、販売費及び一般管理費,stable,jppfs_cor:SellingGeneralAndAdministrativeExpenses
2666797,S100AKY8,jppfs_cor:OtherNOI,その他、営業外収益,decrease_20,jppfs_cor:NonOperatingIncome
2666798,S100AKY8,jppfs_cor:AccruedConsumptionTaxes,未払消費税等,decrease_10,jppfs_cor:CurrentLiabilities
2666799,S100AKY8,jppfs_cor:OtherNOE,その他、営業外費用,stable,jppfs_cor:NonOperatingExpenses
2666800,S100AKY8,jppfs_cor:ConstructionInProgress,建設仮勘定,stable,jppfs_cor:PropertyPlantAndEquipment
2666801,S100AKY8,jppfs_cor:Software,ソフトウエア,increase_20,jppfs_cor:IntangibleAssets
2666802,S100AKY8,jppfs_cor:IncomeBeforeIncomeTaxes,税引前当期純利益又は税引前当期純損失（△）,stable,jppfs_cor:ProfitLoss
2666803,S100AKY8,jpcrp030000-asr_E05263-000:SecurityEquipmentAndControlStations,警報機器及び設備,stable,jpcrp030000-asr_E05263-000:SecurityEquipmentAndControlStationsNet
2666804,S100AKY8,jppfs_cor:LegalWelfareExpensesSGA,法定福利費、販売費及び一般管理費,stable,jppfs_cor:SellingGeneralAndAdministrativeExpenses
2666805,S100AKY8,jppfs_cor:NotesAndAccountsReceivableTrade,受取手形及び売掛金,increase_10,jppfs_cor:CurrentAssets
2666806,S100AKY8,jppfs_cor:MachineryEquipmentAndVehicles,機械装置及び運搬具,decrease_10,jppfs_cor:MachineryEquipmentAndVehiclesNet
2666807,S100AKY8,jppfs_cor:LongTermPrepaidExpenses,長期前払費用,increase_10,jppfs_cor:InvestmentsAndOtherAssets
2666808,S100AKY8,jpcrp030000-asr_E05263-000:SecurityEquipmentAndControlStationsNet,警報機器及び設備,stable,jppfs_cor:PropertyPlantAndEquipment
2666809,S100AKY8,jppfs_cor:InvestmentsAndOtherAssets,投資その他の資産,increase_20,jppfs_cor:NoncurrentAssets
2666810,S100AKY8,jppfs_cor:ProfitLossAttributableToNonControllingInterests,非支配株主に帰属する当期純利益又は非支配株主に帰属する当期純損失（△）,increase_20,not_common_account
2666811,S100AKY8,jppfs_cor:NetSales,売上高,stable,jppfs_cor:GrossProfit
2666812,S100AKY8,jppfs_cor:NonOperatingIncome,営業外収益,decrease_20,jppfs_cor:OrdinaryIncome
2666813,S100AKY8,jppfs_cor:ValuationDifferenceOnAvailableForSaleSecurities,その他有価証券評価差額金,new,jppfs_cor:ValuationAndTranslationAdjustments
2666814,S100AKY8,jppfs_cor:InterestIncomeNOI,受取利息、営業外収益,decrease_20,jppfs_cor:NonOperatingIncome
2666815,S100AKY8,jppfs_cor:RemeasurementsOfDefinedBenefitPlans,退職給付に係る調整累計額,new,jppfs_cor:ValuationAndTranslationAdjustments
2666816,S100AKY8,jppfs_cor:RetainedEarnings,利益剰余金,increase_10,jppfs_cor:ShareholdersEquity
2666817,S100AKY8,jppfs_cor:InterestExpensesNOE,支払利息、営業外費用,decrease_20,jppfs_cor:NonOperatingExpenses
2666818,S100AKY8,jppfs_cor:SellingGeneralAndAdministrativeExpenses,販売費及び一般管理費,stable,jppfs_cor:OperatingIncome
2666819,S100AKY8,jppfs_cor:ShortTermLoansReceivable,短期貸付金,stable,jppfs_cor:CurrentAssets
2666820,S100AKY8,jppfs_cor:ProvisionOfAllowanceForDoubtfulAccountsSGA,貸倒引当金繰入額、販売費及び一般管理費,decrease_20,jppfs_cor:SellingGeneralAndAdministrativeExpenses
2666821,S100AKY8,jppfs_cor:AllowanceForDoubtfulAccountsIOAByGroup,貸倒引当金、投資その他の資産、一括控除,stable,jppfs_cor:InvestmentsAndOtherAssets
2666822,S100AKY8,jppfs_cor:RentIncomeNOI,受取賃貸料、営業外収益,increase_10,jppfs_cor:NonOperatingIncome
2666823,S100AKY8,jppfs_cor:ShareholdersEquity,株主資本,stable,jppfs_cor:NetAssets
2666824,S100AKY8,jppfs_cor:NoncurrentLiabilities,固定負債,stable,jppfs_cor:Liabilities
2666825,S100AKY8,jppfs_cor:NonOperatingExpenses,営業外費用,decrease_10,jppfs_cor:OrdinaryIncome
2666826,S100AKY8,jppfs_cor:CurrentAssets,流動資産,stable,jppfs_cor:Assets
2666827,S100AKY8,jppfs_cor:OperatingIncome,営業利益又は営業損失（△）,stable,jppfs_cor:OrdinaryIncome
2666828,S100AKY8,jppfs_cor:OrdinaryIncome,経常利益又は経常損失（△）,stable,jppfs_cor:IncomeBeforeIncomeTaxes
2666829,S100AKY8,jppfs_cor:DepreciationSGA,減価償却費、販売費及び一般管理費,stable,jppfs_cor:SellingGeneralAndAdministrativeExpenses
2666830,S100AKY8,jpcrp030000-asr_E05263-000:AccumulatedDepreciationSecurityEquipmentAndControlStations,減価償却累計額,stable,jpcrp030000-asr_E05263-000:SecurityEquipmentAndControlStationsNet
2666831,S100AKY8,jppfs_cor:AdvertisingExpensesSGA,広告宣伝費、販売費及び一般管理費,stable,jppfs_cor:SellingGeneralAndAdministrativeExpenses
2666832,S100AKY8,jppfs_cor:LossOnSalesAndRetirementOfNoncurrentAssetsNOE,固定資産除売却損、営業外費用,increase_20,jppfs_cor:NonOperatingExpenses
2666833,S100AKY8,jppfs_cor:RentExpensesSGA,賃借料、販売費及び一般管理費,stable,jppfs_cor:SellingGeneralAndAdministrativeExpenses
2666834,S100AKY8,jppfs_cor:OtherSGA,その他、販売費及び一般管理費,stable,jppfs_cor:SellingGeneralAndAdministrativeExpenses
2666835,S100AKY8,jppfs_cor:IncomeTaxesCurrent,法人税、住民税及び事業税,stable,jppfs_cor:IncomeTaxes
2666836,S100AKY8,jppfs_cor:TreasuryStock,自己株式,decrease_20,jppfs_cor:ShareholdersEquity
2666837,S100AKY8,jppfs_cor:NoncurrentAssets,固定資産,increase_10,jppfs_cor:Assets
2666838,S100AKY8,jppfs_cor:OtherCA,その他、流動資産,increase_20,jppfs_cor:CurrentAssets
2666839,S100AKY8,jppfs_cor:PropertyPlantAndEquipment,有形固定資産,stable,jppfs_cor:NoncurrentAssets
2666840,S100AKY8,jppfs_cor:CostOfSales,売上原価,stable,jppfs_cor:GrossProfit
2666841,S100AKY8,jppfs_cor:ExtraordinaryLoss,特別損失,decrease_20,jppfs_cor:IncomeBeforeIncomeTaxes
2666842,S100AKY8,jppfs_cor:DividendsIncomeNOI,受取配当金、営業外収益,increase_20,jppfs_cor:NonOperatingIncome
2666843,S100AKY8,jpcrp030000-asr_E05263-000:TemporaryAmortizationOfLongTermPrepaidExpensesNOE,長期前払費用一時償却額,decrease_10,jppfs_cor:NonOperatingExpenses
2666844,S100AKY8,jppfs_cor:OtherNCL,その他、固定負債,decrease_10,jppfs_cor:NoncurrentLiabilities
2666845,S100AKY8,jppfs_cor:ValuationAndTranslationAdjustments,評価・換算差額等,new,jppfs_cor:NetAssets
2666846,S100AKY8,jppfs_cor:LossOnValuationOfInvestmentSecuritiesEL,投資有価証券評価損、特別損失,new,jppfs_cor:ExtraordinaryLoss
2666847,S100AKY8,jppfs_cor:OtherIOA,その他、投資その他の資産,decrease_10,jppfs_cor:InvestmentsAndOtherAssets
2666848,S100AKY8,jppfs_cor:ProfitLoss,当期純利益又は当期純損失（△）（平成26年3月28日財規等改正後）,stable,top_account
2666849,S100AKY8,jppfs_cor:ProvisionForBonusesSGA,賞与引当金繰入額、販売費及び一般管理費,stable,jppfs_cor:SellingGeneralAndAdministrativeExpenses
2666850,S100AKY8,jppfs_cor:AccountsPayableFacilities,設備関係未払金,decrease_10,jppfs_cor:CurrentLiabilities
2666851,S100AKY8,jppfs_cor:ToolsFurnitureAndFixtures,工具、器具及び備品,stable,jppfs_cor:ToolsFurnitureAndFixturesNet
2666852,S100AKY8,jppfs_cor:OtherCL,その他、流動負債,decrease_20,jppfs_cor:CurrentLiabilities
2666853,S100AKY8,jpcrp030000-asr_E05263-000:DepositsReceivedForCashCollectionAndDepositServicesCL,現金護送業務用預り金,increase_20,jppfs_cor:CurrentLiabilities
2666854,S100AKY8,jppfs_cor:LongTermGuaranteeDeposited,長期預り保証金,stable,jppfs_cor:NoncurrentLiabilities
2666855,S100AKY8,jppfs_cor:BusinessConsignmentExpensesSGA,業務委託費、販売費及び一般管理費,increase_10,jppfs_cor:SellingGeneralAndAdministrativeExpenses
2666856,S100AKY8,jppfs_cor:BuildingsAndStructures,建物及び構築物,stable,jppfs_cor:BuildingsAndStructuresNet
2666857,S100AKY8,jppfs_cor:CurrentLiabilities,流動負債,stable,jppfs_cor:Liabilities
2681920,S100AK4H,jppfs_cor:OtherIOA,その他、投資その他の資産,stable,jppfs_cor:InvestmentsAndOtherAssets
2681921,S100AK4H,jppfs_cor:InvestmentSecurities,投資有価証券,stable,jppfs_cor:InvestmentsAndOtherAssets
2681922,S100AK4H,jppfs_cor:IncomeTaxes,法人税等,increase_10,jppfs_cor:ProfitLoss
2681923,S100AK4H,jppfs_cor:DeferredTaxLiabilitiesNCL,繰延税金負債、固定負債,increase_10,jppfs_cor:NoncurrentLiabilities
2681924,S100AK4H,jppfs_cor:ExtraordinaryLoss,特別損失,decrease_20,jppfs_cor:IncomeBeforeIncomeTaxes
2681925,S100AK4H,jppfs_cor:LeaseAssetsPPE,リース資産、有形固定資産,stable,jppfs_cor:PropertyPlantAndEquipment
2681926,S100AK4H,jppfs_cor:LongTermLoansReceivable,長期貸付金,increase_20,jppfs_cor:InvestmentsAndOtherAssets
2681927,S100AK4H,jppfs_cor:ElectronicallyRecordedObligationsOperatingCL,電子記録債務、流動負債,decrease_10,jppfs_cor:CurrentLiabilities
2681928,S100AK4H,jppfs_cor:IncomeTaxesPayable,未払法人税等,stable,jppfs_cor:CurrentLiabilities
2681929,S100AK4H,jppfs_cor:CapitalSurplus,資本剰余金,stable,jppfs_cor:ShareholdersEquity
2681930,S100AK4H,jppfs_cor:RemeasurementsOfDefinedBenefitPlans,退職給付に係る調整累計額,decrease_20,jppfs_cor:ValuationAndTranslationAdjustments
2681931,S100AK4H,jppfs_cor:AdvancesReceivedOnUncompletedConstructionContractsCNS,未成工事受入金、建設業,increase_20,jppfs_cor:CurrentLiabilities
2681932,S100AK4H,jppfs_cor:LongTermLoansPayable,長期借入金,decrease_20,jppfs_cor:NoncurrentLiabilities
2681933,S100AK4H,jppfs_cor:DividendsIncomeNOI,受取配当金、営業外収益,stable,jppfs_cor:NonOperatingIncome
2681934,S100AK4H,jppfs_cor:Land,土地,stable,jppfs_cor:PropertyPlantAndEquipment
2681935,S100AK4H,jppfs_cor:ProvisionForDirectorsRetirementBenefits,役員退職慰労引当金,decrease_10,jppfs_cor:NoncurrentLiabilities
2681936,S100AK4H,jppfs_cor:RealEstateRentNOI,不動産賃貸料、営業外収益,increase_10,jppfs_cor:NonOperatingIncome
2681937,S100AK4H,jppfs_cor:ValuationDifferenceOnAvailableForSaleSecurities,その他有価証券評価差額金,stable,jppfs_cor:ValuationAndTranslationAdjustments
2681938,S100AK4H,jppfs_cor:GainOnSalesOfInvestmentSecuritiesEI,投資有価証券売却益、特別利益,new,jppfs_cor:ExtraordinaryIncome
2681939,S100AK4H,jppfs_cor:LossOnSalesAndRetirementOfNoncurrentAssetsEL,固定資産除売却損、特別損失,decrease_20,jppfs_cor:ExtraordinaryLoss
2681940,S100AK4H,jppfs_cor:LossOnValuationOfInvestmentSecuritiesEL,投資有価証券評価損、特別損失,increase_10,jppfs_cor:ExtraordinaryLoss
2681941,S100AK4H,jppfs_cor:ShortTermLoansPayable,短期借入金,increase_10,jppfs_cor:CurrentLiabilities
2681942,S100AK4H,jppfs_cor:CostOfSales,売上原価,decrease_10,jppfs_cor:GrossProfit
2681943,S100AK4H,jppfs_cor:ExtraordinaryIncome,特別利益,decrease_10,jppfs_cor:IncomeBeforeIncomeTaxes
2681944,S100AK4H,jppfs_cor:NoncurrentAssets,固定資産,increase_10,jppfs_cor:Assets
2681945,S100AK4H,jppfs_cor:AssetRetirementObligationsNCL,資産除去債務、固定負債,increase_20,jppfs_cor:NoncurrentLiabilities
2681946,S100AK4H,jppfs_cor:OperatingIncome,営業利益又は営業損失（△）,increase_10,jppfs_cor:OrdinaryIncome
2681947,S100AK4H,jppfs_cor:IncomeBeforeIncomeTaxes,税引前当期純利益又は税引前当期純損失（△）,increase_10,jppfs_cor:ProfitLoss
2681948,S100AK4H,jppfs_cor:NoncurrentLiabilities,固定負債,stable,jppfs_cor:Liabilities
2681949,S100AK4H,jppfs_cor:ValuationAndTranslationAdjustments,評価・換算差額等,increase_10,jppfs_cor:NetAssets
2681950,S100AK4H,jppfs_cor:OtherCA,その他、流動資産,stable,jppfs_cor:CurrentAssets
2681951,S100AK4H,jppfs_cor:OtherCL,その他、流動負債,stable,jppfs_cor:CurrentLiabilities
2681952,S100AK4H,jppfs_cor:InvestmentsAndOtherAssets,投資その他の資産,stable,jppfs_cor:NoncurrentAssets
2681953,S100AK4H,jppfs_cor:OtherInventories,その他のたな卸資産,decrease_10,jppfs_cor:CurrentAssets
2681954,S100AK4H,jppfs_cor:CurrentAssets,流動資産,stable,jppfs_cor:Assets
2681955,S100AK4H,jpcrp030000-asr_E00049-000:ProvisionForLossOnAntiMonopolyActEL,独占禁止法関連損失引当金繰入額,increase_10,jppfs_cor:ExtraordinaryLoss
2681956,S100AK4H,jppfs_cor:GrossProfit,売上総利益又は売上総損失（△）,increase_10,jppfs_cor:OperatingIncome
2681957,S100AK4H,jppfs_cor:GainOnValuationOfDerivativesNOI,デリバティブ評価益、営業外収益,new,jppfs_cor:NonOperatingIncome
2681958,S100AK4H,jppfs_cor:ShareholdersEquity,株主資本,increase_10,jppfs_cor:NetAssets
2681959,S100AK4H,jppfs_cor:ShortTermLoansReceivable,短期貸付金,increase_20,jppfs_cor:CurrentAssets
2681960,S100AK4H,jppfs_cor:CurrentLiabilities,流動負債,stable,jppfs_cor:Liabilities
2681961,S100AK4H,jppfs_cor:ConstructionInProgress,建設仮勘定,increase_20,jppfs_cor:PropertyPlantAndEquipment
2681962,S100AK4H,jppfs_cor:GainOnSalesOfNoncurrentAssetsEI,固定資産売却益、特別利益,decrease_20,jppfs_cor:ExtraordinaryIncome
2681963,S100AK4H,jppfs_cor:LeaseReceivablesAndInvestmentAssetsCA,リース債権及びリース投資資産、流動資産,decrease_10,jppfs_cor:CurrentAssets
2681964,S100AK4H,jppfs_cor:OtherNCL,その他、固定負債,stable,jppfs_cor:NoncurrentLiabilities
2681965,S100AK4H,jppfs_cor:GuaranteeCommissionNOE,支払保証料、営業外費用,decrease_10,jppfs_cor:NonOperatingExpenses
2681966,S100AK4H,jppfs_cor:ProvisionForBonuses,賞与引当金,increase_10,jppfs_cor:CurrentLiabilities
2681967,S100AK4H,jppfs_cor:ProfitLossAttributableToOwnersOfParent,親会社株主に帰属する当期純利益又は親会社株主に帰属する当期純損失（△）,increase_10,not_common_account
2681968,S100AK4H,jppfs_cor:AllowanceForDoubtfulAccountsCA,貸倒引当金、流動資産、一括控除,stable,jppfs_cor:CurrentAssets
2681969,S100AK4H,jppfs_cor:ProfitLossAttributableToNonControllingInterests,非支配株主に帰属する当期純利益又は非支配株主に帰属する当期純損失（△）,increase_20,not_common_account
2681970,S100AK4H,jppfs_cor:IncomeTaxesCurrent,法人税、住民税及び事業税,stable,jppfs_cor:IncomeTaxes
2681971,S100AK4H,jppfs_cor:RealEstateForSaleAndDevelopmentProjectsInProgressCNS,たな卸不動産、建設業,stable,jppfs_cor:CurrentAssets
2681972,S100AK4H,jppfs_cor:NotesReceivableAccountsReceivableFromCompletedConstructionContractsAndOtherCNS,受取手形・完成工事未収入金等、建設業,stable,jppfs_cor:CurrentAssets
2681973,S100AK4H,jppfs_cor:MachineryEquipmentAndVehicles,機械装置及び運搬具,stable,jppfs_cor:PropertyPlantAndEquipment
2681974,S100AK4H,jppfs_cor:IntangibleAssets,無形固定資産,stable,jppfs_cor:NoncurrentAssets
2681975,S100AK4H,jppfs_cor:CashAndDeposits,現金及び預金,decrease_10,jppfs_cor:CurrentAssets
2681976,S100AK4H,jppfs_cor:NetSales,売上高,stable,jppfs_cor:GrossProfit
2681977,S100AK4H,jppfs_cor:OtherNOI,その他、営業外収益,decrease_10,jppfs_cor:NonOperatingIncome
2681978,S100AK4H,jppfs_cor:RetainedEarnings,利益剰余金,increase_10,jppfs_cor:ShareholdersEquity
2681979,S100AK4H,jppfs_cor:AccumulatedDepreciationPPEByGroup,減価償却累計額、有形固定資産、一括控除,stable,jppfs_cor:PropertyPlantAndEquipment
2681980,S100AK4H,jppfs_cor:NetDefinedBenefitLiability,退職給付に係る負債,stable,jppfs_cor:NoncurrentLiabilities
2681981,S100AK4H,jppfs_cor:RentExpensesOnRealEstatesNOE,不動産賃貸費用、営業外費用,stable,jppfs_cor:NonOperatingExpenses
2681982,S100AK4H,jppfs_cor:Liabilities,負債,stable,jppfs_cor:LiabilitiesAndNetAssets
2681983,S100AK4H,jppfs_cor:DeferredGainsOrLossesOnHedges,繰延ヘッジ損益,decrease_20,jppfs_cor:ValuationAndTranslationAdjustments
2681984,S100AK4H,jppfs_cor:AllowanceForDoubtfulAccountsIOAByGroup,貸倒引当金、投資その他の資産、一括控除,stable,jppfs_cor:InvestmentsAndOtherAssets
2681985,S100AK4H,jppfs_cor:DeferredTaxAssetsIOA,繰延税金資産、投資その他の資産,increase_10,jppfs_cor:InvestmentsAndOtherAssets
2681986,S100AK4H,jppfs_cor:NotesPayableAccountsPayableForConstructionContractsAndOtherCNS,支払手形・工事未払金等、建設業,stable,jppfs_cor:CurrentLiabilities
2681987,S100AK4H,jppfs_cor:OrdinaryIncome,経常利益又は経常損失（△）,increase_10,jppfs_cor:IncomeBeforeIncomeTaxes
2681988,S100AK4H,jppfs_cor:ImpairmentLossEL,減損損失、特別損失,decrease_20,jppfs_cor:ExtraordinaryLoss
2681989,S100AK4H,jppfs_cor:BuildingsAndStructures,建物及び構築物,increase_10,jppfs_cor:PropertyPlantAndEquipment
2681990,S100AK4H,jppfs_cor:ToolsFurnitureAndFixtures,工具、器具及び備品,stable,jppfs_cor:PropertyPlantAndEquipment
2681991,S100AK4H,jppfs_cor:ProfitLoss,当期純利益又は当期純損失（△）（平成26年3月28日財規等改正後）,increase_10,top_account
2681992,S100AK4H,jppfs_cor:DeferredTaxAssetsCA,繰延税金資産、流動資産,decrease_10,jppfs_cor:CurrentAssets
2681993,S100AK4H,jppfs_cor:ProvisionForWarrantiesForCompletedConstruction,完成工事補償引当金,decrease_10,jppfs_cor:CurrentLiabilities
2681994,S100AK4H,jppfs_cor:CostsOnUncompletedConstructionContractsCNS,未成工事支出金、建設業,increase_10,jppfs_cor:CurrentAssets
2681995,S100AK4H,jppfs_cor:SellingGeneralAndAdministrativeExpenses,販売費及び一般管理費,stable,jppfs_cor:OperatingIncome
2681996,S100AK4H,jppfs_cor:PropertyPlantAndEquipment,有形固定資産,increase_10,jppfs_cor:NoncurrentAssets
2681997,S100AK4H,jppfs_cor:OtherEL,その他、特別損失,decrease_20,jppfs_cor:ExtraordinaryLoss
2681998,S100AK4H,jppfs_cor:NonOperatingExpenses,営業外費用,decrease_10,jppfs_cor:OrdinaryIncome
2681999,S100AK4H,jppfs_cor:InterestIncomeNOI,受取利息、営業外収益,increase_20,jppfs_cor:NonOperatingIncome
2682000,S100AK4H,jppfs_cor:InterestExpensesNOE,支払利息、営業外費用,increase_20,jppfs_cor:NonOperatingExpenses
2682001,S100AK4H,jpcrp030000-asr_E00049-000:ProvisionForLossOnAntiMonopolyActCL,独占禁止法関連損失引当金,increase_20,jppfs_cor:CurrentLiabilities
2682002,S100AK4H,jppfs_cor:ProvisionForLossOnConstructionContracts,工事損失引当金,decrease_20,jppfs_cor:CurrentLiabilities
2682003,S100AK4H,jppfs_cor:NonOperatingIncome,営業外収益,increase_10,jppfs_cor:OrdinaryIncome
2682004,S100AK4H,jppfs_cor:TreasuryStock,自己株式,increase_10,jppfs_cor:ShareholdersEquity
2682005,S100AK4H,jppfs_cor:ForeignExchangeLossesNOE,為替差損、営業外費用,new,jppfs_cor:NonOperatingExpenses
2682006,S100AK4H,jppfs_cor:CapitalStock,資本金,stable,jppfs_cor:ShareholdersEquity
2682007,S100AK4H,jpcrp030000-asr_E00049-000:LossOnDissolutionOfEmployeesPensionFundEL,厚生年金基金解散損失,new,jppfs_cor:ExtraordinaryLoss
2682008,S100AK4H,jppfs_cor:EquityInEarningsOfAffiliatesNOI,持分法による投資利益、営業外収益,decrease_20,jppfs_cor:NonOperatingIncome
2682009,S100AK4H,jppfs_cor:OtherNOE,その他、営業外費用,increase_20,jppfs_cor:NonOperatingExpenses
2682010,S100AK4H,jppfs_cor:IncomeTaxesDeferred,法人税等調整額,decrease_20,jppfs_cor:IncomeTaxes
2699767,S100AJ4I,jppfs_cor:GrossProfit,売上総利益又は売上総損失（△）,increase_10,jppfs_cor:OperatingIncome
2699768,S100AJ4I,jppfs_cor:Structures,構築物,stable,jppfs_cor:StructuresNet
2699769,S100AJ4I,jppfs_cor:EndingFinishedGoodsCOS,製品期末たな卸高、売上原価,increase_10,jppfs_cor:CostOfFinishedGoodsSold
2699770,S100AJ4I,jppfs_cor:LongTermPrepaidExpenses,長期前払費用,stable,jppfs_cor:InvestmentsAndOtherAssets
2699771,S100AJ4I,jppfs_cor:InvestmentSecurities,投資有価証券,increase_10,jppfs_cor:InvestmentsAndOtherAssets
2699772,S100AJ4I,jppfs_cor:LossOnInsuranceCancellationNOE,保険解約損、営業外費用,new,jppfs_cor:NonOperatingExpenses
2699773,S100AJ4I,jppfs_cor:WorkInProcess,仕掛品,decrease_10,jppfs_cor:CurrentAssets
2699774,S100AJ4I,jppfs_cor:SellingGeneralAndAdministrativeExpenses,販売費及び一般管理費,stable,jppfs_cor:OperatingIncome
2699775,S100AJ4I,jppfs_cor:OtherSGA,その他、販売費及び一般管理費,stable,jppfs_cor:SellingGeneralAndAdministrativeExpenses
2699776,S100AJ4I,jppfs_cor:HaulageExpensesSGA,運搬費、販売費及び一般管理費,increase_10,jppfs_cor:SellingGeneralAndAdministrativeExpenses
2699777,S100AJ4I,jppfs_cor:IncomeBeforeIncomeTaxes,税引前当期純利益又は税引前当期純損失（△）,increase_20,jppfs_cor:ProfitLoss
2699778,S100AJ4I,jppfs_cor:InterestOnSecuritiesNOI,有価証券利息、営業外収益,new,jppfs_cor:NonOperatingIncome
2699779,S100AJ4I,jppfs_cor:NetSales,売上高,stable,jppfs_cor:GrossProfit
2699780,S100AJ4I,jppfs_cor:AccumulatedDepreciationVehicles,減価償却累計額、車両運搬具,stable,jppfs_cor:VehiclesNet
2699781,S100AJ4I,jppfs_cor:Vehicles,車両運搬具,stable,jppfs_cor:VehiclesNet
2699782,S100AJ4I,jppfs_cor:PropertyPlantAndEquipment,有形固定資産,stable,jppfs_cor:NoncurrentAssets
2699783,S100AJ4I,jppfs_cor:ProvisionForDirectorsBonuses,役員賞与引当金,increase_20,jppfs_cor:CurrentLiabilities
2699784,S100AJ4I,jppfs_cor:IncomeTaxesPayable,未払法人税等,decrease_10,jppfs_cor:CurrentLiabilities
2699785,S100AJ4I,jppfs_cor:RawMaterialsAndSupplies,原材料及び貯蔵品,increase_10,jppfs_cor:CurrentAssets
2699786,S100AJ4I,jppfs_cor:ProvisionForDirectorsRetirementBenefits,役員退職慰労引当金,increase_10,jppfs_cor:NoncurrentLiabilities
2699787,S100AJ4I,jppfs_cor:ProvisionForDirectorsRetirementBenefitsSGA,役員退職慰労引当金繰入額、販売費及び一般管理費,increase_10,jppfs_cor:SellingGeneralAndAdministrativeExpenses
2699788,S100AJ4I,jppfs_cor:IntangibleAssets,無形固定資産,decrease_10,jppfs_cor:NoncurrentAssets
2699789,S100AJ4I,jppfs_cor:CurrentLiabilities,流動負債,decrease_10,jppfs_cor:Liabilities
2699790,S100AJ4I,jppfs_cor:LegalCapitalSurplus,資本準備金,stable,jppfs_cor:CapitalSurplus
2699791,S100AJ4I,jppfs_cor:InsurancePremiumsRefundedCancellationNOI,保険解約返戻金、営業外収益,decrease_20,jppfs_cor:NonOperatingIncome
2699792,S100AJ4I,jppfs_cor:GeneralReserve,別途積立金,stable,jppfs_cor:RetainedEarnings
2699793,S100AJ4I,jppfs_cor:AccumulatedDepreciationLeaseAssetsPPE,減価償却累計額、リース資産、有形固定資産,increase_20,jppfs_cor:LeaseAssetsNetPPE
2699794,S100AJ4I,jppfs_cor:PrepaidExpenses,前払費用,increase_20,jppfs_cor:CurrentAssets
2699795,S100AJ4I,jppfs_cor:LossOnRetirementOfNoncurrentAssetsEL,固定資産除却損、特別損失,new,jppfs_cor:ExtraordinaryLoss
2699796,S100AJ4I,jppfs_cor:MachineryAndEquipment,機械及び装置,stable,jppfs_cor:MachineryAndEquipmentNet
2699797,S100AJ4I,jppfs_cor:AccruedExpenses,未払費用,stable,jppfs_cor:CurrentLiabilities
2699798,S100AJ4I,jppfs_cor:InsuranceIncomeNOI,受取保険金、営業外収益,new,jppfs_cor:NonOperatingIncome
2699799,S100AJ4I,jppfs_cor:LeaseObligationsCL,リース債務、流動負債,stable,jppfs_cor:CurrentLiabilities
2699800,S100AJ4I,jppfs_cor:MiscellaneousIncomeNOI,雑収入、営業外収益,increase_20,jppfs_cor:NonOperatingIncome
2699801,S100AJ4I,jpcrp030000-asr_E00497-000:HandicappedEmploymentFeeNOE,障害者雇用納付金,increase_10,jppfs_cor:NonOperatingExpenses
2699802,S100AJ4I,jppfs_cor:AccumulatedDepreciationToolsFurnitureAndFixtures,減価償却累計額、工具、器具及び備品,increase_10,jppfs_cor:ToolsFurnitureAndFixturesNet
2699803,S100AJ4I,jppfs_cor:ProvisionForDirectorsBonusesSGA,役員賞与引当金繰入額、販売費及び一般管理費,increase_20,jppfs_cor:SellingGeneralAndAdministrativeExpenses
2699804,S100AJ4I,jppfs_cor:IncomeTaxesCurrent,法人税、住民税及び事業税,increase_20,jppfs_cor:IncomeTaxes
2699805,S100AJ4I,jppfs_cor:DeferredTaxLiabilitiesNCL,繰延税金負債、固定負債,increase_10,jppfs_cor:NoncurrentLiabilities
2699806,S100AJ4I,jppfs_cor:DividendsIncomeNOI,受取配当金、営業外収益,increase_10,jppfs_cor:NonOperatingIncome
2699807,S100AJ4I,jppfs_cor:CostOfProductsManufactured,当期製品製造原価,stable,jppfs_cor:TotalBeginningFinishedGoodsAndCostOfProductsManufacturedForThePeriod
2699808,S100AJ4I,jppfs_cor:PurchaseOfFinishedGoodsCOS,当期製品仕入高、売上原価,increase_10,jppfs_cor:TotalBeginningFinishedGoodsAndCostOfProductsManufacturedForThePeriod
2699809,S100AJ4I,jppfs_cor:GainOnSalesOfGolfMembershipsEI,ゴルフ会員権売却益、特別利益,new,jppfs_cor:ExtraordinaryIncome
2699810,S100AJ4I,jppfs_cor:MiscellaneousLossNOE,雑損失、営業外費用,decrease_20,jppfs_cor:NonOperatingExpenses
2699811,S100AJ4I,jppfs_cor:DeferredTaxAssetsCA,繰延税金資産、流動資産,increase_20,jppfs_cor:CurrentAssets
2699812,S100AJ4I,jppfs_cor:RetirementBenefitExpensesSGA,退職給付費用、販売費及び一般管理費,increase_10,jppfs_cor:SellingGeneralAndAdministrativeExpenses
2699813,S100AJ4I,jppfs_cor:WelfareExpensesSGA,福利厚生費、販売費及び一般管理費,increase_10,jppfs_cor:SellingGeneralAndAdministrativeExpenses
2699814,S100AJ4I,jppfs_cor:CurrentAssets,流動資産,increase_10,jppfs_cor:Assets
2699815,S100AJ4I,jppfs_cor:DirectorsCompensationsSGA,役員報酬、販売費及び一般管理費,increase_20,jppfs_cor:SellingGeneralAndAdministrativeExpenses
2699816,S100AJ4I,jppfs_cor:AccruedConsumptionTaxes,未払消費税等,decrease_20,jppfs_cor:CurrentLiabilities
2699817,S100AJ4I,jppfs_cor:ShareholdersEquity,株主資本,stable,jppfs_cor:NetAssets
2699818,S100AJ4I,jppfs_cor:NotesPayableTrade,支払手形,decrease_10,jppfs_cor:CurrentLiabilities
2699819,S100AJ4I,jppfs_cor:NoncurrentLiabilities,固定負債,increase_10,jppfs_cor:Liabilities
2699820,S100AJ4I,jppfs_cor:ValuationAndTranslationAdjustments,評価・換算差額等,increase_20,jppfs_cor:NetAssets
2699821,S100AJ4I,jppfs_cor:Software,ソフトウエア,decrease_10,jppfs_cor:IntangibleAssets
2699822,S100AJ4I,jppfs_cor:CashAndDeposits,現金及び預金,decrease_20,jppfs_cor:CurrentAssets
2699823,S100AJ4I,jppfs_cor:IncomeTaxes,法人税等,decrease_20,jppfs_cor:ProfitLoss
2699824,S100AJ4I,jppfs_cor:AdvertisingExpensesSGA,広告宣伝費、販売費及び一般管理費,stable,jppfs_cor:SellingGeneralAndAdministrativeExpenses
2699825,S100AJ4I,jppfs_cor:ExtraordinaryIncome,特別利益,decrease_20,jppfs_cor:IncomeBeforeIncomeTaxes
2699826,S100AJ4I,jppfs_cor:ReserveForSpecialDepreciation,特別償却準備金,decrease_20,jppfs_cor:RetainedEarnings
2699827,S100AJ4I,jppfs_cor:NoncurrentAssets,固定資産,stable,jppfs_cor:Assets
2699828,S100AJ4I,jppfs_cor:DepreciationSGA,減価償却費、販売費及び一般管理費,decrease_10,jppfs_cor:SellingGeneralAndAdministrativeExpenses
2699829,S100AJ4I,jppfs_cor:OperatingIncome,営業利益又は営業損失（△）,increase_20,jppfs_cor:OrdinaryIncome
2699830,S100AJ4I,jppfs_cor:ProvisionForRetirementBenefits,退職給付引当金,increase_10,jppfs_cor:NoncurrentLiabilities
2699831,S100AJ4I,jppfs_cor:AccountsReceivableOther,未収入金,decrease_10,jppfs_cor:CurrentAssets
2699832,S100AJ4I,jppfs_cor:RetainedEarningsBroughtForward,繰越利益剰余金,increase_20,jppfs_cor:RetainedEarnings
2699833,S100AJ4I,jppfs_cor:CostOfFinishedGoodsSold,製品売上原価,stable,jppfs_cor:GrossProfit
2699834,S100AJ4I,jppfs_cor:AccountsPayableTrade,買掛金,decrease_10,jppfs_cor:CurrentLiabilities
2699835,S100AJ4I,jppfs_cor:NonOperatingExpenses,営業外費用,increase_20,jppfs_cor:OrdinaryIncome
2699836,S100AJ4I,jppfs_cor:DepositsReceived,預り金,increase_20,jppfs_cor:CurrentLiabilities
2699837,S100AJ4I,jppfs_cor:AccumulatedDepreciationBuildings,減価償却累計額、建物,increase_10,jppfs_cor:BuildingsNet
2699838,S100AJ4I,jppfs_cor:TreasuryStock,自己株式,stable,jppfs_cor:ShareholdersEquity
2699839,S100AJ4I,jppfs_cor:SalariesAllowancesAndBonusesSGA,給料手当及び賞与、販売費及び一般管理費,stable,jppfs_cor:SellingGeneralAndAdministrativeExpenses
2699840,S100AJ4I,jppfs_cor:ProvisionForBonusesSGA,賞与引当金繰入額、販売費及び一般管理費,stable,jppfs_cor:SellingGeneralAndAdministrativeExpenses
2699841,S100AJ4I,jppfs_cor:CapitalSurplus,資本剰余金,stable,jppfs_cor:ShareholdersEquity
2699842,S100AJ4I,jppfs_cor:LongTermLoansReceivableFromEmployees,従業員に対する長期貸付金,decrease_20,jppfs_cor:InvestmentsAndOtherAssets
2699843,S100AJ4I,jppfs_cor:InterestIncomeNOI,受取利息、営業外収益,increase_20,jppfs_cor:NonOperatingIncome
2699844,S100AJ4I,jppfs_cor:Liabilities,負債,stable,jppfs_cor:LiabilitiesAndNetAssets
2699845,S100AJ4I,jppfs_cor:OtherIOA,その他、投資その他の資産,stable,jppfs_cor:InvestmentsAndOtherAssets
2699846,S100AJ4I,jppfs_cor:ValuationDifferenceOnAvailableForSaleSecurities,その他有価証券評価差額金,increase_20,jppfs_cor:ValuationAndTranslationAdjustments
2699847,S100AJ4I,jpcrp030000-asr_E00497-000:SellingSGA,販促費,stable,jppfs_cor:SellingGeneralAndAdministrativeExpenses
2699848,S100AJ4I,jppfs_cor:ReserveForAdvancedDepreciationOfNoncurrentAssets,固定資産圧縮積立金,stable,jppfs_cor:RetainedEarnings
2699849,S100AJ4I,jppfs_cor:Buildings,建物,stable,jppfs_cor:BuildingsNet
2699850,S100AJ4I,jppfs_cor:LegalRetainedEarnings,利益準備金,stable,jppfs_cor:RetainedEarnings
2699851,S100AJ4I,jppfs_cor:ProvisionForBonuses,賞与引当金,increase_10,jppfs_cor:CurrentLiabilities
2699852,S100AJ4I,jppfs_cor:AccountsReceivableTrade,売掛金,stable,jppfs_cor:CurrentAssets
2699853,S100AJ4I,jppfs_cor:ToolsFurnitureAndFixtures,工具、器具及び備品,stable,jppfs_cor:ToolsFurnitureAndFixturesNet
2699854,S100AJ4I,jppfs_cor:LeaseObligationsNCL,リース債務、固定負債,decrease_10,jppfs_cor:NoncurrentLiabilities
2699855,S100AJ4I,jppfs_cor:InterestExpensesNOE,支払利息、営業外費用,decrease_20,jppfs_cor:NonOperatingExpenses
2699856,S100AJ4I,jppfs_cor:LeaseAssetsPPE,リース資産、有形固定資産,stable,jppfs_cor:LeaseAssetsNetPPE
2699857,S100AJ4I,jppfs_cor:OrdinaryIncome,経常利益又は経常損失（△）,increase_20,jppfs_cor:IncomeBeforeIncomeTaxes
2699858,S100AJ4I,jppfs_cor:BeginningFinishedGoodsCOS,製品期首たな卸高、売上原価,decrease_10,jppfs_cor:TotalBeginningFinishedGoodsAndCostOfProductsManufacturedForThePeriod
2699859,S100AJ4I,jppfs_cor:InvestmentsInCapital,出資金,stable,jppfs_cor:InvestmentsAndOtherAssets
2699860,S100AJ4I,jppfs_cor:RetainedEarnings,利益剰余金,increase_10,jppfs_cor:ShareholdersEquity
2699861,S100AJ4I,jppfs_cor:ExtraordinaryLoss,特別損失,new,jppfs_cor:IncomeBeforeIncomeTaxes
2699862,S100AJ4I,jppfs_cor:InvestmentsAndOtherAssets,投資その他の資産,increase_10,jppfs_cor:NoncurrentAssets
2699863,S100AJ4I,jppfs_cor:AccumulatedDepreciationMachineryAndEquipment,減価償却累計額、機械及び装置,increase_10,jppfs_cor:MachineryAndEquipmentNet
2699864,S100AJ4I,jppfs_cor:OtherCA,その他、流動資産,increase_20,jppfs_cor:CurrentAssets
2699865,S100AJ4I,jppfs_cor:MerchandiseAndFinishedGoods,商品及び製品,increase_10,jppfs_cor:CurrentAssets
2699866,S100AJ4I,jppfs_cor:Land,土地,stable,jppfs_cor:PropertyPlantAndEquipment
2699867,S100AJ4I,jppfs_cor:AccumulatedDepreciationStructures,減価償却累計額、構築物,increase_10,jppfs_cor:StructuresNet
2699868,S100AJ4I,jppfs_cor:AccountsPayableOther,未払金,increase_10,jppfs_cor:CurrentLiabilities
2699869,S100AJ4I,jppfs_cor:ProfitLoss,当期純利益又は当期純損失（△）（平成26年3月28日財規等改正後）,increase_20,top_account
2699870,S100AJ4I,jppfs_cor:OtherIA,その他、無形固定資産,decrease_10,jppfs_cor:IntangibleAssets
2699871,S100AJ4I,jppfs_cor:TotalBeginningFinishedGoodsAndCostOfProductsManufacturedForThePeriod,合計、製品期首たな卸高及び当期製品製造原価,stable,jppfs_cor:CostOfFinishedGoodsSold
2699872,S100AJ4I,jppfs_cor:ShortTermInvestmentSecurities,有価証券,new,jppfs_cor:CurrentAssets
2699873,S100AJ4I,jppfs_cor:CapitalStock,資本金,stable,jppfs_cor:ShareholdersEquity
2699874,S100AJ4I,jppfs_cor:TransferToOtherAccountCOS,他勘定振替高、売上原価,stable,jppfs_cor:CostOfFinishedGoodsSold
2699875,S100AJ4I,jppfs_cor:NonOperatingIncome,営業外収益,increase_20,jppfs_cor:OrdinaryIncome
2699876,S100AJ4I,jppfs_cor:IncomeTaxesDeferred,法人税等調整額,stable,jppfs_cor:IncomeTaxes
2733766,S100AGPV,jppfs_cor:CostOfLeaseRevenueNOE,賃貸収入原価、営業外費用,stable,jppfs_cor:NonOperatingExpenses
2733767,S100AGPV,jppfs_cor:ProfitLossAttributableToOwnersOfParent,親会社株主に帰属する当期純利益又は親会社株主に帰属する当期純損失（△）,decrease_10,not_common_account
2733768,S100AGPV,jppfs_cor:RemeasurementsOfDefinedBenefitPlansNetOfTaxOCI,退職給付に係る調整額（税引後）、その他の包括利益,decrease_20,jppfs_cor:OtherComprehensiveIncome
2733769,S100AGPV,jppfs_cor:ComprehensiveIncomeAttributableToNonControllingInterests,非支配株主に係る包括利益、包括利益,decrease_10,not_common_account
2733770,S100AGPV,jppfs_cor:CostOfSales,売上原価,stable,jppfs_cor:GrossProfit
2733771,S100AGPV,jppfs_cor:ComprehensiveIncomeAttributableToOwnersOfTheParent,親会社株主に係る包括利益、包括利益,increase_20,not_common_account
2733772,S100AGPV,jppfs_cor:LongTermLoansPayable,長期借入金,stable,jppfs_cor:NoncurrentLiabilities
2733773,S100AGPV,jppfs_cor:OperatingIncome,営業利益又は営業損失（△）,stable,jppfs_cor:OrdinaryIncome
2733774,S100AGPV,jppfs_cor:OrdinaryIncome,経常利益又は経常損失（△）,stable,jppfs_cor:IncomeBeforeIncomeTaxes
2733775,S100AGPV,jppfs_cor:Software,ソフトウエア,stable,jppfs_cor:IntangibleAssets
2733776,S100AGPV,jppfs_cor:LossOnDisposalOfNoncurrentAssetsEL,固定資産処分損、特別損失,increase_20,jppfs_cor:ExtraordinaryLoss
2733777,S100AGPV,jppfs_cor:GainOnSalesOfNoncurrentAssetsEI,固定資産売却益、特別利益,decrease_20,jppfs_cor:ExtraordinaryIncome
2733778,S100AGPV,jppfs_cor:CapitalStock,資本金,stable,jppfs_cor:ShareholdersEquity
2733779,S100AGPV,jppfs_cor:IncomeTaxesCurrent,法人税、住民税及び事業税,increase_10,jppfs_cor:IncomeTaxes
2733780,S100AGPV,jppfs_cor:LeaseholdRight,借地権,decrease_10,jppfs_cor:IntangibleAssets
2733781,S100AGPV,jppfs_cor:WorkInProcess,仕掛品,stable,jppfs_cor:CurrentAssets
2733782,S100AGPV,jppfs_cor:ComprehensiveIncome,包括利益,increase_20,not_common_account
2733783,S100AGPV,jppfs_cor:MiscellaneousLossNOE,雑損失、営業外費用,decrease_20,jppfs_cor:NonOperatingExpenses
2733784,S100AGPV,jppfs_cor:OtherIOA,その他、投資その他の資産,decrease_10,jppfs_cor:InvestmentsAndOtherAssets
2733785,S100AGPV,jppfs_cor:OtherIA,その他、無形固定資産,decrease_20,jppfs_cor:IntangibleAssets
2733786,S100AGPV,jppfs_cor:IncomeBeforeIncomeTaxes,税引前当期純利益又は税引前当期純損失（△）,decrease_10,jppfs_cor:ProfitLoss
2733787,S100AGPV,jppfs_cor:ValuationDifferenceOnAvailableForSaleSecurities,その他有価証券評価差額金,increase_20,jppfs_cor:ValuationAndTranslationAdjustments
2733788,S100AGPV,jppfs_cor:Land,土地,stable,jppfs_cor:PropertyPlantAndEquipment
2733789,S100AGPV,jppfs_cor:Liabilities,負債,stable,jppfs_cor:LiabilitiesAndNetAssets
2733790,S100AGPV,jppfs_cor:GrossProfit,売上総利益又は売上総損失（△）,stable,jppfs_cor:OperatingIncome
2733791,S100AGPV,jppfs_cor:DividendsIncomeNOI,受取配当金、営業外収益,stable,jppfs_cor:NonOperatingIncome
2733792,S100AGPV,jppfs_cor:MiscellaneousIncomeNOI,雑収入、営業外収益,decrease_20,jppfs_cor:NonOperatingIncome
2733793,S100AGPV,jppfs_cor:LongTermAccountsPayableOther,長期未払金,stable,jppfs_cor:NoncurrentLiabilities
2733794,S100AGPV,jppfs_cor:NonOperatingIncome,営業外収益,decrease_10,jppfs_cor:OrdinaryIncome
2733795,S100AGPV,jppfs_cor:ProvisionForProductWarranties,製品保証引当金,decrease_10,jppfs_cor:CurrentLiabilities
2733796,S100AGPV,jppfs_cor:NonOperatingExpenses,営業外費用,increase_20,jppfs_cor:OrdinaryIncome
2733797,S100AGPV,jppfs_cor:ProvisionForDirectorsBonuses,役員賞与引当金,decrease_10,jppfs_cor:CurrentLiabilities
2733798,S100AGPV,jppfs_cor:CapitalSurplus,資本剰余金,stable,jppfs_cor:ShareholdersEquity
2733799,S100AGPV,jppfs_cor:ConstructionInProgress,建設仮勘定,new,jppfs_cor:PropertyPlantAndEquipment
2733800,S100AGPV,jppfs_cor:RemeasurementsOfDefinedBenefitPlans,退職給付に係る調整累計額,decrease_20,jppfs_cor:ValuationAndTranslationAdjustments
2733801,S100AGPV,jppfs_cor:IncomeTaxesPayable,未払法人税等,increase_20,jppfs_cor:CurrentLiabilities
2733802,S100AGPV,jppfs_cor:BuildingsAndStructures,建物及び構築物,stable,jppfs_cor:BuildingsAndStructuresNet
2733803,S100AGPV,jppfs_cor:ForeignCurrencyTranslationAdjustmentNetOfTaxOCI,為替換算調整勘定（税引後）、その他の包括利益,new,jppfs_cor:OtherComprehensiveIncome
2733804,S100AGPV,jppfs_cor:ExtraordinaryIncome,特別利益,decrease_20,jppfs_cor:IncomeBeforeIncomeTaxes
2733805,S100AGPV,jppfs_cor:ExtraordinaryLoss,特別損失,increase_20,jppfs_cor:IncomeBeforeIncomeTaxes
2733806,S100AGPV,jppfs_cor:IncomeTaxes,法人税等,stable,jppfs_cor:ProfitLoss
2733807,S100AGPV,jppfs_cor:IncomeTaxesDeferred,法人税等調整額,decrease_20,jppfs_cor:IncomeTaxes
2733808,S100AGPV,jppfs_cor:OtherPPE,その他、有形固定資産,stable,jppfs_cor:OtherNetPPE
2733809,S100AGPV,jppfs_cor:LeaseObligationsNCL,リース債務、固定負債,decrease_20,jppfs_cor:NoncurrentLiabilities
2733810,S100AGPV,jppfs_cor:ShortTermLoansPayable,短期借入金,decrease_10,jppfs_cor:CurrentLiabilities
2733811,S100AGPV,jppfs_cor:AccumulatedDepreciationOtherPPE,減価償却累計額、その他、有形固定資産,stable,jppfs_cor:OtherNetPPE
2733812,S100AGPV,jppfs_cor:HouseRentIncomeNOI,受取家賃、営業外収益,stable,jppfs_cor:NonOperatingIncome
2733813,S100AGPV,jppfs_cor:TreasuryStock,自己株式,increase_10,jppfs_cor:ShareholdersEquity
2733814,S100AGPV,jppfs_cor:ShareholdersEquity,株主資本,stable,jppfs_cor:NetAssets
2733815,S100AGPV,jppfs_cor:SellingGeneralAndAdministrativeExpenses,販売費及び一般管理費,stable,jppfs_cor:OperatingIncome
2733816,S100AGPV,jppfs_cor:RawMaterialsAndSupplies,原材料及び貯蔵品,stable,jppfs_cor:CurrentAssets
2733817,S100AGPV,jppfs_cor:DeferredTaxLiabilitiesNCL,繰延税金負債、固定負債,increase_20,jppfs_cor:NoncurrentLiabilities
2733818,S100AGPV,jppfs_cor:AccumulatedDepreciationBuildingsAndStructures,減価償却累計額、建物及び構築物,increase_10,jppfs_cor:BuildingsAndStructuresNet
2733819,S100AGPV,jppfs_cor:AllowanceForDoubtfulAccountsCA,貸倒引当金、流動資産、一括控除,decrease_20,jppfs_cor:CurrentAssets
2733820,S100AGPV,jppfs_cor:NoncurrentLiabilities,固定負債,increase_10,jppfs_cor:Liabilities
2733821,S100AGPV,jppfs_cor:AllowanceForDoubtfulAccountsIOAByGroup,貸倒引当金、投資その他の資産、一括控除,decrease_20,jppfs_cor:InvestmentsAndOtherAssets
2733822,S100AGPV,jppfs_cor:AccumulatedDepreciationMachineryEquipmentAndVehicles,減価償却累計額、機械装置及び運搬具,increase_10,jppfs_cor:MachineryEquipmentAndVehiclesNet
2733823,S100AGPV,jppfs_cor:NetDefinedBenefitLiability,退職給付に係る負債,stable,jppfs_cor:NoncurrentLiabilities
2733824,S100AGPV,jppfs_cor:CurrentLiabilities,流動負債,decrease_10,jppfs_cor:Liabilities
2733825,S100AGPV,jppfs_cor:InvestmentSecurities,投資有価証券,increase_10,jppfs_cor:InvestmentsAndOtherAssets
2733826,S100AGPV,jppfs_cor:OtherComprehensiveIncome,その他の包括利益,decrease_20,jppfs_cor:ComprehensiveIncome
2733827,S100AGPV,jppfs_cor:NoncurrentAssets,固定資産,stable,jppfs_cor:Assets
2733828,S100AGPV,jppfs_cor:DeferredTaxAssetsIOA,繰延税金資産、投資その他の資産,stable,jppfs_cor:InvestmentsAndOtherAssets
2733829,S100AGPV,jppfs_cor:ShareOfOtherComprehensiveIncomeOfAssociatesAccountedForUsingEquityMethodOCI,持分法適用会社に対する持分相当額、その他の包括利益,decrease_20,jppfs_cor:OtherComprehensiveIncome
2733830,S100AGPV,jppfs_cor:SalesDiscountsNOE,売上割引、営業外費用,decrease_20,jppfs_cor:NonOperatingExpenses
2733831,S100AGPV,jppfs_cor:MachineryEquipmentAndVehicles,機械装置及び運搬具,stable,jppfs_cor:MachineryEquipmentAndVehiclesNet
2733832,S100AGPV,jppfs_cor:ForeignExchangeLossesNOE,為替差損、営業外費用,increase_20,jppfs_cor:NonOperatingExpenses
2733833,S100AGPV,jppfs_cor:AccruedExpenses,未払費用,decrease_10,jppfs_cor:CurrentLiabilities
2733834,S100AGPV,jppfs_cor:CommitmentFeeNOE,コミットメントフィー、営業外費用,new,jppfs_cor:NonOperatingExpenses
2733835,S100AGPV,jppfs_cor:EquityInEarningsOfAffiliatesNOI,持分法による投資利益、営業外収益,stable,jppfs_cor:NonOperatingIncome
2733836,S100AGPV,jppfs_cor:OtherCA,その他、流動資産,decrease_20,jppfs_cor:CurrentAssets
2733837,S100AGPV,jppfs_cor:ProfitLoss,当期純利益又は当期純損失（△）（平成26年3月28日財規等改正後）,decrease_10,jppfs_cor:ComprehensiveIncome
2733838,S100AGPV,jppfs_cor:NetSales,売上高,stable,jppfs_cor:GrossProfit
2733839,S100AGPV,jppfs_cor:InterestExpensesNOE,支払利息、営業外費用,increase_20,jppfs_cor:NonOperatingExpenses
2733840,S100AGPV,jppfs_cor:PropertyPlantAndEquipment,有形固定資産,decrease_10,jppfs_cor:NoncurrentAssets
2733841,S100AGPV,jppfs_cor:ProfitLossAttributableToNonControllingInterests,非支配株主に帰属する当期純利益又は非支配株主に帰属する当期純損失（△）,decrease_20,not_common_account
2733842,S100AGPV,jppfs_cor:InvestmentsAndOtherAssets,投資その他の資産,increase_10,jppfs_cor:NoncurrentAssets
2733843,S100AGPV,jppfs_cor:CashAndDeposits,現金及び預金,increase_10,jppfs_cor:CurrentAssets
2733844,S100AGPV,jppfs_cor:ValuationAndTranslationAdjustments,評価・換算差額等,increase_10,jppfs_cor:NetAssets
2733845,S100AGPV,jppfs_cor:NotesAndAccountsReceivableTrade,受取手形及び売掛金,stable,jppfs_cor:CurrentAssets
2733846,S100AGPV,jppfs_cor:LongTermLoansReceivable,長期貸付金,decrease_10,jppfs_cor:InvestmentsAndOtherAssets
2733847,S100AGPV,jppfs_cor:ProvisionForBonuses,賞与引当金,stable,jppfs_cor:CurrentLiabilities
2733848,S100AGPV,jppfs_cor:IntangibleAssets,無形固定資産,decrease_10,jppfs_cor:NoncurrentAssets
2733849,S100AGPV,jppfs_cor:ShortTermInvestmentSecurities,有価証券,increase_20,jppfs_cor:CurrentAssets
2733850,S100AGPV,jppfs_cor:ValuationDifferenceOnAvailableForSaleSecuritiesNetOfTaxOCI,その他有価証券評価差額金（税引後）、その他の包括利益,decrease_20,jppfs_cor:OtherComprehensiveIncome
2733851,S100AGPV,jppfs_cor:NotesAndAccountsPayableTrade,支払手形及び買掛金,decrease_10,jppfs_cor:CurrentLiabilities
2733852,S100AGPV,jppfs_cor:InterestIncomeNOI,受取利息、営業外収益,increase_10,jppfs_cor:NonOperatingIncome
2733853,S100AGPV,jppfs_cor:OtherCL,その他、流動負債,increase_20,jppfs_cor:CurrentLiabilities
2733854,S100AGPV,jppfs_cor:RetainedEarnings,利益剰余金,increase_10,jppfs_cor:ShareholdersEquity
2733855,S100AGPV,jppfs_cor:DeferredTaxAssetsCA,繰延税金資産、流動資産,stable,jppfs_cor:CurrentAssets
2733856,S100AGPV,jppfs_cor:ForeignCurrencyTranslationAdjustment,為替換算調整勘定,decrease_20,jppfs_cor:ValuationAndTranslationAdjustments
2733857,S100AGPV,jppfs_cor:CurrentAssets,流動資産,stable,jppfs_cor:Assets
2733858,S100AGPV,jppfs_cor:MerchandiseAndFinishedGoods,商品及び製品,increase_10,jppfs_cor:CurrentAssets
2733859,S100AGPV,jppfs_cor:OtherNCL,その他、固定負債,decrease_10,jppfs_cor:NoncurrentLiabilities
2757567,S100AC6O,jppfs_cor:OtherNCL,その他、固定負債,stable,jppfs_cor:NoncurrentLiabilities
2757568,S100AC6O,jppfs_cor:AccumulatedDepreciationMachineryEquipmentAndVehicles,減価償却累計額、機械装置及び運搬具,stable,jppfs_cor:MachineryEquipmentAndVehiclesNet
2757569,S100AC6O,jppfs_cor:ImpairmentLossEL,減損損失、特別損失,new,jppfs_cor:ExtraordinaryLoss
2757570,S100AC6O,jppfs_cor:LongTermLoansPayable,長期借入金,decrease_20,jppfs_cor:NoncurrentLiabilities
2757571,S100AC6O,jppfs_cor:NonOperatingExpenses,営業外費用,decrease_20,jppfs_cor:OrdinaryIncome
2757572,S100AC6O,jppfs_cor:NonOperatingIncome,営業外収益,decrease_20,jppfs_cor:OrdinaryIncome
2757573,S100AC6O,jpcrp030000-asr_E02328-000:ElectricaliSalesIncomeNOI,売電収入,stable,jppfs_cor:NonOperatingIncome
2757574,S100AC6O,jppfs_cor:ConstructionInProgress,建設仮勘定,new,jppfs_cor:PropertyPlantAndEquipment
2757575,S100AC6O,jppfs_cor:ValuationDifferenceOnAvailableForSaleSecurities,その他有価証券評価差額金,increase_20,jppfs_cor:ValuationAndTranslationAdjustments
2757576,S100AC6O,jpcrp030000-asr_E02328-000:ElectricaliSalesExpenseNOE,売電費用,decrease_10,jppfs_cor:NonOperatingExpenses
2757577,S100AC6O,jppfs_cor:CurrentLiabilities,流動負債,increase_20,jppfs_cor:Liabilities
2757578,S100AC6O,jppfs_cor:RawMaterialsAndSupplies,原材料及び貯蔵品,increase_20,jppfs_cor:CurrentAssets
2757579,S100AC6O,jpcrp030000-asr_E02328-000:DerivativeExpenseNOE,デリバティブ損失,decrease_20,jppfs_cor:NonOperatingExpenses
2757580,S100AC6O,jppfs_cor:NotesAndAccountsPayableTrade,支払手形及び買掛金,increase_20,jppfs_cor:CurrentLiabilities
2757581,S100AC6O,jppfs_cor:InterestExpensesNOE,支払利息、営業外費用,decrease_20,jppfs_cor:NonOperatingExpenses
2757582,S100AC6O,jppfs_cor:Software,ソフトウエア,stable,jppfs_cor:IntangibleAssets
2757583,S100AC6O,jppfs_cor:SellingGeneralAndAdministrativeExpenses,販売費及び一般管理費,increase_10,jppfs_cor:OperatingIncome
2757584,S100AC6O,jppfs_cor:DeferredTaxLiabilitiesCL,繰延税金負債、流動負債,new,jppfs_cor:CurrentLiabilities
2757585,S100AC6O,jppfs_cor:CurrentAssets,流動資産,increase_20,jppfs_cor:Assets
2757586,S100AC6O,jppfs_cor:ShortTermLoansPayable,短期借入金,increase_10,jppfs_cor:CurrentLiabilities
2757587,S100AC6O,jppfs_cor:RetainedEarnings,利益剰余金,increase_20,jppfs_cor:ShareholdersEquity
2757588,S100AC6O,jppfs_cor:IncomeTaxes,法人税等,increase_20,jppfs_cor:ProfitLoss
2757589,S100AC6O,jppfs_cor:DeferredTaxLiabilitiesNCL,繰延税金負債、固定負債,decrease_20,jppfs_cor:NoncurrentLiabilities
2757590,S100AC6O,jppfs_cor:AllowanceForDoubtfulAccountsIOAByGroup,貸倒引当金、投資その他の資産、一括控除,stable,jppfs_cor:InvestmentsAndOtherAssets
2757591,S100AC6O,jppfs_cor:NoncurrentLiabilities,固定負債,decrease_20,jppfs_cor:Liabilities
2757592,S100AC6O,jppfs_cor:InvestmentsAndOtherAssets,投資その他の資産,increase_10,jppfs_cor:NoncurrentAssets
2757593,S100AC6O,jppfs_cor:CostOfSales,売上原価,increase_20,jppfs_cor:GrossProfit
2757594,S100AC6O,jppfs_cor:OperatingIncome,営業利益又は営業損失（△）,increase_20,jppfs_cor:OrdinaryIncome
2757595,S100AC6O,jppfs_cor:DividendsIncomeNOI,受取配当金、営業外収益,increase_20,jppfs_cor:NonOperatingIncome
2757596,S100AC6O,jppfs_cor:ExtraordinaryIncome,特別利益,stable,jppfs_cor:IncomeBeforeIncomeTaxes
2757597,S100AC6O,jppfs_cor:ProfitLossAttributableToOwnersOfParent,親会社株主に帰属する当期純利益又は親会社株主に帰属する当期純損失（△）,increase_20,not_common_account
2757598,S100AC6O,jppfs_cor:MachineryEquipmentAndVehicles,機械装置及び運搬具,stable,jppfs_cor:MachineryEquipmentAndVehiclesNet
2757599,S100AC6O,jppfs_cor:OtherPPE,その他、有形固定資産,decrease_10,jppfs_cor:OtherNetPPE
2757600,S100AC6O,jppfs_cor:ExtraordinaryLoss,特別損失,new,jppfs_cor:IncomeBeforeIncomeTaxes
2757601,S100AC6O,jppfs_cor:CashAndDeposits,現金及び預金,increase_20,jppfs_cor:CurrentAssets
2757602,S100AC6O,jppfs_cor:OtherCL,その他、流動負債,increase_20,jppfs_cor:CurrentLiabilities
2757603,S100AC6O,jppfs_cor:InterestIncomeNOI,受取利息、営業外収益,increase_20,jppfs_cor:NonOperatingIncome
2757604,S100AC6O,jppfs_cor:NoncurrentAssets,固定資産,increase_10,jppfs_cor:Assets
2757605,S100AC6O,jppfs_cor:ForeignCurrencyTranslationAdjustment,為替換算調整勘定,decrease_20,jppfs_cor:ValuationAndTranslationAdjustments
2757606,S100AC6O,jppfs_cor:OtherIOA,その他、投資その他の資産,increase_20,jppfs_cor:InvestmentsAndOtherAssets
2757607,S100AC6O,jppfs_cor:OtherCA,その他、流動資産,increase_20,jppfs_cor:CurrentAssets
2757608,S100AC6O,jppfs_cor:ForeignExchangeLossesNOE,為替差損、営業外費用,new,jppfs_cor:NonOperatingExpenses
2757609,S100AC6O,jppfs_cor:WorkInProcess,仕掛品,decrease_20,jppfs_cor:CurrentAssets
2757610,S100AC6O,jppfs_cor:ProvisionForBonuses,賞与引当金,decrease_20,jppfs_cor:CurrentLiabilities
2757611,S100AC6O,jppfs_cor:Land,土地,stable,jppfs_cor:PropertyPlantAndEquipment
2757612,S100AC6O,jppfs_cor:IncomeBeforeIncomeTaxes,税引前当期純利益又は税引前当期純損失（△）,increase_20,jppfs_cor:ProfitLoss
2757613,S100AC6O,jppfs_cor:ShareholdersEquity,株主資本,increase_20,jppfs_cor:NetAssets
2757614,S100AC6O,jppfs_cor:Liabilities,負債,increase_10,jppfs_cor:LiabilitiesAndNetAssets
2757615,S100AC6O,jppfs_cor:DeferredTaxAssetsCA,繰延税金資産、流動資産,decrease_10,jppfs_cor:CurrentAssets
2757616,S100AC6O,jppfs_cor:AccumulatedDepreciationOtherPPE,減価償却累計額、その他、有形固定資産,decrease_10,jppfs_cor:OtherNetPPE
2757617,S100AC6O,jppfs_cor:MerchandiseAndFinishedGoods,商品及び製品,increase_20,jppfs_cor:CurrentAssets
2757618,S100AC6O,jppfs_cor:OtherNOE,その他、営業外費用,increase_20,jppfs_cor:NonOperatingExpenses
2757619,S100AC6O,jppfs_cor:OtherNOI,その他、営業外収益,increase_20,jppfs_cor:NonOperatingIncome
2757620,S100AC6O,jppfs_cor:InsuranceIncomeNOI,受取保険金、営業外収益,increase_20,jppfs_cor:NonOperatingIncome
2757621,S100AC6O,jppfs_cor:AllowanceForDoubtfulAccountsCA,貸倒引当金、流動資産、一括控除,decrease_10,jppfs_cor:CurrentAssets
2757622,S100AC6O,jppfs_cor:BuildingsAndStructures,建物及び構築物,stable,jppfs_cor:BuildingsAndStructuresNet
2757623,S100AC6O,jppfs_cor:LossOnDisasterEL,災害による損失、特別損失,new,jppfs_cor:ExtraordinaryLoss
2757624,S100AC6O,jppfs_cor:CapitalSurplus,資本剰余金,stable,jppfs_cor:ShareholdersEquity
2757625,S100AC6O,jppfs_cor:ProvisionForProductWarranties,製品保証引当金,increase_10,jppfs_cor:CurrentLiabilities
2757626,S100AC6O,jppfs_cor:ProvisionForDirectorsRetirementBenefits,役員退職慰労引当金,increase_10,jppfs_cor:NoncurrentLiabilities
2757627,S100AC6O,jppfs_cor:GrossProfit,売上総利益又は売上総損失（△）,increase_20,jppfs_cor:OperatingIncome
2757628,S100AC6O,jppfs_cor:InvestmentSecurities,投資有価証券,increase_10,jppfs_cor:InvestmentsAndOtherAssets
2757629,S100AC6O,jppfs_cor:LossOnValuationOfGolfClubMembershipEL,ゴルフ会員権評価損、特別損失,new,jppfs_cor:ExtraordinaryLoss
2757630,S100AC6O,jppfs_cor:LossOnRetirementOfNoncurrentAssetsEL,固定資産除却損、特別損失,new,jppfs_cor:ExtraordinaryLoss
2757631,S100AC6O,jppfs_cor:ProfitLossAttributableToNonControllingInterests,非支配株主に帰属する当期純利益又は非支配株主に帰属する当期純損失（△）,increase_20,not_common_account
2757632,S100AC6O,jppfs_cor:ProvisionForDirectorsBonuses,役員賞与引当金,stable,jppfs_cor:CurrentLiabilities
2757633,S100AC6O,jppfs_cor:AssetRetirementObligationsNCL,資産除去債務、固定負債,increase_20,jppfs_cor:NoncurrentLiabilities
2757634,S100AC6O,jppfs_cor:CapitalStock,資本金,stable,jppfs_cor:ShareholdersEquity
2757635,S100AC6O,jppfs_cor:AccumulatedDepreciationBuildingsAndStructures,減価償却累計額、建物及び構築物,stable,jppfs_cor:BuildingsAndStructuresNet
2757636,S100AC6O,jppfs_cor:IncomeTaxesPayable,未払法人税等,decrease_20,jppfs_cor:CurrentLiabilities
2757637,S100AC6O,jppfs_cor:GainOnSalesOfNoncurrentAssetsEI,固定資産売却益、特別利益,new,jppfs_cor:ExtraordinaryIncome
2757638,S100AC6O,jppfs_cor:SubsidyIncomeNOI,補助金収入、営業外収益,decrease_20,jppfs_cor:NonOperatingIncome
2757639,S100AC6O,jppfs_cor:IntangibleAssets,無形固定資産,stable,jppfs_cor:NoncurrentAssets
2757640,S100AC6O,jppfs_cor:NotesAndAccountsReceivableTrade,受取手形及び売掛金,increase_20,jppfs_cor:CurrentAssets
2757641,S100AC6O,jppfs_cor:DeferredTaxAssetsIOA,繰延税金資産、投資その他の資産,decrease_20,jppfs_cor:InvestmentsAndOtherAssets
2757642,S100AC6O,jppfs_cor:GainOnSalesOfInvestmentSecuritiesEI,投資有価証券売却益、特別利益,decrease_20,jppfs_cor:ExtraordinaryIncome
2757643,S100AC6O,jppfs_cor:OtherIA,その他、無形固定資産,stable,jppfs_cor:IntangibleAssets
2757644,S100AC6O,jppfs_cor:PropertyPlantAndEquipment,有形固定資産,increase_10,jppfs_cor:NoncurrentAssets
2757645,S100AC6O,jppfs_cor:IncomeTaxesCurrent,法人税、住民税及び事業税,increase_10,jppfs_cor:IncomeTaxes
2757646,S100AC6O,jppfs_cor:ProfitLoss,当期純利益又は当期純損失（△）（平成26年3月28日財規等改正後）,increase_20,top_account
2757647,S100AC6O,jppfs_cor:AccruedConsumptionTaxes,未払消費税等,decrease_20,jppfs_cor:CurrentLiabilities
2757648,S100AC6O,jppfs_cor:GainOnSalesOfSubsidiariesAndAffiliatesStocksEI,関係会社株式売却益、特別利益,decrease_10,jppfs_cor:ExtraordinaryIncome
2757649,S100AC6O,jppfs_cor:TreasuryStock,自己株式,stable,jppfs_cor:ShareholdersEquity
2757650,S100AC6O,jppfs_cor:OrdinaryIncome,経常利益又は経常損失（△）,increase_20,jppfs_cor:IncomeBeforeIncomeTaxes
2757651,S100AC6O,jppfs_cor:NetDefinedBenefitLiability,退職給付に係る負債,increase_10,jppfs_cor:NoncurrentLiabilities
2757652,S100AC6O,jppfs_cor:LossOnValuationOfStocksOfSubsidiariesAndAffiliatesEL,関係会社株式評価損、特別損失,new,jppfs_cor:ExtraordinaryLoss
2757653,S100AC6O,jppfs_cor:NetSales,売上高,increase_20,jppfs_cor:GrossProfit
2757654,S100AC6O,jppfs_cor:IncomeTaxesDeferred,法人税等調整額,decrease_20,jppfs_cor:IncomeTaxes
2757655,S100AC6O,jppfs_cor:ValuationAndTranslationAdjustments,評価・換算差額等,decrease_20,jppfs_cor:NetAssets
2782635,S100A0FH,jppfs_cor:OrdinaryIncome,経常利益又は経常損失（△）,decrease_20,jppfs_cor:IncomeBeforeIncomeTaxes
2782636,S100A0FH,jppfs_cor:NotesAndAccountsPayableTrade,支払手形及び買掛金,stable,jppfs_cor:CurrentLiabilities
2782637,S100A0FH,jppfs_cor:OperatingIncome,営業利益又は営業損失（△）,decrease_20,jppfs_cor:OrdinaryIncome
2782638,S100A0FH,jppfs_cor:MerchandiseAndFinishedGoods,商品及び製品,decrease_10,jppfs_cor:CurrentAssets
2782639,S100A0FH,jppfs_cor:IncomeTaxesDeferred,法人税等調整額,decrease_20,jppfs_cor:IncomeTaxes
2782640,S100A0FH,jppfs_cor:AccumulatedDepreciationBuildingsAndStructures,減価償却累計額、建物及び構築物,stable,jppfs_cor:BuildingsAndStructuresNet
2782641,S100A0FH,jppfs_cor:Land,土地,stable,jppfs_cor:PropertyPlantAndEquipment
2782642,S100A0FH,jppfs_cor:OtherIOA,その他、投資その他の資産,decrease_20,jppfs_cor:InvestmentsAndOtherAssets
2782643,S100A0FH,jppfs_cor:BuildingsAndStructures,建物及び構築物,stable,jppfs_cor:BuildingsAndStructuresNet
2782644,S100A0FH,jppfs_cor:NetDefinedBenefitLiability,退職給付に係る負債,increase_10,jppfs_cor:NoncurrentLiabilities
2782645,S100A0FH,jppfs_cor:WorkInProcess,仕掛品,stable,jppfs_cor:CurrentAssets
2782646,S100A0FH,jppfs_cor:ValuationAndTranslationAdjustments,評価・換算差額等,decrease_20,jppfs_cor:NetAssets
2782647,S100A0FH,jppfs_cor:RentIncomeNOI,受取賃貸料、営業外収益,decrease_20,jppfs_cor:NonOperatingIncome
2782648,S100A0FH,jppfs_cor:Liabilities,負債,stable,jppfs_cor:LiabilitiesAndNetAssets
2782649,S100A0FH,jppfs_cor:LossOnRetirementOfNoncurrentAssetsEL,固定資産除却損、特別損失,decrease_20,jppfs_cor:ExtraordinaryLoss
2782650,S100A0FH,jppfs_cor:LossOnSalesOfNoncurrentAssetsEL,固定資産売却損、特別損失,decrease_20,jppfs_cor:ExtraordinaryLoss
2782651,S100A0FH,jppfs_cor:SellingGeneralAndAdministrativeExpenses,販売費及び一般管理費,decrease_10,jppfs_cor:OperatingIncome
2782652,S100A0FH,jppfs_cor:RetainedEarnings,利益剰余金,increase_10,jppfs_cor:ShareholdersEquity
2782653,S100A0FH,jppfs_cor:GainOnReversalOfSubscriptionRightsToSharesEI,新株予約権戻入益、特別利益,new,jppfs_cor:ExtraordinaryIncome
2782654,S100A0FH,jppfs_cor:CashAndDeposits,現金及び預金,increase_20,jppfs_cor:CurrentAssets
2782655,S100A0FH,jppfs_cor:RawMaterialsAndSupplies,原材料及び貯蔵品,decrease_10,jppfs_cor:CurrentAssets
2782656,S100A0FH,jppfs_cor:PurchaseDiscountsNOI,仕入割引、営業外収益,decrease_20,jppfs_cor:NonOperatingIncome
2782657,S100A0FH,jppfs_cor:CompensationIncomeNOI,受取補償金、営業外収益,increase_20,jppfs_cor:NonOperatingIncome
2782658,S100A0FH,jppfs_cor:ForeignExchangeLossesNOE,為替差損、営業外費用,decrease_20,jppfs_cor:NonOperatingExpenses
2782659,S100A0FH,jppfs_cor:NetSales,売上高,decrease_20,jppfs_cor:GrossProfit
2782660,S100A0FH,jppfs_cor:GrossProfit,売上総利益又は売上総損失（△）,increase_10,jppfs_cor:OperatingIncome
2782661,S100A0FH,jppfs_cor:NotesAndAccountsReceivableTrade,受取手形及び売掛金,stable,jppfs_cor:CurrentAssets
2782662,S100A0FH,jppfs_cor:ValuationDifferenceOnAvailableForSaleSecurities,その他有価証券評価差額金,increase_20,jppfs_cor:ValuationAndTranslationAdjustments
2782663,S100A0FH,jppfs_cor:ConstructionInProgress,建設仮勘定,decrease_20,jppfs_cor:PropertyPlantAndEquipment
2782664,S100A0FH,jppfs_cor:AllowanceForDoubtfulAccountsCA,貸倒引当金、流動資産、一括控除,stable,jppfs_cor:CurrentAssets
2782665,S100A0FH,jppfs_cor:EquityInLossesOfAffiliatesNOE,持分法による投資損失、営業外費用,decrease_20,jppfs_cor:NonOperatingExpenses
2782666,S100A0FH,jppfs_cor:NonOperatingExpenses,営業外費用,decrease_20,jppfs_cor:OrdinaryIncome
2782667,S100A0FH,jppfs_cor:ForeignCurrencyTranslationAdjustment,為替換算調整勘定,decrease_20,jppfs_cor:ValuationAndTranslationAdjustments
2782668,S100A0FH,jppfs_cor:CurrentLiabilities,流動負債,increase_10,jppfs_cor:Liabilities
2782669,S100A0FH,jppfs_cor:OtherNOI,その他、営業外収益,increase_20,jppfs_cor:NonOperatingIncome
2782670,S100A0FH,jppfs_cor:ExtraordinaryIncome,特別利益,increase_20,jppfs_cor:IncomeBeforeIncomeTaxes
2782671,S100A0FH,jppfs_cor:InsuranceFunds,保険積立金,decrease_10,jppfs_cor:InvestmentsAndOtherAssets
2782672,S100A0FH,jppfs_cor:CapitalSurplus,資本剰余金,stable,jppfs_cor:ShareholdersEquity
2782673,S100A0FH,jppfs_cor:IntangibleAssets,無形固定資産,increase_10,jppfs_cor:NoncurrentAssets
2782674,S100A0FH,jppfs_cor:DeferredTaxAssetsIOA,繰延税金資産、投資その他の資産,decrease_20,jppfs_cor:InvestmentsAndOtherAssets
2782675,S100A0FH,jppfs_cor:AccumulatedDepreciationMachineryEquipmentAndVehicles,減価償却累計額、機械装置及び運搬具,decrease_10,jppfs_cor:MachineryEquipmentAndVehiclesNet
2782676,S100A0FH,jppfs_cor:CommissionFeeNOI,受取手数料、営業外収益,decrease_20,jppfs_cor:NonOperatingIncome
2782677,S100A0FH,jppfs_cor:NoncurrentAssets,固定資産,decrease_10,jppfs_cor:Assets
2782678,S100A0FH,jppfs_cor:SurrenderValueOfInsuranceEI,保険解約返戻金、特別利益,new,jppfs_cor:ExtraordinaryIncome
2782679,S100A0FH,jppfs_cor:ShortTermLoansPayable,短期借入金,increase_10,jppfs_cor:CurrentLiabilities
2782680,S100A0FH,jppfs_cor:ProfitLossAttributableToOwnersOfParent,親会社株主に帰属する当期純利益又は親会社株主に帰属する当期純損失（△）,decrease_20,not_common_account
2782681,S100A0FH,jppfs_cor:InterestExpensesNOE,支払利息、営業外費用,decrease_10,jppfs_cor:NonOperatingExpenses
2782682,S100A0FH,jppfs_cor:GainOnSalesOfNoncurrentAssetsEI,固定資産売却益、特別利益,new,jppfs_cor:ExtraordinaryIncome
2782683,S100A0FH,jppfs_cor:PropertyPlantAndEquipment,有形固定資産,decrease_10,jppfs_cor:NoncurrentAssets
2782684,S100A0FH,jppfs_cor:OtherNOE,その他、営業外費用,decrease_20,jppfs_cor:NonOperatingExpenses
2782685,S100A0FH,jppfs_cor:NoncurrentLiabilities,固定負債,stable,jppfs_cor:Liabilities
2782686,S100A0FH,jppfs_cor:IncomeTaxesCurrent,法人税、住民税及び事業税,increase_20,jppfs_cor:IncomeTaxes
2782687,S100A0FH,jppfs_cor:CurrentAssets,流動資産,increase_10,jppfs_cor:Assets
2782688,S100A0FH,jppfs_cor:DeferredTaxAssetsCA,繰延税金資産、流動資産,decrease_10,jppfs_cor:CurrentAssets
2782689,S100A0FH,jppfs_cor:ExtraordinaryLoss,特別損失,decrease_20,jppfs_cor:IncomeBeforeIncomeTaxes
2782690,S100A0FH,jppfs_cor:ProfitLoss,当期純利益又は当期純損失（△）（平成26年3月28日財規等改正後）,decrease_20,top_account
2782691,S100A0FH,jpcrp030000-asr_E02116-000:GainOnSalesOfSupplies,消耗品等売却益,increase_20,jppfs_cor:NonOperatingIncome
2782692,S100A0FH,jppfs_cor:ShareholdersEquity,株主資本,stable,jppfs_cor:NetAssets
2782693,S100A0FH,jppfs_cor:NonOperatingIncome,営業外収益,increase_20,jppfs_cor:OrdinaryIncome
2782694,S100A0FH,jppfs_cor:IncomeBeforeIncomeTaxes,税引前当期純利益又は税引前当期純損失（△）,decrease_20,jppfs_cor:ProfitLoss
2782695,S100A0FH,jppfs_cor:ElectronicallyRecordedObligationsOperatingCL,電子記録債務、流動負債,increase_20,jppfs_cor:CurrentLiabilities
2782696,S100A0FH,jppfs_cor:LeaseObligationsNCL,リース債務、固定負債,decrease_20,jppfs_cor:NoncurrentLiabilities
2782697,S100A0FH,jppfs_cor:DeferredTaxLiabilitiesNCL,繰延税金負債、固定負債,decrease_20,jppfs_cor:NoncurrentLiabilities
2782698,S100A0FH,jppfs_cor:CurrentPortionOfLongTermLoansPayable,1年内返済予定の長期借入金,stable,jppfs_cor:CurrentLiabilities
2782699,S100A0FH,jppfs_cor:LeaseObligationsCL,リース債務、流動負債,decrease_20,jppfs_cor:CurrentLiabilities
2782700,S100A0FH,jppfs_cor:CommissionFeeNOE,支払手数料、営業外費用,increase_20,jppfs_cor:NonOperatingExpenses
2782701,S100A0FH,jppfs_cor:TreasuryStock,自己株式,stable,jppfs_cor:ShareholdersEquity
2782702,S100A0FH,jppfs_cor:LongTermLoansPayable,長期借入金,stable,jppfs_cor:NoncurrentLiabilities
2782703,S100A0FH,jppfs_cor:MachineryEquipmentAndVehicles,機械装置及び運搬具,decrease_10,jppfs_cor:MachineryEquipmentAndVehiclesNet
2782704,S100A0FH,jppfs_cor:CostOfSales,売上原価,decrease_20,jppfs_cor:GrossProfit
2782705,S100A0FH,jppfs_cor:DividendsIncomeNOI,受取配当金、営業外収益,increase_10,jppfs_cor:NonOperatingIncome
2782706,S100A0FH,jppfs_cor:LossOnInsuranceCancellationEL,保険解約損、特別損失,new,jppfs_cor:ExtraordinaryLoss
2782707,S100A0FH,jppfs_cor:InvestmentsAndOtherAssets,投資その他の資産,decrease_10,jppfs_cor:NoncurrentAssets
2782708,S100A0FH,jppfs_cor:OtherNCL,その他、固定負債,decrease_20,jppfs_cor:NoncurrentLiabilities
2782709,S100A0FH,jppfs_cor:AccumulatedDepreciationOtherPPE,減価償却累計額、その他、有形固定資産,stable,jppfs_cor:OtherNetPPE
2782710,S100A0FH,jppfs_cor:OtherCL,その他、流動負債,decrease_10,jppfs_cor:CurrentLiabilities
2782711,S100A0FH,jppfs_cor:LossOnSalesOfInvestmentSecuritiesEL,投資有価証券売却損、特別損失,new,jppfs_cor:ExtraordinaryLoss
2782712,S100A0FH,jppfs_cor:IncomeTaxesPayable,未払法人税等,new,jppfs_cor:CurrentLiabilities
2782713,S100A0FH,jppfs_cor:OtherPPE,その他、有形固定資産,stable,jppfs_cor:OtherNetPPE
2782714,S100A0FH,jppfs_cor:CapitalStock,資本金,stable,jppfs_cor:ShareholdersEquity
2782715,S100A0FH,jppfs_cor:IncomeTaxes,法人税等,increase_20,jppfs_cor:ProfitLoss
2782716,S100A0FH,jppfs_cor:OtherCA,その他、流動資産,decrease_20,jppfs_cor:CurrentAssets
2782717,S100A0FH,jppfs_cor:InvestmentSecurities,投資有価証券,decrease_20,jppfs_cor:InvestmentsAndOtherAssets
2782718,S100A0FH,jppfs_cor:DeferredGainsOrLossesOnHedges,繰延ヘッジ損益,decrease_20,jppfs_cor:ValuationAndTranslationAdjustments
2782719,S100A0FH,jppfs_cor:InterestIncomeNOI,受取利息、営業外収益,increase_10,jppfs_cor:NonOperatingIncome
2868757,S10083EC,jppfs_cor:TransportationAndWarehousingExpensesSGA,運送費及び保管費、販売費及び一般管理費,stable,jppfs_cor:SellingGeneralAndAdministrativeExpenses
2868758,S10083EC,jppfs_cor:NetSales,売上高,stable,jppfs_cor:GrossProfit
2868759,S10083EC,jppfs_cor:RetainedEarnings,利益剰余金,increase_20,jppfs_cor:ShareholdersEquity
2868760,S10083EC,jppfs_cor:DepreciationSGA,減価償却費、販売費及び一般管理費,stable,jppfs_cor:SellingGeneralAndAdministrativeExpenses
2868761,S10083EC,jppfs_cor:ProvisionForEnvironmentalMeasuresNCL,環境対策引当金、固定負債,decrease_20,jppfs_cor:NoncurrentLiabilities
2868762,S10083EC,jppfs_cor:WelfareExpensesSGA,福利厚生費、販売費及び一般管理費,stable,jppfs_cor:SellingGeneralAndAdministrativeExpenses
2868763,S10083EC,jppfs_cor:OtherCA,その他、流動資産,increase_20,jppfs_cor:CurrentAssets
2868764,S10083EC,jppfs_cor:InvestmentSecurities,投資有価証券,decrease_10,jppfs_cor:InvestmentsAndOtherAssets
2868765,S10083EC,jppfs_cor:OtherIA,その他、無形固定資産,decrease_20,jppfs_cor:IntangibleAssets
2868766,S10083EC,jppfs_cor:OtherIOA,その他、投資その他の資産,stable,jppfs_cor:InvestmentsAndOtherAssets
2868767,S10083EC,jppfs_cor:DeferredTaxLiabilitiesNCL,繰延税金負債、固定負債,decrease_20,jppfs_cor:NoncurrentLiabilities
2868768,S10083EC,jppfs_cor:OrdinaryIncome,経常利益又は経常損失（△）,increase_20,jppfs_cor:IncomeBeforeIncomeTaxes
2868769,S10083EC,jppfs_cor:RawMaterialsAndSupplies,原材料及び貯蔵品,decrease_10,jppfs_cor:CurrentAssets
2868770,S10083EC,jppfs_cor:LongTermLoansPayable,長期借入金,decrease_20,jppfs_cor:NoncurrentLiabilities
2868771,S10083EC,jppfs_cor:ValuationAndTranslationAdjustments,評価・換算差額等,decrease_20,jppfs_cor:NetAssets
2868772,S10083EC,jppfs_cor:CurrentLiabilities,流動負債,stable,jppfs_cor:Liabilities
2868773,S10083EC,jppfs_cor:IncomeTaxesPayable,未払法人税等,stable,jppfs_cor:CurrentLiabilities
2868774,S10083EC,jppfs_cor:DividendsIncomeNOI,受取配当金、営業外収益,stable,jppfs_cor:NonOperatingIncome
2868775,S10083EC,jppfs_cor:ProvisionForBonuses,賞与引当金,increase_10,jppfs_cor:CurrentLiabilities
2868776,S10083EC,jppfs_cor:DeferredTaxAssetsCA,繰延税金資産、流動資産,increase_10,jppfs_cor:CurrentAssets
2868777,S10083EC,jppfs_cor:SellingGeneralAndAdministrativeExpenses,販売費及び一般管理費,stable,jppfs_cor:OperatingIncome
2868778,S10083EC,jppfs_cor:ValuationDifferenceOnAvailableForSaleSecurities,その他有価証券評価差額金,decrease_20,jppfs_cor:ValuationAndTranslationAdjustments
2868779,S10083EC,jppfs_cor:CurrentPortionOfLongTermLoansPayable,1年内返済予定の長期借入金,decrease_10,jppfs_cor:CurrentLiabilities
2868780,S10083EC,jppfs_cor:OtherCL,その他、流動負債,increase_10,jppfs_cor:CurrentLiabilities
2868781,S10083EC,jppfs_cor:ShortTermLoansPayable,短期借入金,decrease_20,jppfs_cor:CurrentLiabilities
2868782,S10083EC,jppfs_cor:AllowanceForDoubtfulAccountsIOAByGroup,貸倒引当金、投資その他の資産、一括控除,stable,jppfs_cor:InvestmentsAndOtherAssets
2868783,S10083EC,jppfs_cor:MerchandiseAndFinishedGoods,商品及び製品,decrease_10,jppfs_cor:CurrentAssets
2868784,S10083EC,jppfs_cor:LongTermPrepaidExpenses,長期前払費用,decrease_10,jppfs_cor:InvestmentsAndOtherAssets
2868785,S10083EC,jppfs_cor:ShareholdersEquity,株主資本,increase_10,jppfs_cor:NetAssets
2868786,S10083EC,jppfs_cor:ExtraordinaryLoss,特別損失,stable,jppfs_cor:IncomeBeforeIncomeTaxes
2868787,S10083EC,jppfs_cor:CurrentAssets,流動資産,stable,jppfs_cor:Assets
2868788,S10083EC,jppfs_cor:NoncurrentLiabilities,固定負債,decrease_10,jppfs_cor:Liabilities
2868789,S10083EC,jppfs_cor:IncomeBeforeIncomeTaxes,税引前当期純利益又は税引前当期純損失（△）,increase_20,jppfs_cor:ProfitLoss
2868790,S10083EC,jppfs_cor:RemeasurementsOfDefinedBenefitPlans,退職給付に係る調整累計額,new,jppfs_cor:ValuationAndTranslationAdjustments
2868791,S10083EC,jppfs_cor:IncomeTaxes,法人税等,increase_10,jppfs_cor:ProfitLoss
2868792,S10083EC,jppfs_cor:ProvisionForBonusesSGA,賞与引当金繰入額、販売費及び一般管理費,stable,jppfs_cor:SellingGeneralAndAdministrativeExpenses
2868793,S10083EC,jppfs_cor:LossOnRetirementOfNoncurrentAssetsEL,固定資産除却損、特別損失,increase_20,jppfs_cor:ExtraordinaryLoss
2868794,S10083EC,jppfs_cor:ForeignExchangeLossesNOE,為替差損、営業外費用,new,jppfs_cor:NonOperatingExpenses
2868795,S10083EC,jppfs_cor:IntangibleAssets,無形固定資産,decrease_20,jppfs_cor:NoncurrentAssets
2868796,S10083EC,jppfs_cor:Liabilities,負債,decrease_10,jppfs_cor:LiabilitiesAndNetAssets
2868797,S10083EC,jppfs_cor:CapitalStock,資本金,stable,jppfs_cor:ShareholdersEquity
2868798,S10083EC,jppfs_cor:InterestExpensesNOE,支払利息、営業外費用,decrease_10,jppfs_cor:NonOperatingExpenses
2868799,S10083EC,jppfs_cor:NonOperatingExpenses,営業外費用,increase_20,jppfs_cor:OrdinaryIncome
2868800,S10083EC,jppfs_cor:OtherNOI,その他、営業外収益,increase_20,jppfs_cor:NonOperatingIncome
2868801,S10083EC,jppfs_cor:ProfitLossAttributableToOwnersOfParent,親会社株主に帰属する当期純利益又は親会社株主に帰属する当期純損失（△）,increase_20,not_common_account
2868802,S10083EC,jppfs_cor:TreasuryStock,自己株式,increase_10,jppfs_cor:ShareholdersEquity
2868803,S10083EC,jppfs_cor:InterestIncomeNOI,受取利息、営業外収益,increase_20,jppfs_cor:NonOperatingIncome
2868804,S10083EC,jppfs_cor:NetDefinedBenefitLiability,退職給付に係る負債,increase_10,jppfs_cor:NoncurrentLiabilities
2868805,S10083EC,jppfs_cor:Land,土地,stable,jppfs_cor:PropertyPlantAndEquipment
2868806,S10083EC,jppfs_cor:NotesAndAccountsReceivableTrade,受取手形及び売掛金,stable,jppfs_cor:CurrentAssets
2868807,S10083EC,jppfs_cor:InvestmentsAndOtherAssets,投資その他の資産,decrease_10,jppfs_cor:NoncurrentAssets
2868808,S10083EC,jppfs_cor:PropertyPlantAndEquipment,有形固定資産,increase_10,jppfs_cor:NoncurrentAssets
2868809,S10083EC,jppfs_cor:ForeignCurrencyTranslationAdjustment,為替換算調整勘定,decrease_20,jppfs_cor:ValuationAndTranslationAdjustments
2868810,S10083EC,jppfs_cor:NotesAndAccountsPayableTrade,支払手形及び買掛金,stable,jppfs_cor:CurrentLiabilities
2868811,S10083EC,jpcrp030000-asr_E00764-000:ReversalOfProvisionForEnvironmentalMeasuresNOI,環境対策引当金戻入益,new,jppfs_cor:NonOperatingIncome
2868812,S10083EC,jppfs_cor:IncomeTaxesCurrent,法人税、住民税及び事業税,increase_10,jppfs_cor:IncomeTaxes
2868813,S10083EC,jppfs_cor:ProfitLossAttributableToNonControllingInterests,非支配株主に帰属する当期純利益又は非支配株主に帰属する当期純損失（△）,decrease_20,not_common_account
2868814,S10083EC,jppfs_cor:LeaseObligationsNCL,リース債務、固定負債,new,jppfs_cor:NoncurrentLiabilities
2868815,S10083EC,jppfs_cor:WorkInProcess,仕掛品,increase_10,jppfs_cor:CurrentAssets
2868816,S10083EC,jppfs_cor:RetirementBenefitExpensesSGA,退職給付費用、販売費及び一般管理費,decrease_10,jppfs_cor:SellingGeneralAndAdministrativeExpenses
2868817,S10083EC,jppfs_cor:DirectorsCompensationsSGA,役員報酬、販売費及び一般管理費,stable,jppfs_cor:SellingGeneralAndAdministrativeExpenses
2868818,S10083EC,jppfs_cor:CashAndDeposits,現金及び預金,increase_10,jppfs_cor:CurrentAssets
2868819,S10083EC,jppfs_cor:IncomeTaxesDeferred,法人税等調整額,decrease_10,jppfs_cor:IncomeTaxes
2868820,S10083EC,jppfs_cor:OtherSGA,その他、販売費及び一般管理費,increase_10,jppfs_cor:SellingGeneralAndAdministrativeExpenses
2868821,S10083EC,jppfs_cor:NoncurrentAssets,固定資産,stable,jppfs_cor:Assets
2868822,S10083EC,jppfs_cor:CapitalSurplus,資本剰余金,stable,jppfs_cor:ShareholdersEquity
2868823,S10083EC,jppfs_cor:RentExpensesSGA,賃借料、販売費及び一般管理費,increase_10,jppfs_cor:SellingGeneralAndAdministrativeExpenses
2868824,S10083EC,jppfs_cor:SalariesAndAllowancesSGA,給料及び手当、販売費及び一般管理費,increase_10,jppfs_cor:SellingGeneralAndAdministrativeExpenses
2868825,S10083EC,jppfs_cor:LossOnAbandonmentOfInventoriesNOE,たな卸資産廃棄損、営業外費用,decrease_20,jppfs_cor:NonOperatingExpenses
2868826,S10083EC,jppfs_cor:ResearchAndDevelopmentExpensesSGA,研究開発費、販売費及び一般管理費,stable,jppfs_cor:SellingGeneralAndAdministrativeExpenses
2868827,S10083EC,jppfs_cor:OperatingIncome,営業利益又は営業損失（△）,increase_20,jppfs_cor:OrdinaryIncome
2868828,S10083EC,jppfs_cor:CostOfSales,売上原価,decrease_10,jppfs_cor:GrossProfit
2868829,S10083EC,jppfs_cor:ProfitLoss,当期純利益又は当期純損失（△）（平成26年3月28日財規等改正後）,increase_20,top_account
2868830,S10083EC,jppfs_cor:LongTermAccountsPayableOther,長期未払金,decrease_20,jppfs_cor:NoncurrentLiabilities
2868831,S10083EC,jppfs_cor:ConstructionInProgress,建設仮勘定,stable,jppfs_cor:PropertyPlantAndEquipment
2868832,S10083EC,jppfs_cor:GrossProfit,売上総利益又は売上総損失（△）,increase_10,jppfs_cor:OperatingIncome
2868833,S10083EC,jppfs_cor:NonOperatingIncome,営業外収益,increase_20,jppfs_cor:OrdinaryIncome
2868834,S10083EC,jppfs_cor:InsuranceExpensesSGA,保険料、販売費及び一般管理費,decrease_10,jppfs_cor:SellingGeneralAndAdministrativeExpenses
2868835,S10083EC,jppfs_cor:OtherNOE,その他、営業外費用,increase_20,jppfs_cor:NonOperatingExpenses
2868836,S10083EC,jppfs_cor:DeferredTaxAssetsIOA,繰延税金資産、投資その他の資産,increase_20,jppfs_cor:InvestmentsAndOtherAssets
2892148,S10081I2,jppfs_cor:LongTermLoansReceivable,長期貸付金,decrease_20,jppfs_cor:InvestmentsAndOtherAssets
2892149,S10081I2,jppfs_cor:LossOnReductionOfNoncurrentAssetsEL,固定資産圧縮損、特別損失,new,jppfs_cor:ExtraordinaryLoss
2892150,S10081I2,jppfs_cor:ShortTermLoansPayable,短期借入金,decrease_20,jppfs_cor:CurrentLiabilities
2892151,S10081I2,jppfs_cor:InterestExpensesNOE,支払利息、営業外費用,decrease_10,jppfs_cor:NonOperatingExpenses
2892152,S10081I2,jppfs_cor:ForeignCurrencyTranslationAdjustment,為替換算調整勘定,increase_20,jppfs_cor:ValuationAndTranslationAdjustments
2892153,S10081I2,jppfs_cor:ProvisionForDirectorsRetirementBenefits,役員退職慰労引当金,increase_10,jppfs_cor:NoncurrentLiabilities
2892154,S10081I2,jppfs_cor:InterestIncomeNOI,受取利息、営業外収益,increase_20,jppfs_cor:NonOperatingIncome
2892155,S10081I2,jppfs_cor:DividendsIncomeNOI,受取配当金、営業外収益,increase_10,jppfs_cor:NonOperatingIncome
2892156,S10081I2,jppfs_cor:ToolsFurnitureAndFixtures,工具、器具及び備品,stable,jppfs_cor:ToolsFurnitureAndFixturesNet
2892157,S10081I2,jppfs_cor:ProvisionForDirectorsBonuses,役員賞与引当金,stable,jppfs_cor:CurrentLiabilities
2892158,S10081I2,jppfs_cor:NoncurrentLiabilities,固定負債,increase_10,jppfs_cor:Liabilities
2892159,S10081I2,jppfs_cor:NetDefinedBenefitLiability,退職給付に係る負債,increase_20,jppfs_cor:NoncurrentLiabilities
2892160,S10081I2,jppfs_cor:CurrentPortionOfBonds,1年内償還予定の社債,increase_10,jppfs_cor:CurrentLiabilities
2892161,S10081I2,jppfs_cor:IncomeTaxesDeferred,法人税等調整額,decrease_10,jppfs_cor:IncomeTaxes
2892162,S10081I2,jppfs_cor:OtherCA,その他、流動資産,increase_20,jppfs_cor:CurrentAssets
2892163,S10081I2,jppfs_cor:InvestmentsAndOtherAssets,投資その他の資産,decrease_10,jppfs_cor:NoncurrentAssets
2892164,S10081I2,jppfs_cor:Supplies,貯蔵品,decrease_10,jppfs_cor:CurrentAssets
2892165,S10081I2,jppfs_cor:NetDefinedBenefitAsset,退職給付に係る資産,decrease_20,jppfs_cor:InvestmentsAndOtherAssets
2892166,S10081I2,jppfs_cor:OperatingCost,営業原価,increase_10,jppfs_cor:OperatingGrossProfit
2892167,S10081I2,jppfs_cor:IncomeBeforeIncomeTaxes,税引前当期純利益又は税引前当期純損失（△）,increase_10,jppfs_cor:ProfitLoss
2892168,S10081I2,jppfs_cor:Goodwill,のれん,decrease_10,jppfs_cor:IntangibleAssets
2892169,S10081I2,jppfs_cor:SellingGeneralAndAdministrativeExpenses,販売費及び一般管理費,increase_10,jppfs_cor:OperatingIncome
2892170,S10081I2,jppfs_cor:NonOperatingExpenses,営業外費用,increase_10,jppfs_cor:OrdinaryIncome
2892171,S10081I2,jppfs_cor:IncomeTaxesPayable,未払法人税等,decrease_10,jppfs_cor:CurrentLiabilities
2892172,S10081I2,jppfs_cor:DeferredTaxAssetsIOA,繰延税金資産、投資その他の資産,increase_20,jppfs_cor:InvestmentsAndOtherAssets
2892173,S10081I2,jppfs_cor:ExtraordinaryLoss,特別損失,new,jppfs_cor:IncomeBeforeIncomeTaxes
2892174,S10081I2,jppfs_cor:NonOperatingIncome,営業外収益,stable,jppfs_cor:OrdinaryIncome
2892175,S10081I2,jppfs_cor:SubsidyEI,補助金収入、特別利益,new,jppfs_cor:ExtraordinaryIncome
2892176,S10081I2,jppfs_cor:DepreciationSGA,減価償却費、販売費及び一般管理費,stable,jppfs_cor:SellingGeneralAndAdministrativeExpenses
2892177,S10081I2,jppfs_cor:AccountsPayableOther,未払金,increase_20,jppfs_cor:CurrentLiabilities
2892178,S10081I2,jppfs_cor:IncomeTaxes,法人税等,increase_10,jppfs_cor:ProfitLoss
2892179,S10081I2,jppfs_cor:TreasuryStock,自己株式,stable,jppfs_cor:ShareholdersEquity
2892180,S10081I2,jppfs_cor:MiscellaneousExpensesNOE,雑支出、営業外費用,new,jppfs_cor:NonOperatingExpenses
2892181,S10081I2,jppfs_cor:OperatingRevenue1,営業収益,increase_10,jppfs_cor:OperatingGrossProfit
2892182,S10081I2,jppfs_cor:EquityInEarningsOfAffiliatesNOI,持分法による投資利益、営業外収益,decrease_20,jppfs_cor:NonOperatingIncome
2892183,S10081I2,jppfs_cor:ProvisionForDirectorsBonusesSGA,役員賞与引当金繰入額、販売費及び一般管理費,stable,jppfs_cor:SellingGeneralAndAdministrativeExpenses
2892184,S10081I2,jppfs_cor:LossOnValuationOfInvestmentSecuritiesEL,投資有価証券評価損、特別損失,decrease_20,jppfs_cor:ExtraordinaryLoss
2892185,S10081I2,jppfs_cor:PrepaidExpenses,前払費用,stable,jppfs_cor:CurrentAssets
2892186,S10081I2,jppfs_cor:IntangibleAssets,無形固定資産,decrease_10,jppfs_cor:NoncurrentAssets
2892187,S10081I2,jppfs_cor:AccumulatedDepreciationMachineryAndEquipment,減価償却累計額、機械及び装置,stable,jppfs_cor:MachineryAndEquipmentNet
2892188,S10081I2,jppfs_cor:AllowanceForDoubtfulAccountsCA,貸倒引当金、流動資産、一括控除,decrease_20,jppfs_cor:CurrentAssets
2892189,S10081I2,jppfs_cor:ProvisionForDirectorsRetirementBenefitsSGA,役員退職慰労引当金繰入額、販売費及び一般管理費,new,jppfs_cor:SellingGeneralAndAdministrativeExpenses
2892190,S10081I2,jppfs_cor:ConstructionInProgress,建設仮勘定,increase_20,jppfs_cor:PropertyPlantAndEquipment
2892191,S10081I2,jppfs_cor:MiscellaneousIncomeNOI,雑収入、営業外収益,increase_10,jppfs_cor:NonOperatingIncome
2892192,S10081I2,jppfs_cor:OtherCL,その他、流動負債,decrease_10,jppfs_cor:CurrentLiabilities
2892193,S10081I2,jppfs_cor:RetirementBenefitExpensesSGA,退職給付費用、販売費及び一般管理費,stable,jppfs_cor:SellingGeneralAndAdministrativeExpenses
2892194,S10081I2,jppfs_cor:NoncurrentAssets,固定資産,decrease_10,jppfs_cor:Assets
2892195,S10081I2,jppfs_cor:GainOnSalesOfNoncurrentAssetsEI,固定資産売却益、特別利益,increase_20,jppfs_cor:ExtraordinaryIncome
2892196,S10081I2,jppfs_cor:LossOnSalesAndRetirementOfNoncurrentAssetsEL,固定資産除売却損、特別損失,increase_20,jppfs_cor:ExtraordinaryLoss
2892197,S10081I2,jppfs_cor:OtherSGA,その他、販売費及び一般管理費,increase_10,jppfs_cor:SellingGeneralAndAdministrativeExpenses
2892198,S10081I2,jppfs_cor:AccruedExpenses,未払費用,stable,jppfs_cor:CurrentLiabilities
2892199,S10081I2,jppfs_cor:TaxesAndDuesSGA,租税公課、販売費及び一般管理費,increase_20,jppfs_cor:SellingGeneralAndAdministrativeExpenses
2892200,S10081I2,jppfs_cor:AccumulatedDepreciationToolsFurnitureAndFixtures,減価償却累計額、工具、器具及び備品,stable,jppfs_cor:ToolsFurnitureAndFixturesNet
2892201,S10081I2,jppfs_cor:AssetRetirementObligationsNCL,資産除去債務、固定負債,increase_10,jppfs_cor:NoncurrentLiabilities
2892202,S10081I2,jppfs_cor:InvestmentSecurities,投資有価証券,decrease_10,jppfs_cor:InvestmentsAndOtherAssets
2892203,S10081I2,jppfs_cor:NotesAndOperatingAccountsPayableTrade,支払手形及び営業未払金,stable,jppfs_cor:CurrentLiabilities
2892204,S10081I2,jpcrp030000-asr_E04178-000:VehicleNet,車両,increase_20,jppfs_cor:PropertyPlantAndEquipment
2892205,S10081I2,jppfs_cor:CurrentLiabilities,流動負債,decrease_10,jppfs_cor:Liabilities
2892206,S10081I2,jppfs_cor:AccumulatedDepreciationLeaseAssetsPPE,減価償却累計額、リース資産、有形固定資産,stable,jppfs_cor:LeaseAssetsNetPPE
2892207,S10081I2,jpcrp030000-asr_E04178-000:VehiclesPPE,車両,stable,jpcrp030000-asr_E04178-000:VehicleNet
2892208,S10081I2,jppfs_cor:DeferredTaxAssetsCA,繰延税金資産、流動資産,stable,jppfs_cor:CurrentAssets
2892209,S10081I2,jppfs_cor:BondsPayable,社債,stable,jppfs_cor:NoncurrentLiabilities
2892210,S10081I2,jppfs_cor:LeaseAssetsPPE,リース資産、有形固定資産,stable,jppfs_cor:LeaseAssetsNetPPE
2892211,S10081I2,jppfs_cor:ProfitLoss,当期純利益又は当期純損失（△）（平成26年3月28日財規等改正後）,increase_10,top_account
2892212,S10081I2,jpcrp030000-asr_E04178-000:NotesAndAccountsReceivableCA,受取手形及び営業未収金,stable,jppfs_cor:CurrentAssets
2892213,S10081I2,jppfs_cor:OperatingIncome,営業利益又は営業損失（△）,increase_10,jppfs_cor:OrdinaryIncome
2892214,S10081I2,jppfs_cor:LongTermLoansPayable,長期借入金,increase_20,jppfs_cor:NoncurrentLiabilities
2892215,S10081I2,jppfs_cor:OtherIA,その他、無形固定資産,stable,jppfs_cor:IntangibleAssets
2892216,S10081I2,jppfs_cor:IncomeTaxesCurrent,法人税、住民税及び事業税,stable,jppfs_cor:IncomeTaxes
2892217,S10081I2,jppfs_cor:ShortTermInvestmentSecurities,有価証券,increase_10,jppfs_cor:CurrentAssets
2892218,S10081I2,jppfs_cor:AllowanceForDoubtfulAccountsIOAByGroup,貸倒引当金、投資その他の資産、一括控除,decrease_20,jppfs_cor:InvestmentsAndOtherAssets
2892219,S10081I2,jppfs_cor:OrdinaryIncome,経常利益又は経常損失（△）,increase_10,jppfs_cor:IncomeBeforeIncomeTaxes
2892220,S10081I2,jppfs_cor:ValuationAndTranslationAdjustments,評価・換算差額等,decrease_20,jppfs_cor:NetAssets
2892221,S10081I2,jppfs_cor:BuildingsAndStructures,建物及び構築物,stable,jppfs_cor:BuildingsAndStructuresNet
2892222,S10081I2,jppfs_cor:AccumulatedDepreciationBuildingsAndStructures,減価償却累計額、建物及び構築物,stable,jppfs_cor:BuildingsAndStructuresNet
2892223,S10081I2,jppfs_cor:RemeasurementsOfDefinedBenefitPlans,退職給付に係る調整累計額,decrease_20,jppfs_cor:ValuationAndTranslationAdjustments
2892224,S10081I2,jppfs_cor:OperatingGrossProfit,営業総利益又は営業総損失（△）,increase_10,jppfs_cor:OperatingIncome
2892225,S10081I2,jppfs_cor:ExtraordinaryIncome,特別利益,increase_20,jppfs_cor:IncomeBeforeIncomeTaxes
2892226,S10081I2,jppfs_cor:CapitalSurplus,資本剰余金,stable,jppfs_cor:ShareholdersEquity
2892227,S10081I2,jpcrp030000-asr_E04178-000:AccumulatedDepreciationVehicle,減価償却累計額,stable,jpcrp030000-asr_E04178-000:VehicleNet
2892228,S10081I2,jppfs_cor:Liabilities,負債,decrease_10,jppfs_cor:LiabilitiesAndNetAssets
2892229,S10081I2,jppfs_cor:CapitalStock,資本金,stable,jppfs_cor:ShareholdersEquity
2892230,S10081I2,jppfs_cor:OtherNCL,その他、固定負債,increase_10,jppfs_cor:NoncurrentLiabilities
2892231,S10081I2,jppfs_cor:ProvisionForBonuses,賞与引当金,stable,jppfs_cor:CurrentLiabilities
2892232,S10081I2,jppfs_cor:SalariesAndAllowancesSGA,給料及び手当、販売費及び一般管理費,increase_10,jppfs_cor:SellingGeneralAndAdministrativeExpenses
2892233,S10081I2,jppfs_cor:Land,土地,stable,jppfs_cor:PropertyPlantAndEquipment
2892234,S10081I2,jppfs_cor:CurrentAssets,流動資産,increase_10,jppfs_cor:Assets
2892235,S10081I2,jppfs_cor:ProfitLossAttributableToOwnersOfParent,親会社株主に帰属する当期純利益又は親会社株主に帰属する当期純損失（△）,increase_10,not_common_account
2892236,S10081I2,jppfs_cor:DirectorsCompensationsSGA,役員報酬、販売費及び一般管理費,stable,jppfs_cor:SellingGeneralAndAdministrativeExpenses
2892237,S10081I2,jppfs_cor:DeferredTaxLiabilitiesNCL,繰延税金負債、固定負債,decrease_20,jppfs_cor:NoncurrentLiabilities
2892238,S10081I2,jppfs_cor:ShareholdersEquity,株主資本,increase_10,jppfs_cor:NetAssets
2892239,S10081I2,jppfs_cor:ValuationDifferenceOnAvailableForSaleSecurities,その他有価証券評価差額金,decrease_20,jppfs_cor:ValuationAndTranslationAdjustments
2892240,S10081I2,jppfs_cor:PropertyPlantAndEquipment,有形固定資産,stable,jppfs_cor:NoncurrentAssets
2892241,S10081I2,jppfs_cor:RetainedEarnings,利益剰余金,increase_10,jppfs_cor:ShareholdersEquity
2892242,S10081I2,jppfs_cor:ProfitLossAttributableToNonControllingInterests,非支配株主に帰属する当期純利益又は非支配株主に帰属する当期純損失（△）,decrease_20,not_common_account
2892243,S10081I2,jppfs_cor:MachineryAndEquipment,機械及び装置,stable,jppfs_cor:MachineryAndEquipmentNet
2892244,S10081I2,jppfs_cor:AccruedConsumptionTaxes,未払消費税等,decrease_20,jppfs_cor:CurrentLiabilities
2892245,S10081I2,jppfs_cor:CashAndDeposits,現金及び預金,increase_10,jppfs_cor:CurrentAssets
2892246,S10081I2,jppfs_cor:BonusesSGA,賞与、販売費及び一般管理費,decrease_10,jppfs_cor:SellingGeneralAndAdministrativeExpenses
2892247,S10081I2,jppfs_cor:OtherIOA,その他、投資その他の資産,stable,jppfs_cor:InvestmentsAndOtherAssets
2905082,S10080RU,jppfs_cor:ProvisionForBonusesSGA,賞与引当金繰入額、販売費及び一般管理費,increase_10,jppfs_cor:SellingGeneralAndAdministrativeExpenses
2905083,S10080RU,jppfs_cor:CurrentPortionOfLongTermLoansPayable,1年内返済予定の長期借入金,decrease_20,jppfs_cor:CurrentLiabilities
2905084,S10080RU,jppfs_cor:ValuationDifferenceOnAvailableForSaleSecurities,その他有価証券評価差額金,decrease_20,jppfs_cor:ValuationAndTranslationAdjustments
2905085,S10080RU,jppfs_cor:OtherSGA,その他、販売費及び一般管理費,stable,jppfs_cor:SellingGeneralAndAdministrativeExpenses
2905086,S10080RU,jppfs_cor:HaulageExpensesSGA,運搬費、販売費及び一般管理費,stable,jppfs_cor:SellingGeneralAndAdministrativeExpenses
2905087,S10080RU,jppfs_cor:IncomeTaxesCurrent,法人税、住民税及び事業税,increase_20,jppfs_cor:IncomeTaxes
2905088,S10080RU,jppfs_cor:AllowanceForDoubtfulAccountsIOAByGroup,貸倒引当金、投資その他の資産、一括控除,decrease_20,jppfs_cor:InvestmentsAndOtherAssets
2905089,S10080RU,jppfs_cor:OtherIOA,その他、投資その他の資産,decrease_10,jppfs_cor:InvestmentsAndOtherAssets
2905090,S10080RU,jppfs_cor:OtherNCL,その他、固定負債,decrease_10,jppfs_cor:NoncurrentLiabilities
2905091,S10080RU,jppfs_cor:LeaseAssetsPPE,リース資産、有形固定資産,decrease_20,jppfs_cor:LeaseAssetsNetPPE
2905092,S10080RU,jppfs_cor:RetainedEarnings,利益剰余金,stable,jppfs_cor:ShareholdersEquity
2905093,S10080RU,jppfs_cor:CapitalStock,資本金,stable,jppfs_cor:ShareholdersEquity
2905094,S10080RU,jppfs_cor:IncomeTaxesDeferred,法人税等調整額,decrease_20,jppfs_cor:IncomeTaxes
2905095,S10080RU,jppfs_cor:LossOnValuationOfInvestmentSecuritiesNOE,投資有価証券評価損、営業外費用,new,jppfs_cor:NonOperatingExpenses
2905096,S10080RU,jppfs_cor:GrossProfit,売上総利益又は売上総損失（△）,stable,jppfs_cor:OperatingIncome
2905097,S10080RU,jppfs_cor:RevaluationReserveForLand,土地再評価差額金,stable,jppfs_cor:ValuationAndTranslationAdjustments
2905098,S10080RU,jppfs_cor:LossOnRetirementOfNoncurrentAssetsEL,固定資産除却損、特別損失,increase_20,jppfs_cor:ExtraordinaryLoss
2905099,S10080RU,jppfs_cor:InvestmentsAndOtherAssets,投資その他の資産,decrease_20,jppfs_cor:NoncurrentAssets
2905100,S10080RU,jppfs_cor:OtherCA,その他、流動資産,decrease_20,jppfs_cor:CurrentAssets
2905101,S10080RU,jppfs_cor:OtherCL,その他、流動負債,decrease_20,jppfs_cor:CurrentLiabilities
2905102,S10080RU,jppfs_cor:ExtraordinaryLoss,特別損失,increase_20,jppfs_cor:IncomeBeforeIncomeTaxes
2905103,S10080RU,jppfs_cor:ProvisionOfAllowanceForDoubtfulAccountsSGA,貸倒引当金繰入額、販売費及び一般管理費,decrease_20,jppfs_cor:SellingGeneralAndAdministrativeExpenses
2905104,S10080RU,jppfs_cor:IncomeBeforeIncomeTaxes,税引前当期純利益又は税引前当期純損失（△）,stable,jppfs_cor:ProfitLoss
2905105,S10080RU,jpcrp030000-asr_E03251-000:AccumulatedDepreciationAndImpairmentLossRental,減価償却累計額及び減損損失累計額,decrease_20,jpcrp030000-asr_E03251-000:RentalNet
2905106,S10080RU,jppfs_cor:LeaseObligationsNCL,リース債務、固定負債,increase_20,jppfs_cor:NoncurrentLiabilities
2905107,S10080RU,jppfs_cor:ValuationAndTranslationAdjustments,評価・換算差額等,stable,jppfs_cor:NetAssets
2905108,S10080RU,jppfs_cor:LeaseObligationsCL,リース債務、流動負債,decrease_10,jppfs_cor:CurrentLiabilities
2905109,S10080RU,jppfs_cor:ProfitLossAttributableToOwnersOfParent,親会社株主に帰属する当期純利益又は親会社株主に帰属する当期純損失（△）,decrease_10,not_common_account
2905110,S10080RU,jppfs_cor:CostOfSales,売上原価,stable,jppfs_cor:GrossProfit
2905111,S10080RU,jppfs_cor:WelfareExpensesSGA,福利厚生費、販売費及び一般管理費,increase_10,jppfs_cor:SellingGeneralAndAdministrativeExpenses
2905112,S10080RU,jppfs_cor:OperatingIncome,営業利益又は営業損失（△）,increase_20,jppfs_cor:OrdinaryIncome
2905113,S10080RU,jppfs_cor:DepreciationSGA,減価償却費、販売費及び一般管理費,increase_10,jppfs_cor:SellingGeneralAndAdministrativeExpenses
2905114,S10080RU,jppfs_cor:DeferredTaxLiabilitiesForLandRevaluation,再評価に係る繰延税金負債,decrease_10,jppfs_cor:NoncurrentLiabilities
2905115,S10080RU,jppfs_cor:RetirementBenefitExpensesSGA,退職給付費用、販売費及び一般管理費,stable,jppfs_cor:SellingGeneralAndAdministrativeExpenses
2905116,S10080RU,jppfs_cor:RentExpensesSGA,賃借料、販売費及び一般管理費,stable,jppfs_cor:SellingGeneralAndAdministrativeExpenses
2905117,S10080RU,jppfs_cor:NetSales,売上高,stable,jppfs_cor:GrossProfit
2905118,S10080RU,jppfs_cor:RawMaterials,原材料,stable,jppfs_cor:CurrentAssets
2905119,S10080RU,jppfs_cor:AccumulatedDepreciationAndImpairmentLossBuildingsAndStructures,減価償却累計額及び減損損失累計額、建物及び構築物,stable,jppfs_cor:BuildingsAndStructuresNet
2905120,S10080RU,jppfs_cor:OrdinaryIncome,経常利益又は経常損失（△）,stable,jppfs_cor:IncomeBeforeIncomeTaxes
2905121,S10080RU,jppfs_cor:DeferredTaxAssetsCA,繰延税金資産、流動資産,increase_10,jppfs_cor:CurrentAssets
2905122,S10080RU,jppfs_cor:BuildingsAndStructures,建物及び構築物,increase_10,jppfs_cor:BuildingsAndStructuresNet
2905123,S10080RU,jppfs_cor:Liabilities,負債,stable,jppfs_cor:LiabilitiesAndNetAssets
2905124,S10080RU,jppfs_cor:CashAndDeposits,現金及び預金,stable,jppfs_cor:CurrentAssets
2905125,S10080RU,jppfs_cor:ProvisionForBonuses,賞与引当金,increase_10,jppfs_cor:CurrentLiabilities
2905126,S10080RU,jppfs_cor:NonOperatingIncome,営業外収益,decrease_20,jppfs_cor:OrdinaryIncome
2905127,S10080RU,jppfs_cor:NonOperatingExpenses,営業外費用,decrease_10,jppfs_cor:OrdinaryIncome
2905128,S10080RU,jppfs_cor:InterestExpensesNOE,支払利息、営業外費用,decrease_10,jppfs_cor:NonOperatingExpenses
2905129,S10080RU,jppfs_cor:LongTermAccountsPayableOther,長期未払金,stable,jppfs_cor:NoncurrentLiabilities
2905130,S10080RU,jppfs_cor:NetDefinedBenefitLiability,退職給付に係る負債,increase_10,jppfs_cor:NoncurrentLiabilities
2905131,S10080RU,jppfs_cor:NotesAndAccountsPayableTrade,支払手形及び買掛金,stable,jppfs_cor:CurrentLiabilities
2905132,S10080RU,jppfs_cor:NotesAndAccountsReceivableTrade,受取手形及び売掛金,stable,jppfs_cor:CurrentAssets
2905133,S10080RU,jppfs_cor:InterestIncomeNOI,受取利息、営業外収益,decrease_10,jppfs_cor:NonOperatingIncome
2905134,S10080RU,jppfs_cor:AccumulatedDepreciationAndImpairmentLossOtherPPE,減価償却累計額及び減損損失累計額、その他、有形固定資産,stable,jppfs_cor:OtherNetPPE
2905135,S10080RU,jppfs_cor:NoncurrentLiabilities,固定負債,increase_20,jppfs_cor:Liabilities
2905136,S10080RU,jppfs_cor:AllowanceForDoubtfulAccountsCA,貸倒引当金、流動資産、一括控除,decrease_20,jppfs_cor:CurrentAssets
2905137,S10080RU,jppfs_cor:NoncurrentAssets,固定資産,stable,jppfs_cor:Assets
2905138,S10080RU,jppfs_cor:ShareholdersEquity,株主資本,stable,jppfs_cor:NetAssets
2905139,S10080RU,jpcrp030000-asr_E03251-000:RentalAssetsPPE,レンタル資産,decrease_10,jpcrp030000-asr_E03251-000:RentalNet
2905140,S10080RU,jppfs_cor:CurrentLiabilities,流動負債,decrease_10,jppfs_cor:Liabilities
2905141,S10080RU,jppfs_cor:CapitalSurplus,資本剰余金,stable,jppfs_cor:ShareholdersEquity
2905142,S10080RU,jppfs_cor:CurrentAssets,流動資産,stable,jppfs_cor:Assets
2905143,S10080RU,jpcrp030000-asr_E03251-000:RentalNet,レンタル資産,increase_10,jppfs_cor:PropertyPlantAndEquipment
2905144,S10080RU,jppfs_cor:TreasuryStock,自己株式,increase_20,jppfs_cor:ShareholdersEquity
2905145,S10080RU,jppfs_cor:AccumulatedDepreciationAndImpairmentLossLeaseAssetsPPE,減価償却累計額及び減損損失累計額、リース資産、有形固定資産,decrease_20,jppfs_cor:LeaseAssetsNetPPE
2905146,S10080RU,jppfs_cor:Land,土地,stable,jppfs_cor:PropertyPlantAndEquipment
2905147,S10080RU,jppfs_cor:EmployeesSalariesAndBonusesSGA,従業員給料及び賞与、販売費及び一般管理費,stable,jppfs_cor:SellingGeneralAndAdministrativeExpenses
2905148,S10080RU,jppfs_cor:ShortTermLoansPayable,短期借入金,stable,jppfs_cor:CurrentLiabilities
2905149,S10080RU,jppfs_cor:DeferredTaxAssetsIOA,繰延税金資産、投資その他の資産,increase_10,jppfs_cor:InvestmentsAndOtherAssets
2905150,S10080RU,jppfs_cor:RentIncomeNOI,受取賃貸料、営業外収益,decrease_20,jppfs_cor:NonOperatingIncome
2905151,S10080RU,jppfs_cor:IntangibleAssets,無形固定資産,increase_20,jppfs_cor:NoncurrentAssets
2905152,S10080RU,jppfs_cor:IncomeTaxesPayable,未払法人税等,new,jppfs_cor:CurrentLiabilities
2905153,S10080RU,jppfs_cor:MerchandiseAndFinishedGoods,商品及び製品,stable,jppfs_cor:CurrentAssets
2905154,S10080RU,jppfs_cor:PropertyPlantAndEquipment,有形固定資産,increase_10,jppfs_cor:NoncurrentAssets
2905155,S10080RU,jppfs_cor:SellingGeneralAndAdministrativeExpenses,販売費及び一般管理費,stable,jppfs_cor:OperatingIncome
2905156,S10080RU,jppfs_cor:InvestmentSecurities,投資有価証券,decrease_20,jppfs_cor:InvestmentsAndOtherAssets
2905157,S10080RU,jppfs_cor:ProfitLoss,当期純利益又は当期純損失（△）（平成26年3月28日財規等改正後）,decrease_10,top_account
2905158,S10080RU,jppfs_cor:OtherNOI,その他、営業外収益,increase_20,jppfs_cor:NonOperatingIncome
2905159,S10080RU,jppfs_cor:LossOnValuationOfMembershipEL,会員権評価損、特別損失,new,jppfs_cor:ExtraordinaryLoss
2905160,S10080RU,jppfs_cor:OtherNOE,その他、営業外費用,increase_20,jppfs_cor:NonOperatingExpenses
2905161,S10080RU,jppfs_cor:OtherPPE,その他、有形固定資産,stable,jppfs_cor:OtherNetPPE
2905162,S10080RU,jppfs_cor:InterestOnSecuritiesNOI,有価証券利息、営業外収益,decrease_20,jppfs_cor:NonOperatingIncome
2905163,S10080RU,jppfs_cor:IncomeTaxes,法人税等,stable,jppfs_cor:ProfitLoss
2905164,S10080RU,jppfs_cor:CommissionFeeNOI,受取手数料、営業外収益,stable,jppfs_cor:NonOperatingIncome
2905165,S10080RU,jppfs_cor:LongTermLoansPayable,長期借入金,increase_20,jppfs_cor:NoncurrentLiabilities
2905166,S10080RU,jppfs_cor:DividendsIncomeNOI,受取配当金、営業外収益,stable,jppfs_cor:NonOperatingIncome
2941026,S1007YWT,jppfs_cor:OtherIOA,その他、投資その他の資産,decrease_10,jppfs_cor:InvestmentsAndOtherAssets
2941027,S1007YWT,jppfs_cor:ExtraordinaryLoss,特別損失,decrease_20,jppfs_cor:IncomeBeforeIncomeTaxes
2941028,S1007YWT,jppfs_cor:MerchandiseAndFinishedGoods,商品及び製品,increase_20,jppfs_cor:CurrentAssets
2941029,S1007YWT,jppfs_cor:IncomeTaxes,法人税等,stable,jppfs_cor:ProfitLoss
2941030,S1007YWT,jppfs_cor:LeaseInvestmentAssetsCA,リース投資資産、流動資産,stable,jppfs_cor:CurrentAssets
2941031,S1007YWT,jpcrp030000-asr_E04098-000:GainOnSalesOfVehiclesNOI,車両売却益,increase_20,jppfs_cor:NonOperatingIncome
2941032,S1007YWT,jppfs_cor:AdvancesReceived,前受金,increase_20,jppfs_cor:CurrentLiabilities
2941033,S1007YWT,jppfs_cor:ValuationDifferenceOnAvailableForSaleSecurities,その他有価証券評価差額金,increase_10,jppfs_cor:ValuationAndTranslationAdjustments
2941034,S1007YWT,jppfs_cor:NetDefinedBenefitLiability,退職給付に係る負債,increase_10,jppfs_cor:NoncurrentLiabilities
2941035,S1007YWT,jppfs_cor:NoncurrentAssets,固定資産,increase_10,jppfs_cor:Assets
2941036,S1007YWT,jppfs_cor:RemeasurementsOfDefinedBenefitPlans,退職給付に係る調整累計額,decrease_20,jppfs_cor:ValuationAndTranslationAdjustments
2941037,S1007YWT,jppfs_cor:DeferredTaxAssetsCA,繰延税金資産、流動資産,increase_10,jppfs_cor:CurrentAssets
2941038,S1007YWT,jppfs_cor:DeferredTaxLiabilitiesNCL,繰延税金負債、固定負債,decrease_10,jppfs_cor:NoncurrentLiabilities
2941039,S1007YWT,jppfs_cor:ExtraordinaryIncome,特別利益,decrease_20,jppfs_cor:IncomeBeforeIncomeTaxes
2941040,S1007YWT,jppfs_cor:NetDefinedBenefitAsset,退職給付に係る資産,decrease_10,jppfs_cor:InvestmentsAndOtherAssets
2941041,S1007YWT,jppfs_cor:DividendsIncomeNOI,受取配当金、営業外収益,decrease_10,jppfs_cor:NonOperatingIncome
2941042,S1007YWT,jppfs_cor:LossOnReductionOfNoncurrentAssetsEL,固定資産圧縮損、特別損失,decrease_20,jppfs_cor:ExtraordinaryLoss
2941043,S1007YWT,jppfs_cor:IncomeTaxesPayable,未払法人税等,increase_20,jppfs_cor:CurrentLiabilities
2941044,S1007YWT,jppfs_cor:CashAndDeposits,現金及び預金,increase_10,jppfs_cor:CurrentAssets
2941045,S1007YWT,jppfs_cor:OperatingRevenueRWY,営業収益、鉄道事業,stable,jppfs_cor:OperatingIncome
2941046,S1007YWT,jppfs_cor:ValuationAndTranslationAdjustments,評価・換算差額等,stable,jppfs_cor:NetAssets
2941047,S1007YWT,jppfs_cor:ShareholdersEquity,株主資本,increase_10,jppfs_cor:NetAssets
2941048,S1007YWT,jppfs_cor:SellingGeneralAndAdministrativeExpenses,販売費及び一般管理費,decrease_10,jppfs_cor:OperatingExpensesRWY
2941049,S1007YWT,jppfs_cor:OperatingIncome,営業利益又は営業損失（△）,stable,jppfs_cor:OrdinaryIncome
2941050,S1007YWT,jppfs_cor:ImpairmentLossEL,減損損失、特別損失,decrease_20,jppfs_cor:ExtraordinaryLoss
2941051,S1007YWT,jppfs_cor:InterestIncomeNOI,受取利息、営業外収益,increase_10,jppfs_cor:NonOperatingIncome
2941052,S1007YWT,jppfs_cor:OrdinaryIncome,経常利益又は経常損失（△）,stable,jppfs_cor:IncomeBeforeIncomeTaxes
2941053,S1007YWT,jppfs_cor:IncomeTaxesDeferred,法人税等調整額,decrease_20,jppfs_cor:IncomeTaxes
2941054,S1007YWT,jppfs_cor:Liabilities,負債,increase_10,jppfs_cor:LiabilitiesAndNetAssets
2941055,S1007YWT,jppfs_cor:OperatingExpensesRWY,営業費、鉄道事業,stable,jppfs_cor:OperatingIncome
2941056,S1007YWT,jppfs_cor:InterestExpensesNOE,支払利息、営業外費用,decrease_10,jppfs_cor:NonOperatingExpenses
2941057,S1007YWT,jppfs_cor:CapitalStock,資本金,stable,jppfs_cor:ShareholdersEquity
2941058,S1007YWT,jppfs_cor:AccountsPayableOther,未払金,decrease_20,jppfs_cor:CurrentLiabilities
2941059,S1007YWT,jppfs_cor:RawMaterialsAndSupplies,原材料及び貯蔵品,increase_10,jppfs_cor:CurrentAssets
2941060,S1007YWT,jppfs_cor:MiscellaneousExpensesNOERWY,雑支出、営業外費用、鉄道事業,decrease_10,jppfs_cor:NonOperatingExpenses
2941061,S1007YWT,jppfs_cor:TreasuryStock,自己株式,stable,jppfs_cor:ShareholdersEquity
2941062,S1007YWT,jppfs_cor:NonOperatingExpenses,営業外費用,decrease_10,jppfs_cor:OrdinaryIncome
2941063,S1007YWT,jppfs_cor:DeferredTaxAssetsIOA,繰延税金資産、投資その他の資産,increase_10,jppfs_cor:InvestmentsAndOtherAssets
2941064,S1007YWT,jppfs_cor:InvestmentsAndOtherAssets,投資その他の資産,stable,jppfs_cor:NoncurrentAssets
2941065,S1007YWT,jppfs_cor:OtherCA,その他、流動資産,increase_20,jppfs_cor:CurrentAssets
2941066,S1007YWT,jppfs_cor:ProfitLoss,当期純利益又は当期純損失（△）（平成26年3月28日財規等改正後）,increase_10,top_account
2941067,S1007YWT,jppfs_cor:IncomeBeforeIncomeTaxes,税引前当期純利益又は税引前当期純損失（△）,increase_10,jppfs_cor:ProfitLoss
2941068,S1007YWT,jppfs_cor:ShortTermLoansPayable,短期借入金,decrease_10,jppfs_cor:CurrentLiabilities
2941069,S1007YWT,jppfs_cor:CurrentLiabilities,流動負債,increase_10,jppfs_cor:Liabilities
2941070,S1007YWT,jppfs_cor:CurrentAssets,流動資産,increase_10,jppfs_cor:Assets
2941071,S1007YWT,jppfs_cor:OperatingExpensesAndCostOfSalesOfTransportationRWY,運輸業等営業費及び売上原価、鉄道事業,increase_10,jppfs_cor:OperatingExpensesRWY
2941072,S1007YWT,jppfs_cor:LandAndBuildingsForSaleInLots,分譲土地建物,stable,jppfs_cor:CurrentAssets
2941073,S1007YWT,jppfs_cor:CapitalSurplus,資本剰余金,stable,jppfs_cor:ShareholdersEquity
2941074,S1007YWT,jppfs_cor:InvestmentSecurities,投資有価証券,stable,jppfs_cor:InvestmentsAndOtherAssets
2941075,S1007YWT,jppfs_cor:ProfitLossAttributableToOwnersOfParent,親会社株主に帰属する当期純利益又は親会社株主に帰属する当期純損失（△）,increase_10,not_common_account
2941076,S1007YWT,jppfs_cor:NonOperatingIncome,営業外収益,increase_20,jppfs_cor:OrdinaryIncome
2941077,S1007YWT,jppfs_cor:EquityInEarningsOfAffiliatesNOI,持分法による投資利益、営業外収益,increase_20,jppfs_cor:NonOperatingIncome
2941078,S1007YWT,jppfs_cor:IntangibleAssets,無形固定資産,stable,jppfs_cor:NoncurrentAssets
2941079,S1007YWT,jppfs_cor:ConstructionInProgress,建設仮勘定,increase_10,jppfs_cor:PropertyPlantAndEquipment
2941080,S1007YWT,jppfs_cor:OtherNCL,その他、固定負債,stable,jppfs_cor:NoncurrentLiabilities
2941081,S1007YWT,jppfs_cor:OtherCL,その他、流動負債,stable,jppfs_cor:CurrentLiabilities
2941082,S1007YWT,jppfs_cor:MiscellaneousIncomeNOIRWY,雑収入、営業外収益、鉄道事業,increase_10,jppfs_cor:NonOperatingIncome
2941083,S1007YWT,jppfs_cor:Land,土地,stable,jppfs_cor:PropertyPlantAndEquipment
2941084,S1007YWT,jppfs_cor:PropertyPlantAndEquipment,有形固定資産,increase_10,jppfs_cor:NoncurrentAssets
2941085,S1007YWT,jppfs_cor:GainOnSalesOfInvestmentSecuritiesEI,投資有価証券売却益、特別利益,new,jppfs_cor:ExtraordinaryIncome
2941086,S1007YWT,jppfs_cor:IncomeTaxesCurrent,法人税、住民税及び事業税,increase_10,jppfs_cor:IncomeTaxes
2941087,S1007YWT,jppfs_cor:AccountsPayableTrade,買掛金,increase_20,jppfs_cor:CurrentLiabilities
2941088,S1007YWT,jppfs_cor:LongTermLoansPayable,長期借入金,decrease_10,jppfs_cor:NoncurrentLiabilities
2941089,S1007YWT,jppfs_cor:AccountsReceivableTrade,売掛金,stable,jppfs_cor:CurrentAssets
2941090,S1007YWT,jppfs_cor:ProvisionForBonuses,賞与引当金,increase_10,jppfs_cor:CurrentLiabilities
2941091,S1007YWT,jppfs_cor:ContributionForConstructionEI,工事負担金等受入額、特別利益,decrease_20,jppfs_cor:ExtraordinaryIncome
2941092,S1007YWT,jppfs_cor:RetainedEarnings,利益剰余金,increase_10,jppfs_cor:ShareholdersEquity
2941093,S1007YWT,jppfs_cor:NoncurrentLiabilities,固定負債,stable,jppfs_cor:Liabilities
2999516,S1007VKT,jppfs_cor:InterestExpensesNOE,支払利息、営業外費用,increase_20,jppfs_cor:NonOperatingExpenses
2999517,S1007VKT,jppfs_cor:OtherCA,その他、流動資産,increase_20,jppfs_cor:CurrentAssets
2999518,S1007VKT,jppfs_cor:OtherCL,その他、流動負債,new,jppfs_cor:CurrentLiabilities
2999519,S1007VKT,jppfs_cor:LongTermLoansPayable,長期借入金,stable,jppfs_cor:NoncurrentLiabilities
2999520,S1007VKT,jppfs_cor:ForeignExchangeGainsNOI,為替差益、営業外収益,decrease_20,jppfs_cor:NonOperatingIncome
2999521,S1007VKT,jppfs_cor:ProfitLoss,当期純利益又は当期純損失（△）（平成26年3月28日財規等改正後）,increase_10,top_account
2999522,S1007VKT,jppfs_cor:ShortTermLoansPayable,短期借入金,increase_20,jppfs_cor:CurrentLiabilities
2999523,S1007VKT,jppfs_cor:AllowanceForDoubtfulAccountsCA,貸倒引当金、流動資産、一括控除,stable,jppfs_cor:CurrentAssets
2999524,S1007VKT,jppfs_cor:InterestIncomeNOI,受取利息、営業外収益,decrease_10,jppfs_cor:NonOperatingIncome
2999525,S1007VKT,jppfs_cor:ValuationDifferenceOnAvailableForSaleSecurities,その他有価証券評価差額金,decrease_10,jppfs_cor:ValuationAndTranslationAdjustments
2999526,S1007VKT,jppfs_cor:CapitalSurplus,資本剰余金,stable,jppfs_cor:ShareholdersEquity
2999527,S1007VKT,jppfs_cor:Liabilities,負債,stable,jppfs_cor:LiabilitiesAndNetAssets
2999528,S1007VKT,jppfs_cor:ConstructionInProgress,建設仮勘定,decrease_20,jppfs_cor:PropertyPlantAndEquipment
2999529,S1007VKT,jppfs_cor:LeaseholdRight,借地権,decrease_10,jppfs_cor:IntangibleAssets
2999530,S1007VKT,jppfs_cor:GainOnSalesOfNoncurrentAssetsEI,固定資産売却益、特別利益,decrease_20,jppfs_cor:ExtraordinaryIncome
2999531,S1007VKT,jppfs_cor:DeferredTaxAssetsIOA,繰延税金資産、投資その他の資産,increase_20,jppfs_cor:InvestmentsAndOtherAssets
2999532,S1007VKT,jppfs_cor:IncomeTaxesCurrent,法人税、住民税及び事業税,increase_10,jppfs_cor:IncomeTaxes
2999533,S1007VKT,jppfs_cor:Goodwill,のれん,decrease_10,jppfs_cor:IntangibleAssets
2999534,S1007VKT,jppfs_cor:RemeasurementsOfDefinedBenefitPlans,退職給付に係る調整累計額,decrease_20,jppfs_cor:ValuationAndTranslationAdjustments
2999535,S1007VKT,jppfs_cor:NetSales,売上高,stable,jppfs_cor:GrossProfit
2999536,S1007VKT,jppfs_cor:AccountsPayableOther,未払金,decrease_10,jppfs_cor:CurrentLiabilities
2999537,S1007VKT,jppfs_cor:AssetRetirementObligationsNCL,資産除去債務、固定負債,new,jppfs_cor:NoncurrentLiabilities
2999538,S1007VKT,jppfs_cor:ProvisionForBonuses,賞与引当金,stable,jppfs_cor:CurrentLiabilities
2999539,S1007VKT,jppfs_cor:Software,ソフトウエア,increase_10,jppfs_cor:IntangibleAssets
2999540,S1007VKT,jppfs_cor:StocksOfSubsidiariesAndAffiliates,関係会社株式,stable,jppfs_cor:InvestmentsAndOtherAssets
2999541,S1007VKT,jppfs_cor:PropertyPlantAndEquipment,有形固定資産,increase_10,jppfs_cor:NoncurrentAssets
2999542,S1007VKT,jppfs_cor:MerchandiseAndFinishedGoods,商品及び製品,decrease_10,jppfs_cor:CurrentAssets
2999543,S1007VKT,jppfs_cor:RawMaterialsAndSupplies,原材料及び貯蔵品,decrease_10,jppfs_cor:CurrentAssets
2999544,S1007VKT,jppfs_cor:ValuationAndTranslationAdjustments,評価・換算差額等,decrease_20,jppfs_cor:NetAssets
2999545,S1007VKT,jppfs_cor:OtherNCL,その他、固定負債,increase_20,jppfs_cor:NoncurrentLiabilities
2999546,S1007VKT,jppfs_cor:Land,土地,increase_10,jppfs_cor:PropertyPlantAndEquipment
2999547,S1007VKT,jppfs_cor:ProfitLossAttributableToOwnersOfParent,親会社株主に帰属する当期純利益又は親会社株主に帰属する当期純損失（△）,increase_10,not_common_account
2999548,S1007VKT,jppfs_cor:InvestmentSecurities,投資有価証券,increase_20,jppfs_cor:InvestmentsAndOtherAssets
2999549,S1007VKT,jppfs_cor:CashAndDeposits,現金及び預金,increase_10,jppfs_cor:CurrentAssets
2999550,S1007VKT,jppfs_cor:ConsumptionTaxesReceivable,未収消費税等,increase_20,jppfs_cor:CurrentAssets
2999551,S1007VKT,jppfs_cor:DeferredTaxLiabilitiesNCL,繰延税金負債、固定負債,increase_10,jppfs_cor:NoncurrentLiabilities
2999552,S1007VKT,jppfs_cor:CapitalStock,資本金,stable,jppfs_cor:ShareholdersEquity
2999553,S1007VKT,jppfs_cor:IncomeTaxesPayable,未払法人税等,decrease_20,jppfs_cor:CurrentLiabilities
2999554,S1007VKT,jppfs_cor:GainOnTransferOfBenefitObligationRelatingToEmployeesPensionFundEI,厚生年金基金代行返上益、特別利益,new,jppfs_cor:ExtraordinaryIncome
2999555,S1007VKT,jppfs_cor:NonOperatingIncome,営業外収益,decrease_20,jppfs_cor:OrdinaryIncome
2999556,S1007VKT,jppfs_cor:NonOperatingExpenses,営業外費用,stable,jppfs_cor:OrdinaryIncome
2999557,S1007VKT,jppfs_cor:DeferredTaxLiabilitiesCL,繰延税金負債、流動負債,stable,jppfs_cor:CurrentLiabilities
2999558,S1007VKT,jppfs_cor:DeferredTaxAssetsCA,繰延税金資産、流動資産,decrease_20,jppfs_cor:CurrentAssets
2999559,S1007VKT,jppfs_cor:InvestmentsAndOtherAssets,投資その他の資産,increase_20,jppfs_cor:NoncurrentAssets
2999560,S1007VKT,jppfs_cor:SellingGeneralAndAdministrativeExpenses,販売費及び一般管理費,increase_10,jppfs_cor:OperatingIncome
2999561,S1007VKT,jppfs_cor:OtherIOA,その他、投資その他の資産,increase_20,jppfs_cor:InvestmentsAndOtherAssets
2999562,S1007VKT,jppfs_cor:OperatingIncome,営業利益又は営業損失（△）,increase_10,jppfs_cor:OrdinaryIncome
2999563,S1007VKT,jppfs_cor:IntangibleAssets,無形固定資産,decrease_10,jppfs_cor:NoncurrentAssets
2999564,S1007VKT,jppfs_cor:ForeignCurrencyTranslationAdjustment,為替換算調整勘定,decrease_20,jppfs_cor:ValuationAndTranslationAdjustments
2999565,S1007VKT,jppfs_cor:OrdinaryIncome,経常利益又は経常損失（△）,increase_10,jppfs_cor:IncomeBeforeIncomeTaxes
2999566,S1007VKT,jppfs_cor:RetainedEarnings,利益剰余金,increase_10,jppfs_cor:ShareholdersEquity
2999567,S1007VKT,jppfs_cor:LossOnInvestmentsInPartnershipNOE,投資事業組合運用損、営業外費用,new,jppfs_cor:NonOperatingExpenses
2999568,S1007VKT,jppfs_cor:AllowanceForDoubtfulAccountsIOAByGroup,貸倒引当金、投資その他の資産、一括控除,stable,jppfs_cor:InvestmentsAndOtherAssets
2999569,S1007VKT,jppfs_cor:TreasuryStock,自己株式,stable,jppfs_cor:ShareholdersEquity
2999570,S1007VKT,jppfs_cor:DividendsIncomeNOI,受取配当金、営業外収益,decrease_20,jppfs_cor:NonOperatingIncome
2999571,S1007VKT,jppfs_cor:ImpairmentLossEL,減損損失、特別損失,new,jppfs_cor:ExtraordinaryLoss
2999572,S1007VKT,jppfs_cor:NoncurrentAssets,固定資産,increase_10,jppfs_cor:Assets
2999573,S1007VKT,jppfs_cor:IncomeTaxesDeferred,法人税等調整額,decrease_20,jppfs_cor:IncomeTaxes
2999574,S1007VKT,jppfs_cor:CurrentLiabilities,流動負債,stable,jppfs_cor:Liabilities
2999575,S1007VKT,jppfs_cor:IncomeBeforeIncomeTaxes,税引前当期純利益又は税引前当期純損失（△）,increase_10,jppfs_cor:ProfitLoss
2999576,S1007VKT,jppfs_cor:GrossProfit,売上総利益又は売上総損失（△）,increase_10,jppfs_cor:OperatingIncome
2999577,S1007VKT,jppfs_cor:AccruedExpenses,未払費用,stable,jppfs_cor:CurrentLiabilities
2999578,S1007VKT,jppfs_cor:CurrentAssets,流動資産,stable,jppfs_cor:Assets
2999579,S1007VKT,jppfs_cor:ProvisionForDirectorsRetirementBenefits,役員退職慰労引当金,new,jppfs_cor:NoncurrentLiabilities
2999580,S1007VKT,jppfs_cor:OtherNOE,その他、営業外費用,decrease_10,jppfs_cor:NonOperatingExpenses
2999581,S1007VKT,jppfs_cor:ExtraordinaryIncome,特別利益,decrease_20,jppfs_cor:IncomeBeforeIncomeTaxes
2999582,S1007VKT,jppfs_cor:NotesAndAccountsPayableTrade,支払手形及び買掛金,stable,jppfs_cor:CurrentLiabilities
2999583,S1007VKT,jppfs_cor:CostOfSales,売上原価,decrease_10,jppfs_cor:GrossProfit
2999584,S1007VKT,jppfs_cor:SubsidyIncomeNOI,補助金収入、営業外収益,new,jppfs_cor:NonOperatingIncome
2999585,S1007VKT,jppfs_cor:IncomeTaxes,法人税等,stable,jppfs_cor:ProfitLoss
2999586,S1007VKT,jppfs_cor:NotesAndAccountsReceivableTrade,受取手形及び売掛金,stable,jppfs_cor:CurrentAssets
2999587,S1007VKT,jppfs_cor:ExtraordinaryLoss,特別損失,increase_20,jppfs_cor:IncomeBeforeIncomeTaxes
2999588,S1007VKT,jppfs_cor:WorkInProcess,仕掛品,increase_20,jppfs_cor:CurrentAssets
2999589,S1007VKT,jppfs_cor:CurrentPortionOfLongTermLoansPayable,1年内返済予定の長期借入金,increase_20,jppfs_cor:CurrentLiabilities
2999590,S1007VKT,jppfs_cor:OtherNOI,その他、営業外収益,increase_10,jppfs_cor:NonOperatingIncome
2999591,S1007VKT,jppfs_cor:NetDefinedBenefitAsset,退職給付に係る資産,increase_10,jppfs_cor:InvestmentsAndOtherAssets
2999592,S1007VKT,jppfs_cor:ShareholdersEquity,株主資本,increase_10,jppfs_cor:NetAssets
2999593,S1007VKT,jppfs_cor:ProvisionForDirectorsBonuses,役員賞与引当金,increase_20,jppfs_cor:CurrentLiabilities
2999594,S1007VKT,jppfs_cor:OtherPPE,その他、有形固定資産,new,jppfs_cor:PropertyPlantAndEquipment
2999595,S1007VKT,jppfs_cor:NetDefinedBenefitLiability,退職給付に係る負債,new,jppfs_cor:NoncurrentLiabilities
2999596,S1007VKT,jppfs_cor:OtherIA,その他、無形固定資産,decrease_20,jppfs_cor:IntangibleAssets
2999597,S1007VKT,jppfs_cor:ProfitLossAttributableToNonControllingInterests,非支配株主に帰属する当期純利益又は非支配株主に帰属する当期純損失（△）,increase_10,not_common_account
2999598,S1007VKT,jpcrp030000-asr_E00913-000:StockBenefitAllowance,株式給付引当金,decrease_20,jppfs_cor:NoncurrentLiabilities
2999599,S1007VKT,jppfs_cor:NoncurrentLiabilities,固定負債,stable,jppfs_cor:Liabilities
3071408,S1007QT0,jppfs_cor:AccountsPayableOther,未払金,decrease_20,jppfs_cor:CurrentLiabilities
3071409,S1007QT0,jppfs_cor:AccumulatedDepreciationVehicles,減価償却累計額、車両運搬具,stable,jppfs_cor:VehiclesNet
3071410,S1007QT0,jppfs_cor:CurrentPortionOfLongTermLoansPayable,1年内返済予定の長期借入金,decrease_20,jppfs_cor:CurrentLiabilities
3071411,S1007QT0,jppfs_cor:AccountsPayableTrade,買掛金,stable,jppfs_cor:CurrentLiabilities
3071412,S1007QT0,jppfs_cor:SalesDiscountsNOE,売上割引、営業外費用,increase_10,jppfs_cor:NonOperatingExpenses
3071413,S1007QT0,jppfs_cor:AllowanceForDoubtfulAccountsIOAByGroup,貸倒引当金、投資その他の資産、一括控除,decrease_20,jppfs_cor:InvestmentsAndOtherAssets
3071414,S1007QT0,jppfs_cor:DividendsIncomeNOI,受取配当金、営業外収益,new,jppfs_cor:NonOperatingIncome
3071415,S1007QT0,jppfs_cor:ShortTermLoansPayable,短期借入金,decrease_20,jppfs_cor:CurrentLiabilities
3071416,S1007QT0,jppfs_cor:InvestmentsAndOtherAssets,投資その他の資産,decrease_10,jppfs_cor:NoncurrentAssets
3071417,S1007QT0,jppfs_cor:OtherCA,その他、流動資産,decrease_10,jppfs_cor:CurrentAssets
3071418,S1007QT0,jppfs_cor:RealEstateRentNOI,不動産賃貸料、営業外収益,stable,jppfs_cor:NonOperatingIncome
3071419,S1007QT0,jppfs_cor:GuaranteeDepositsIOA,差入保証金、投資その他の資産,stable,jppfs_cor:InvestmentsAndOtherAssets
3071420,S1007QT0,jppfs_cor:GainOnSalesOfNoncurrentAssetsEI,固定資産売却益、特別利益,increase_20,jppfs_cor:ExtraordinaryIncome
3071421,S1007QT0,jppfs_cor:IncomeTaxesCurrent,法人税、住民税及び事業税,increase_10,jppfs_cor:IncomeTaxes
3071422,S1007QT0,jppfs_cor:ValuationAndTranslationAdjustments,評価・換算差額等,decrease_20,jppfs_cor:NetAssets
3071423,S1007QT0,jppfs_cor:RetainedEarnings,利益剰余金,increase_10,jppfs_cor:ShareholdersEquity
3071424,S1007QT0,jppfs_cor:LongTermAccountsPayableOther,長期未払金,stable,jppfs_cor:NoncurrentLiabilities
3071425,S1007QT0,jppfs_cor:InvestmentsInCapital,出資金,decrease_20,jppfs_cor:InvestmentsAndOtherAssets
3071426,S1007QT0,jppfs_cor:AccruedConsumptionTaxes,未払消費税等,decrease_20,jppfs_cor:CurrentLiabilities
3071427,S1007QT0,jppfs_cor:Software,ソフトウエア,new,jppfs_cor:IntangibleAssets
3071428,S1007QT0,jppfs_cor:GrossProfit,売上総利益又は売上総損失（△）,increase_10,jppfs_cor:OperatingIncome
3071429,S1007QT0,jppfs_cor:DeferredTaxAssetsCA,繰延税金資産、流動資産,decrease_10,jppfs_cor:CurrentAssets
3071430,S1007QT0,jppfs_cor:AccumulatedDepreciationStructures,減価償却累計額、構築物,stable,jppfs_cor:StructuresNet
3071431,S1007QT0,jppfs_cor:AllowanceForDoubtfulAccountsCA,貸倒引当金、流動資産、一括控除,decrease_20,jppfs_cor:CurrentAssets
3071432,S1007QT0,jppfs_cor:IncomeTaxesPayable,未払法人税等,decrease_20,jppfs_cor:CurrentLiabilities
3071433,S1007QT0,jppfs_cor:InvestmentSecurities,投資有価証券,decrease_10,jppfs_cor:InvestmentsAndOtherAssets
3071434,S1007QT0,jppfs_cor:PropertyPlantAndEquipment,有形固定資産,stable,jppfs_cor:NoncurrentAssets
3071435,S1007QT0,jppfs_cor:ProfitLossAttributableToOwnersOfParent,親会社株主に帰属する当期純利益又は親会社株主に帰属する当期純損失（△）,increase_10,not_common_account
3071436,S1007QT0,jppfs_cor:IncomeBeforeIncomeTaxes,税引前当期純利益又は税引前当期純損失（△）,increase_10,jppfs_cor:ProfitLoss
3071437,S1007QT0,jppfs_cor:LongTermLoansPayable,長期借入金,decrease_20,jppfs_cor:NoncurrentLiabilities
3071438,S1007QT0,jppfs_cor:PurchaseDiscountsNOI,仕入割引、営業外収益,increase_10,jppfs_cor:NonOperatingIncome
3071439,S1007QT0,jppfs_cor:TelephoneSubscriptionRight,電話加入権,stable,jppfs_cor:IntangibleAssets
3071440,S1007QT0,jppfs_cor:CashAndDeposits,現金及び預金,increase_10,jppfs_cor:CurrentAssets
3071441,S1007QT0,jppfs_cor:InterestExpensesNOE,支払利息、営業外費用,increase_20,jppfs_cor:NonOperatingExpenses
3071442,S1007QT0,jppfs_cor:IntangibleAssets,無形固定資産,increase_20,jppfs_cor:NoncurrentAssets
3071443,S1007QT0,jppfs_cor:Structures,構築物,stable,jppfs_cor:StructuresNet
3071444,S1007QT0,jppfs_cor:CapitalSurplus,資本剰余金,stable,jppfs_cor:ShareholdersEquity
3071445,S1007QT0,jppfs_cor:Vehicles,車両運搬具,stable,jppfs_cor:VehiclesNet
3071446,S1007QT0,jppfs_cor:LossOnValuationOfMembershipEL,会員権評価損、特別損失,stable,jppfs_cor:ExtraordinaryLoss
3071447,S1007QT0,jppfs_cor:DeferredTaxLiabilitiesNCL,繰延税金負債、固定負債,decrease_20,jppfs_cor:NoncurrentLiabilities
3071448,S1007QT0,jppfs_cor:AccumulatedDepreciationBuildings,減価償却累計額、建物,stable,jppfs_cor:BuildingsNet
3071449,S1007QT0,jppfs_cor:CapitalStock,資本金,stable,jppfs_cor:ShareholdersEquity
3071450,S1007QT0,jppfs_cor:InterestIncomeNOI,受取利息、営業外収益,decrease_20,jppfs_cor:NonOperatingIncome
3071451,S1007QT0,jppfs_cor:OtherCL,その他、流動負債,decrease_10,jppfs_cor:CurrentLiabilities
3071452,S1007QT0,jppfs_cor:SellingGeneralAndAdministrativeExpenses,販売費及び一般管理費,increase_10,jppfs_cor:OperatingIncome
3071453,S1007QT0,jppfs_cor:NetDefinedBenefitAsset,退職給付に係る資産,decrease_20,jppfs_cor:InvestmentsAndOtherAssets
3071454,S1007QT0,jppfs_cor:IncomeTaxesDeferred,法人税等調整額,decrease_20,jppfs_cor:IncomeTaxes
3071455,S1007QT0,jppfs_cor:CostOfSales,売上原価,increase_10,jppfs_cor:GrossProfit
3071456,S1007QT0,jppfs_cor:NonOperatingIncome,営業外収益,increase_20,jppfs_cor:OrdinaryIncome
3071457,S1007QT0,jppfs_cor:NonOperatingExpenses,営業外費用,decrease_10,jppfs_cor:OrdinaryIncome
3071458,S1007QT0,jppfs_cor:AccumulatedDepreciationToolsFurnitureAndFixtures,減価償却累計額、工具、器具及び備品,decrease_20,jppfs_cor:ToolsFurnitureAndFixturesNet
3071459,S1007QT0,jppfs_cor:GainOnSalesOfInvestmentSecuritiesEI,投資有価証券売却益、特別利益,decrease_20,jppfs_cor:ExtraordinaryIncome
3071460,S1007QT0,jppfs_cor:ImpairmentLossEL,減損損失、特別損失,new,jppfs_cor:ExtraordinaryLoss
3071461,S1007QT0,jppfs_cor:LossOnSalesAndRetirementOfNoncurrentAssetsEL,固定資産除売却損、特別損失,increase_20,jppfs_cor:ExtraordinaryLoss
3071462,S1007QT0,jppfs_cor:OperatingIncome,営業利益又は営業損失（△）,increase_10,jppfs_cor:OrdinaryIncome
3071463,S1007QT0,jppfs_cor:ValuationDifferenceOnAvailableForSaleSecurities,その他有価証券評価差額金,decrease_20,jppfs_cor:ValuationAndTranslationAdjustments
3071464,S1007QT0,jppfs_cor:Liabilities,負債,decrease_10,jppfs_cor:LiabilitiesAndNetAssets
3071465,S1007QT0,jppfs_cor:OtherIOA,その他、投資その他の資産,increase_10,jppfs_cor:InvestmentsAndOtherAssets
3071466,S1007QT0,jppfs_cor:ProfitLoss,当期純利益又は当期純損失（△）（平成26年3月28日財規等改正後）,increase_10,top_account
3071467,S1007QT0,jppfs_cor:RemeasurementsOfDefinedBenefitPlans,退職給付に係る調整累計額,decrease_20,jppfs_cor:ValuationAndTranslationAdjustments
3071468,S1007QT0,jppfs_cor:OrdinaryIncome,経常利益又は経常損失（△）,increase_10,jppfs_cor:IncomeBeforeIncomeTaxes
3071469,S1007QT0,jppfs_cor:Merchandise,商品,stable,jppfs_cor:CurrentAssets
3071470,S1007QT0,jppfs_cor:ExtraordinaryIncome,特別利益,decrease_20,jppfs_cor:IncomeBeforeIncomeTaxes
3071471,S1007QT0,jppfs_cor:ExtraordinaryLoss,特別損失,increase_20,jppfs_cor:IncomeBeforeIncomeTaxes
3071472,S1007QT0,jppfs_cor:OtherNOE,その他、営業外費用,decrease_20,jppfs_cor:NonOperatingExpenses
3071473,S1007QT0,jppfs_cor:IncomeTaxes,法人税等,stable,jppfs_cor:ProfitLoss
3071474,S1007QT0,jppfs_cor:OtherNOI,その他、営業外収益,increase_20,jppfs_cor:NonOperatingIncome
3071475,S1007QT0,jppfs_cor:CurrentLiabilities,流動負債,decrease_10,jppfs_cor:Liabilities
3071476,S1007QT0,jppfs_cor:NetDefinedBenefitLiability,退職給付に係る負債,increase_20,jppfs_cor:NoncurrentLiabilities
3071477,S1007QT0,jppfs_cor:NoncurrentLiabilities,固定負債,decrease_20,jppfs_cor:Liabilities
3071478,S1007QT0,jppfs_cor:SoftwareInProgress,ソフトウエア仮勘定,decrease_20,jppfs_cor:IntangibleAssets
3071479,S1007QT0,jppfs_cor:ToolsFurnitureAndFixtures,工具、器具及び備品,decrease_20,jppfs_cor:ToolsFurnitureAndFixturesNet
3071480,S1007QT0,jppfs_cor:ShareholdersEquity,株主資本,stable,jppfs_cor:NetAssets
3071481,S1007QT0,jppfs_cor:ShortTermInvestmentSecurities,有価証券,decrease_20,jppfs_cor:CurrentAssets
3071482,S1007QT0,jppfs_cor:AccruedExpenses,未払費用,stable,jppfs_cor:CurrentLiabilities
3071483,S1007QT0,jppfs_cor:Land,土地,stable,jppfs_cor:PropertyPlantAndEquipment
3071484,S1007QT0,jppfs_cor:NoncurrentAssets,固定資産,decrease_10,jppfs_cor:Assets
3071485,S1007QT0,jppfs_cor:CurrentAssets,流動資産,stable,jppfs_cor:Assets
3071486,S1007QT0,jppfs_cor:NotesAndAccountsReceivableTrade,受取手形及び売掛金,stable,jppfs_cor:CurrentAssets
3071487,S1007QT0,jppfs_cor:TreasuryStock,自己株式,decrease_10,jppfs_cor:ShareholdersEquity
3071488,S1007QT0,jppfs_cor:NetSales,売上高,increase_10,jppfs_cor:GrossProfit
3071489,S1007QT0,jppfs_cor:Buildings,建物,stable,jppfs_cor:BuildingsNet
3071490,S1007QT0,jppfs_cor:LongTermGuaranteeDeposited,長期預り保証金,increase_10,jppfs_cor:NoncurrentLiabilities
3172091,S1006F1Q,jppfs_cor:AccountsPayableOther,未払金,new,jppfs_cor:CurrentLiabilities
3172092,S1006F1Q,jppfs_cor:AccountsPayableTrade,買掛金,decrease_10,jppfs_cor:CurrentLiabilities
3172093,S1006F1Q,jppfs_cor:OtherIOA,その他、投資その他の資産,stable,jppfs_cor:InvestmentsAndOtherAssets
3172094,S1006F1Q,jppfs_cor:PropertyPlantAndEquipment,有形固定資産,stable,jppfs_cor:NoncurrentAssets
3172095,S1006F1Q,jppfs_cor:OperatingAccountsReceivableCA,営業未収入金、流動資産,decrease_10,jppfs_cor:CurrentAssets
3172096,S1006F1Q,jppfs_cor:Land,土地,stable,jppfs_cor:PropertyPlantAndEquipment
3172097,S1006F1Q,jppfs_cor:OtherCA,その他、流動資産,decrease_20,jppfs_cor:CurrentAssets
3172098,S1006F1Q,jppfs_cor:TravelingAndTransportationExpensesSGA,旅費及び交通費、販売費及び一般管理費,stable,jppfs_cor:SellingGeneralAndAdministrativeExpenses
3172099,S1006F1Q,jppfs_cor:OtherNOE,その他、営業外費用,decrease_20,jppfs_cor:NonOperatingExpenses
3172100,S1006F1Q,jppfs_cor:AccumulatedDepreciationMachineryAndEquipment,減価償却累計額、機械及び装置,stable,jppfs_cor:MachineryAndEquipmentNet
3172101,S1006F1Q,jppfs_cor:CommissionFeeNOI,受取手数料、営業外収益,increase_10,jppfs_cor:NonOperatingIncome
3172102,S1006F1Q,jppfs_cor:AccruedConsumptionTaxes,未払消費税等,increase_20,jppfs_cor:CurrentLiabilities
3172103,S1006F1Q,jppfs_cor:RepairAndMaintenanceSGA,修繕維持費、販売費及び一般管理費,increase_10,jppfs_cor:SellingGeneralAndAdministrativeExpenses
3172104,S1006F1Q,jpcrp030000-asr_E04706-000:ProvisionOfAllowanceForSalesRebatesSGA,売上割戻引当金繰入額,decrease_20,jppfs_cor:SellingGeneralAndAdministrativeExpenses
3172105,S1006F1Q,jppfs_cor:IntangibleAssets,無形固定資産,new,jppfs_cor:NoncurrentAssets
3172106,S1006F1Q,jppfs_cor:Merchandise,商品,increase_20,jppfs_cor:CurrentAssets
3172107,S1006F1Q,jppfs_cor:RentsSGA,地代家賃、販売費及び一般管理費,stable,jppfs_cor:SellingGeneralAndAdministrativeExpenses
3172108,S1006F1Q,jppfs_cor:AdvancesReceived,前受金,decrease_10,jppfs_cor:CurrentLiabilities
3172109,S1006F1Q,jppfs_cor:MachineryAndEquipment,機械及び装置,stable,jppfs_cor:MachineryAndEquipmentNet
3172110,S1006F1Q,jppfs_cor:SuppliesExpensesSGA,消耗品費、販売費及び一般管理費,increase_10,jppfs_cor:SellingGeneralAndAdministrativeExpenses
3172111,S1006F1Q,jppfs_cor:TaxesAndDuesSGA,租税公課、販売費及び一般管理費,decrease_10,jppfs_cor:SellingGeneralAndAdministrativeExpenses
3172112,S1006F1Q,jppfs_cor:AccumulatedDepreciationBuildings,減価償却累計額、建物,stable,jppfs_cor:BuildingsNet
3172113,S1006F1Q,jppfs_cor:CapitalStock,資本金,stable,jppfs_cor:ShareholdersEquity
3172114,S1006F1Q,jppfs_cor:IncomeTaxesPayable,未払法人税等,stable,jppfs_cor:CurrentLiabilities
3172115,S1006F1Q,jppfs_cor:AccumulatedDepreciationStructures,減価償却累計額、構築物,stable,jppfs_cor:StructuresNet
3172116,S1006F1Q,jppfs_cor:AllowanceForDoubtfulAccountsCA,貸倒引当金、流動資産、一括控除,increase_10,jppfs_cor:CurrentAssets
3172117,S1006F1Q,jppfs_cor:OtherNOI,その他、営業外収益,increase_10,jppfs_cor:NonOperatingIncome
3172118,S1006F1Q,jppfs_cor:AccumulatedDepreciationLeaseAssetsPPE,減価償却累計額、リース資産、有形固定資産,increase_20,jppfs_cor:LeaseAssetsNetPPE
3172119,S1006F1Q,jppfs_cor:LongTermGuaranteeDeposited,長期預り保証金,new,jppfs_cor:NoncurrentLiabilities
3172120,S1006F1Q,jppfs_cor:CostOfSales,売上原価,increase_10,jppfs_cor:GrossProfit
3172121,S1006F1Q,jppfs_cor:GrossProfit,売上総利益又は売上総損失（△）,increase_10,jppfs_cor:OperatingIncome
3172122,S1006F1Q,jppfs_cor:ProvisionOfAllowanceForDoubtfulAccountsSGA,貸倒引当金繰入額、販売費及び一般管理費,decrease_20,jppfs_cor:SellingGeneralAndAdministrativeExpenses
3172123,S1006F1Q,jppfs_cor:IncomeTaxes,法人税等,stable,jppfs_cor:NetIncome
3172124,S1006F1Q,jppfs_cor:Software,ソフトウエア,new,jppfs_cor:IntangibleAssets
3172125,S1006F1Q,jppfs_cor:RetainedEarningsBroughtForward,繰越利益剰余金,stable,jppfs_cor:RetainedEarnings
3172126,S1006F1Q,jppfs_cor:NonOperatingExpenses,営業外費用,decrease_20,jppfs_cor:OrdinaryIncome
3172127,S1006F1Q,jppfs_cor:NonOperatingIncome,営業外収益,stable,jppfs_cor:OrdinaryIncome
3172128,S1006F1Q,jppfs_cor:ProvisionForSalesRebates,売上割戻引当金,stable,jppfs_cor:CurrentLiabilities
3172129,S1006F1Q,jppfs_cor:SellingGeneralAndAdministrativeExpenses,販売費及び一般管理費,stable,jppfs_cor:OperatingIncome
3172130,S1006F1Q,jppfs_cor:LeaseObligationsCL,リース債務、流動負債,decrease_10,jppfs_cor:CurrentLiabilities
3172131,S1006F1Q,jppfs_cor:Structures,構築物,stable,jppfs_cor:StructuresNet
3172132,S1006F1Q,jppfs_cor:Buildings,建物,stable,jppfs_cor:BuildingsNet
3172133,S1006F1Q,jppfs_cor:AccumulatedDepreciationToolsFurnitureAndFixtures,減価償却累計額、工具、器具及び備品,stable,jppfs_cor:ToolsFurnitureAndFixturesNet
3172134,S1006F1Q,jppfs_cor:LongTermLoansPayableToShareholdersDirectorsOrEmployees,株主、役員又は従業員からの長期借入金,stable,jppfs_cor:NoncurrentLiabilities
3172135,S1006F1Q,jppfs_cor:RentExpensesSGA,賃借料、販売費及び一般管理費,decrease_10,jppfs_cor:SellingGeneralAndAdministrativeExpenses
3172136,S1006F1Q,jppfs_cor:BadDebtsExpensesSGA,貸倒損失、販売費及び一般管理費,new,jppfs_cor:SellingGeneralAndAdministrativeExpenses
3172137,S1006F1Q,jppfs_cor:OtherSGA,その他、販売費及び一般管理費,decrease_10,jppfs_cor:SellingGeneralAndAdministrativeExpenses
3172138,S1006F1Q,jppfs_cor:OtherCapitalSurplus,その他資本剰余金,stable,jppfs_cor:CapitalSurplus
3172139,S1006F1Q,jppfs_cor:LeaseAssetsPPE,リース資産、有形固定資産,stable,jppfs_cor:LeaseAssetsNetPPE
3172140,S1006F1Q,jppfs_cor:NetSales,売上高,increase_10,jppfs_cor:GrossProfit
3172141,S1006F1Q,jppfs_cor:AllowanceForDoubtfulAccountsIOAByGroup,貸倒引当金、投資その他の資産、一括控除,stable,jppfs_cor:InvestmentsAndOtherAssets
3172142,S1006F1Q,jppfs_cor:LongTermPrepaidExpenses,長期前払費用,decrease_10,jppfs_cor:InvestmentsAndOtherAssets
3172143,S1006F1Q,jppfs_cor:EntertainmentExpensesSGA,交際費、販売費及び一般管理費,decrease_10,jppfs_cor:SellingGeneralAndAdministrativeExpenses
3172144,S1006F1Q,jppfs_cor:LeaseObligationsNCL,リース債務、固定負債,decrease_20,jppfs_cor:NoncurrentLiabilities
3172145,S1006F1Q,jppfs_cor:InterestIncomeNOI,受取利息、営業外収益,decrease_20,jppfs_cor:NonOperatingIncome
3172146,S1006F1Q,jppfs_cor:NetIncome,当期純利益又は当期純損失（△）（平成26年3月28日財規等改正前）,decrease_20,not_common_account
3172147,S1006F1Q,jppfs_cor:DepositsReceived,預り金,decrease_20,jppfs_cor:CurrentLiabilities
3172148,S1006F1Q,jppfs_cor:CurrentLiabilities,流動負債,stable,jppfs_cor:Liabilities
3172149,S1006F1Q,jppfs_cor:ToolsFurnitureAndFixtures,工具、器具及び備品,stable,jppfs_cor:ToolsFurnitureAndFixturesNet
3172150,S1006F1Q,jppfs_cor:Liabilities,負債,stable,jppfs_cor:LiabilitiesAndNetAssets
3172151,S1006F1Q,jppfs_cor:BeginningGoodsCOS,商品期首たな卸高、売上原価,decrease_20,jppfs_cor:TotalBeginningAndPurchaseOfGoods
3172152,S1006F1Q,jppfs_cor:CostOfPurchasedGoods,当期商品仕入高,increase_10,jppfs_cor:TotalBeginningAndPurchaseOfGoods
3172153,S1006F1Q,jppfs_cor:GainOnBadDebtsRecoveredNOI,償却債権取立益、営業外収益,decrease_20,jppfs_cor:NonOperatingIncome
3172154,S1006F1Q,jppfs_cor:OperatingIncome,営業利益又は営業損失（△）,decrease_20,jppfs_cor:OrdinaryIncome
3172155,S1006F1Q,jppfs_cor:CashAndDeposits,現金及び預金,increase_20,jppfs_cor:CurrentAssets
3172156,S1006F1Q,jppfs_cor:DepreciationSGA,減価償却費、販売費及び一般管理費,stable,jppfs_cor:SellingGeneralAndAdministrativeExpenses
3172157,S1006F1Q,jppfs_cor:NoncurrentLiabilities,固定負債,stable,jppfs_cor:Liabilities
3172158,S1006F1Q,jppfs_cor:InvestmentsAndOtherAssets,投資その他の資産,increase_10,jppfs_cor:NoncurrentAssets
3172159,S1006F1Q,jppfs_cor:NoncurrentAssets,固定資産,stable,jppfs_cor:Assets
3172160,S1006F1Q,jppfs_cor:OrdinaryIncome,経常利益又は経常損失（△）,decrease_20,jppfs_cor:IncomeBeforeIncomeTaxes
3172161,S1006F1Q,jppfs_cor:IncomeTaxesCurrent,法人税、住民税及び事業税,stable,jppfs_cor:IncomeTaxes
3172162,S1006F1Q,jppfs_cor:EndingGoodsCOS,商品期末たな卸高、売上原価,increase_20,jppfs_cor:CostOfSales
3172163,S1006F1Q,jppfs_cor:GolfCourses,コース勘定,stable,jppfs_cor:PropertyPlantAndEquipment
3172164,S1006F1Q,jppfs_cor:CapitalSurplus,資本剰余金,stable,jppfs_cor:ShareholdersEquity
3172165,S1006F1Q,jppfs_cor:Vehicles,車両運搬具,stable,jppfs_cor:VehiclesNet
3172166,S1006F1Q,jppfs_cor:AccumulatedDepreciationVehicles,減価償却累計額、車両運搬具,stable,jppfs_cor:VehiclesNet
3172167,S1006F1Q,jppfs_cor:LegalCapitalSurplus,資本準備金,stable,jppfs_cor:CapitalSurplus
3172168,S1006F1Q,jppfs_cor:InvestmentSecurities,投資有価証券,new,jppfs_cor:InvestmentsAndOtherAssets
3172169,S1006F1Q,jppfs_cor:CommissionFeeSGA,支払手数料、販売費及び一般管理費,stable,jppfs_cor:SellingGeneralAndAdministrativeExpenses
3172170,S1006F1Q,jppfs_cor:CurrentAssets,流動資産,increase_10,jppfs_cor:Assets
3172171,S1006F1Q,jppfs_cor:SalariesAndAllowancesSGA,給料及び手当、販売費及び一般管理費,stable,jppfs_cor:SellingGeneralAndAdministrativeExpenses
3172172,S1006F1Q,jppfs_cor:PrepaidExpenses,前払費用,stable,jppfs_cor:CurrentAssets
3172173,S1006F1Q,jppfs_cor:TotalBeginningAndPurchaseOfGoods,合計、商品期首たな卸高及び当期商品仕入高,increase_10,jppfs_cor:CostOfSales
3172174,S1006F1Q,jppfs_cor:IncomeBeforeIncomeTaxes,税引前当期純利益又は税引前当期純損失（△）,decrease_20,jppfs_cor:NetIncome
3172175,S1006F1Q,jppfs_cor:RetainedEarnings,利益剰余金,stable,jppfs_cor:ShareholdersEquity
3172176,S1006F1Q,jppfs_cor:AccruedExpenses,未払費用,decrease_10,jppfs_cor:CurrentLiabilities
3172177,S1006F1Q,jppfs_cor:ShareholdersEquity,株主資本,increase_10,jppfs_cor:NetAssets
3172178,S1006F1Q,jppfs_cor:LongTermLoansReceivableFromShareholdersDirectorsOrEmployees,株主、役員又は従業員に対する長期貸付金,new,jppfs_cor:InvestmentsAndOtherAssets
3177389,S1006032,jppfs_cor:Goodwill,のれん,decrease_20,jppfs_cor:IntangibleAssets
3177390,S1006032,jppfs_cor:ForeignCurrencyTranslationAdjustment,為替換算調整勘定,decrease_20,jppfs_cor:ValuationAndTranslationAdjustments
3177391,S1006032,jppfs_cor:CurrentAssets,流動資産,decrease_10,jppfs_cor:Assets
3177392,S1006032,jppfs_cor:IntangibleAssets,無形固定資産,decrease_20,jppfs_cor:NoncurrentAssets
3177393,S1006032,jppfs_cor:LongTermLoansPayable,長期借入金,increase_10,jppfs_cor:NoncurrentLiabilities
3177394,S1006032,jppfs_cor:AccumulatedDepreciationMachineryEquipmentAndVehicles,減価償却累計額、機械装置及び運搬具,stable,jppfs_cor:MachineryEquipmentAndVehiclesNet
3177395,S1006032,jppfs_cor:OtherNCL,その他、固定負債,decrease_20,jppfs_cor:NoncurrentLiabilities
3177396,S1006032,jppfs_cor:IncomeTaxesPayable,未払法人税等,decrease_20,jppfs_cor:CurrentLiabilities
3177397,S1006032,jppfs_cor:BuildingsAndStructures,建物及び構築物,stable,jppfs_cor:BuildingsAndStructuresNet
3177398,S1006032,jppfs_cor:Liabilities,負債,decrease_10,jppfs_cor:LiabilitiesAndNetAssets
3177399,S1006032,jppfs_cor:OtherCA,その他、流動資産,increase_20,jppfs_cor:CurrentAssets
3177400,S1006032,jppfs_cor:InterestIncomeNOI,受取利息、営業外収益,decrease_20,jppfs_cor:NonOperatingIncome
3177401,S1006032,jppfs_cor:RawMaterialsAndSupplies,原材料及び貯蔵品,increase_20,jppfs_cor:CurrentAssets
3177402,S1006032,jppfs_cor:ConstructionInProgress,建設仮勘定,new,jppfs_cor:PropertyPlantAndEquipment
3177403,S1006032,jppfs_cor:RetainedEarnings,利益剰余金,decrease_20,jppfs_cor:ShareholdersEquity
3177404,S1006032,jppfs_cor:ToolsFurnitureAndFixtures,工具、器具及び備品,increase_10,jppfs_cor:ToolsFurnitureAndFixturesNet
3177405,S1006032,jppfs_cor:OtherCL,その他、流動負債,decrease_20,jppfs_cor:CurrentLiabilities
3177406,S1006032,jppfs_cor:AccumulatedDepreciationToolsFurnitureAndFixtures,減価償却累計額、工具、器具及び備品,increase_10,jppfs_cor:ToolsFurnitureAndFixturesNet
3177407,S1006032,jppfs_cor:NotesAndAccountsPayableTrade,支払手形及び買掛金,decrease_10,jppfs_cor:CurrentLiabilities
3177408,S1006032,jppfs_cor:DeferredTaxAssetsCA,繰延税金資産、流動資産,new,jppfs_cor:CurrentAssets
3177409,S1006032,jppfs_cor:ProvisionForBonuses,賞与引当金,increase_10,jppfs_cor:CurrentLiabilities
3177410,S1006032,jppfs_cor:IncomeTaxes,法人税等,decrease_20,jppfs_cor:IncomeBeforeMinorityInterests
3177411,S1006032,jppfs_cor:ExtraordinaryLoss,特別損失,new,jppfs_cor:IncomeBeforeIncomeTaxes
3177412,S1006032,jppfs_cor:LossOnSalesOfNoncurrentAssetsEL,固定資産売却損、特別損失,new,jppfs_cor:ExtraordinaryLoss
3177413,S1006032,jppfs_cor:LossOnRetirementOfNoncurrentAssetsEL,固定資産除却損、特別損失,decrease_20,jppfs_cor:ExtraordinaryLoss
3177414,S1006032,jppfs_cor:OtherIA,その他、無形固定資産,stable,jppfs_cor:IntangibleAssets
3177415,S1006032,jppfs_cor:DeferredTaxLiabilitiesNCL,繰延税金負債、固定負債,increase_10,jppfs_cor:NoncurrentLiabilities
3177416,S1006032,jppfs_cor:CapitalSurplus,資本剰余金,stable,jppfs_cor:ShareholdersEquity
3177417,S1006032,jppfs_cor:CapitalStock,資本金,stable,jppfs_cor:ShareholdersEquity
3177418,S1006032,jppfs_cor:OtherNOI,その他、営業外収益,increase_10,jppfs_cor:NonOperatingIncome
3177419,S1006032,jppfs_cor:InvestmentsAndOtherAssets,投資その他の資産,increase_20,jppfs_cor:NoncurrentAssets
3177420,S1006032,jppfs_cor:NonOperatingExpenses,営業外費用,decrease_10,jppfs_cor:OrdinaryIncome
3177421,S1006032,jppfs_cor:NotesAndAccountsReceivableTrade,受取手形及び売掛金,increase_10,jppfs_cor:CurrentAssets
3177422,S1006032,jppfs_cor:GainOnSalesOfNoncurrentAssetsEI,固定資産売却益、特別利益,decrease_20,jppfs_cor:ExtraordinaryIncome
3177423,S1006032,jppfs_cor:AccumulatedDepreciationLeaseAssetsPPE,減価償却累計額、リース資産、有形固定資産,increase_10,jppfs_cor:LeaseAssetsNetPPE
3177424,S1006032,jppfs_cor:ImpairmentLossEL,減損損失、特別損失,new,jppfs_cor:ExtraordinaryLoss
3177425,S1006032,jppfs_cor:InvestmentSecurities,投資有価証券,increase_20,jppfs_cor:InvestmentsAndOtherAssets
3177426,S1006032,jppfs_cor:IncomeTaxesCurrent,法人税、住民税及び事業税,decrease_20,jppfs_cor:IncomeTaxes
3177427,S1006032,jppfs_cor:AccumulatedDepreciationBuildingsAndStructures,減価償却累計額、建物及び構築物,stable,jppfs_cor:BuildingsAndStructuresNet
3177428,S1006032,jppfs_cor:NonOperatingIncome,営業外収益,increase_20,jppfs_cor:OrdinaryIncome
3177429,S1006032,jppfs_cor:IncomeTaxesDeferred,法人税等調整額,decrease_20,jppfs_cor:IncomeTaxes
3177430,S1006032,jppfs_cor:CurrentLiabilities,流動負債,decrease_20,jppfs_cor:Liabilities
3177431,S1006032,jppfs_cor:PropertyPlantAndEquipment,有形固定資産,decrease_10,jppfs_cor:NoncurrentAssets
3177432,S1006032,jppfs_cor:OtherIOA,その他、投資その他の資産,increase_20,jppfs_cor:InvestmentsAndOtherAssets
3177433,S1006032,jppfs_cor:NetSales,売上高,increase_20,jppfs_cor:GrossProfit
3177434,S1006032,jppfs_cor:ShortTermLoansPayable,短期借入金,new,jppfs_cor:CurrentLiabilities
3177435,S1006032,jppfs_cor:CurrentPortionOfLongTermLoansPayable,1年内返済予定の長期借入金,decrease_20,jppfs_cor:CurrentLiabilities
3177436,S1006032,jppfs_cor:ValuationAndTranslationAdjustments,評価・換算差額等,decrease_20,jppfs_cor:NetAssets
3177437,S1006032,jppfs_cor:SellingGeneralAndAdministrativeExpenses,販売費及び一般管理費,stable,jppfs_cor:OperatingIncome
3177438,S1006032,jppfs_cor:InterestExpensesNOE,支払利息、営業外費用,decrease_10,jppfs_cor:NonOperatingExpenses
3177439,S1006032,jppfs_cor:NetDefinedBenefitLiability,退職給付に係る負債,stable,jppfs_cor:NoncurrentLiabilities
3177440,S1006032,jppfs_cor:OrdinaryIncome,経常利益又は経常損失（△）,decrease_20,jppfs_cor:IncomeBeforeIncomeTaxes
3177441,S1006032,jppfs_cor:OperatingIncome,営業利益又は営業損失（△）,decrease_20,jppfs_cor:OrdinaryIncome
3177442,S1006032,jppfs_cor:DeferredTaxAssetsIOA,繰延税金資産、投資その他の資産,stable,jppfs_cor:InvestmentsAndOtherAssets
3177443,S1006032,jppfs_cor:SubsidyIncomeNOIBounty,助成金収入、営業外収益,new,jppfs_cor:NonOperatingIncome
3177444,S1006032,jppfs_cor:MachineryEquipmentAndVehicles,機械装置及び運搬具,stable,jppfs_cor:MachineryEquipmentAndVehiclesNet
3177445,S1006032,jppfs_cor:IncomeBeforeMinorityInterests,少数株主損益調整前当期純利益又は少数株主損益調整前当期純損失（△）,decrease_20,jppfs_cor:NetIncome
3177446,S1006032,jppfs_cor:AllowanceForDoubtfulAccountsCA,貸倒引当金、流動資産、一括控除,increase_20,jppfs_cor:CurrentAssets
3177447,S1006032,jppfs_cor:LeaseAssetsPPE,リース資産、有形固定資産,stable,jppfs_cor:LeaseAssetsNetPPE
3177448,S1006032,jppfs_cor:CashAndDeposits,現金及び預金,decrease_20,jppfs_cor:CurrentAssets
3177449,S1006032,jppfs_cor:GrossProfit,売上総利益又は売上総損失（△）,increase_20,jppfs_cor:OperatingIncome
3177450,S1006032,jppfs_cor:CostOfSales,売上原価,increase_20,jppfs_cor:GrossProfit
3177451,S1006032,jppfs_cor:NetIncome,当期純利益又は当期純損失（△）（平成26年3月28日財規等改正前）,decrease_20,jppfs_cor:IncomeBeforeMinorityInterestsCI
3177452,S1006032,jppfs_cor:MinorityInterestsInIncome,少数株主利益又は少数株主損失（△）,decrease_20,jppfs_cor:NetIncome
3177453,S1006032,jppfs_cor:ForeignExchangeGainsNOI,為替差益、営業外収益,new,jppfs_cor:NonOperatingIncome
3177454,S1006032,jppfs_cor:ExtraordinaryIncome,特別利益,decrease_20,jppfs_cor:IncomeBeforeIncomeTaxes
3177455,S1006032,jppfs_cor:IncomeBeforeIncomeTaxes,税引前当期純利益又は税引前当期純損失（△）,decrease_20,jppfs_cor:IncomeBeforeMinorityInterests
3177456,S1006032,jppfs_cor:Land,土地,decrease_10,jppfs_cor:PropertyPlantAndEquipment
3177457,S1006032,jppfs_cor:ValuationDifferenceOnAvailableForSaleSecurities,その他有価証券評価差額金,new,jppfs_cor:ValuationAndTranslationAdjustments
3177458,S1006032,jppfs_cor:WorkInProcess,仕掛品,decrease_20,jppfs_cor:CurrentAssets
3177459,S1006032,jppfs_cor:Software,ソフトウエア,decrease_20,jppfs_cor:IntangibleAssets
3177460,S1006032,jppfs_cor:NoncurrentAssets,固定資産,decrease_10,jppfs_cor:Assets
3177461,S1006032,jppfs_cor:ShareholdersEquity,株主資本,decrease_10,jppfs_cor:NetAssets
3177462,S1006032,jppfs_cor:NoncurrentLiabilities,固定負債,increase_10,jppfs_cor:Liabilities
3177463,S1006032,jppfs_cor:MerchandiseAndFinishedGoods,商品及び製品,increase_20,jppfs_cor:CurrentAssets
3272809,S10056YX,jppfs_cor:LeaseAssetsPPE,リース資産、有形固定資産,increase_10,jppfs_cor:PropertyPlantAndEquipment
3272810,S10056YX,jppfs_cor:OperatingIncome,営業利益又は営業損失（△）,increase_20,jppfs_cor:OrdinaryIncome
3272811,S10056YX,jppfs_cor:NetSalesOfCompletedConstructionContractsCNS,完成工事高、建設業,increase_10,jppfs_cor:GrossProfitOnCompletedConstructionContractsCNS
3272812,S10056YX,jppfs_cor:CostOfSalesOnOtherBusinessCOSExpOA,その他の事業売上原価、営業活動による費用・売上原価,increase_10,jppfs_cor:CostOfSales
3272813,S10056YX,jppfs_cor:EquityInEarningsOfAffiliatesNOI,持分法による投資利益、営業外収益,increase_20,jppfs_cor:NonOperatingIncome
3272814,S10056YX,jppfs_cor:ValuationAndTranslationAdjustments,評価・換算差額等,new,jppfs_cor:NetAssets
3272815,S10056YX,jppfs_cor:DeferredGainsOrLossesOnHedges,繰延ヘッジ損益,decrease_20,jppfs_cor:ValuationAndTranslationAdjustments
3272816,S10056YX,jppfs_cor:IncomeTaxesDeferred,法人税等調整額,decrease_20,jppfs_cor:IncomeTaxes
3272817,S10056YX,jppfs_cor:RemeasurementsOfDefinedBenefitPlans,退職給付に係る調整累計額,increase_20,jppfs_cor:ValuationAndTranslationAdjustments
3272818,S10056YX,jppfs_cor:IncomeTaxesCurrent,法人税、住民税及び事業税,new,jppfs_cor:IncomeTaxes
3272819,S10056YX,jppfs_cor:IntangibleAssets,無形固定資産,decrease_20,jppfs_cor:NoncurrentAssets
3272820,S10056YX,jppfs_cor:BuildingsAndStructures,建物及び構築物,stable,jppfs_cor:PropertyPlantAndEquipment
3272821,S10056YX,jppfs_cor:GainOnSalesOfNoncurrentAssetsEI,固定資産売却益、特別利益,new,jppfs_cor:ExtraordinaryIncome
3272822,S10056YX,jppfs_cor:OrdinaryIncome,経常利益又は経常損失（△）,increase_20,jppfs_cor:IncomeBeforeIncomeTaxes
3272823,S10056YX,jppfs_cor:AllowanceForDoubtfulAccountsCA,貸倒引当金、流動資産、一括控除,increase_20,jppfs_cor:CurrentAssets
3272824,S10056YX,jppfs_cor:RentIncomeNOI,受取賃貸料、営業外収益,stable,jppfs_cor:NonOperatingIncome
3272825,S10056YX,jppfs_cor:CostOfSalesOfCompletedConstructionContractsCNS,完成工事原価、建設業,increase_10,jppfs_cor:CostOfSales
3272826,S10056YX,jppfs_cor:MinorityInterestsInIncome,少数株主利益又は少数株主損失（△）,increase_20,jppfs_cor:NetIncome
3272827,S10056YX,jppfs_cor:Land,土地,stable,jppfs_cor:PropertyPlantAndEquipment
3272828,S10056YX,jppfs_cor:RetainedEarnings,利益剰余金,increase_10,jppfs_cor:ShareholdersEquity
3272829,S10056YX,jppfs_cor:InsuranceAndDividendsIncomeNOI,受取保険金及び配当金、営業外収益,decrease_10,jppfs_cor:NonOperatingIncome
3272830,S10056YX,jppfs_cor:CashAndDeposits,現金及び預金,increase_20,jppfs_cor:CurrentAssets
3272831,S10056YX,jppfs_cor:ShareholdersEquity,株主資本,increase_10,jppfs_cor:NetAssets
3272832,S10056YX,jppfs_cor:ExtraRetirementPaymentsNOE,割増退職金、営業外費用,decrease_20,jppfs_cor:NonOperatingExpenses
3272833,S10056YX,jppfs_cor:ShortTermInvestmentSecurities,有価証券,increase_10,jppfs_cor:CurrentAssets
3272834,S10056YX,jppfs_cor:PropertyPlantAndEquipment,有形固定資産,stable,jppfs_cor:NoncurrentAssets
3272835,S10056YX,jppfs_cor:TreasuryStock,自己株式,increase_20,jppfs_cor:ShareholdersEquity
3272836,S10056YX,jppfs_cor:Liabilities,負債,increase_10,jppfs_cor:LiabilitiesAndNetAssets
3272837,S10056YX,jppfs_cor:Merchandise,商品,increase_20,jppfs_cor:CurrentAssets
3272838,S10056YX,jppfs_cor:DividendsIncomeNOI,受取配当金、営業外収益,decrease_20,jppfs_cor:NonOperatingIncome
3272839,S10056YX,jppfs_cor:LossOnDisposalOfNoncurrentAssetsEL,固定資産処分損、特別損失,stable,jppfs_cor:ExtraordinaryLoss
3272840,S10056YX,jppfs_cor:OtherCA,その他、流動資産,stable,jppfs_cor:CurrentAssets
3272841,S10056YX,jppfs_cor:GrossProfitOtherBusinessGP,その他の事業総利益又はその他の事業総損失（△）、売上総利益,increase_20,jppfs_cor:GrossProfit
3272842,S10056YX,jppfs_cor:ExtraordinaryLoss,特別損失,decrease_20,jppfs_cor:IncomeBeforeIncomeTaxes
3272843,S10056YX,jppfs_cor:Goodwill,のれん,decrease_20,jppfs_cor:IntangibleAssets
3272844,S10056YX,jppfs_cor:AccumulatedDepreciationPPEByGroup,減価償却累計額、有形固定資産、一括控除,increase_10,jppfs_cor:PropertyPlantAndEquipment
3272845,S10056YX,jppfs_cor:NetIncome,当期純利益又は当期純損失（△）（平成26年3月28日財規等改正前）,new,jppfs_cor:IncomeBeforeMinorityInterestsCI
3272846,S10056YX,jppfs_cor:GainOnNegativeGoodwillEI,負ののれん発生益、特別利益,new,jppfs_cor:ExtraordinaryIncome
3272847,S10056YX,jppfs_cor:IncomeBeforeIncomeTaxes,税引前当期純利益又は税引前当期純損失（△）,increase_20,jppfs_cor:IncomeBeforeMinorityInterests
3272848,S10056YX,jppfs_cor:ProvisionForLossOnConstructionContracts,工事損失引当金,decrease_20,jppfs_cor:CurrentLiabilities
3272849,S10056YX,jppfs_cor:ShortTermLoansPayable,短期借入金,stable,jppfs_cor:CurrentLiabilities
3272850,S10056YX,jppfs_cor:DeferredTaxAssetsCA,繰延税金資産、流動資産,stable,jppfs_cor:CurrentAssets
3272851,S10056YX,jppfs_cor:OtherIA,その他、無形固定資産,decrease_10,jppfs_cor:IntangibleAssets
3272852,S10056YX,jppfs_cor:LeaseObligationsNCL,リース債務、固定負債,decrease_10,jppfs_cor:NoncurrentLiabilities
3272853,S10056YX,jppfs_cor:SalesOnOtherBusinessRevOA,その他の事業売上高、営業活動による収益,increase_20,jppfs_cor:NetSales
3272854,S10056YX,jppfs_cor:InvestmentSecurities,投資有価証券,increase_20,jppfs_cor:InvestmentsAndOtherAssets
3272855,S10056YX,jppfs_cor:ExtraordinaryIncome,特別利益,increase_20,jppfs_cor:IncomeBeforeIncomeTaxes
3272856,S10056YX,jppfs_cor:RawMaterialsAndSuppliesCNS,材料貯蔵品、建設業,decrease_10,jppfs_cor:CurrentAssets
3272857,S10056YX,jppfs_cor:ConvertibleBondTypeBondsWithSubscriptionRightsToShares,転換社債型新株予約権付社債,new,jppfs_cor:NoncurrentLiabilities
3272858,S10056YX,jppfs_cor:CurrentLiabilities,流動負債,increase_10,jppfs_cor:Liabilities
3272859,S10056YX,jppfs_cor:OtherCL,その他、流動負債,increase_10,jppfs_cor:CurrentLiabilities
3272860,S10056YX,jppfs_cor:InterestIncomeNOI,受取利息、営業外収益,increase_10,jppfs_cor:NonOperatingIncome
3272861,S10056YX,jppfs_cor:NotesReceivableAccountsReceivableFromCompletedConstructionContractsAndOtherCNS,受取手形・完成工事未収入金等、建設業,increase_10,jppfs_cor:CurrentAssets
3272862,S10056YX,jppfs_cor:InterestExpensesNOE,支払利息、営業外費用,stable,jppfs_cor:NonOperatingExpenses
3272863,S10056YX,jppfs_cor:CapitalStock,資本金,stable,jppfs_cor:ShareholdersEquity
3272864,S10056YX,jppfs_cor:ValuationDifferenceOnAvailableForSaleSecurities,その他有価証券評価差額金,increase_20,jppfs_cor:ValuationAndTranslationAdjustments
3272865,S10056YX,jppfs_cor:NoncurrentLiabilities,固定負債,increase_20,jppfs_cor:Liabilities
3272866,S10056YX,jppfs_cor:SellingGeneralAndAdministrativeExpenses,販売費及び一般管理費,increase_10,jppfs_cor:OperatingIncome
3272867,S10056YX,jppfs_cor:ForeignCurrencyTranslationAdjustment,為替換算調整勘定,new,jppfs_cor:ValuationAndTranslationAdjustments
3272868,S10056YX,jppfs_cor:NonOperatingIncome,営業外収益,decrease_10,jppfs_cor:OrdinaryIncome
3272869,S10056YX,jppfs_cor:NoncurrentAssets,固定資産,increase_10,jppfs_cor:Assets
3272870,S10056YX,jppfs_cor:CostsOnUncompletedConstructionContractsCNS,未成工事支出金、建設業,decrease_10,jppfs_cor:CurrentAssets
3272871,S10056YX,jppfs_cor:IncomeBeforeMinorityInterests,少数株主損益調整前当期純利益又は少数株主損益調整前当期純損失（△）,new,jppfs_cor:NetIncome
3272872,S10056YX,jppfs_cor:OtherNOI,その他、営業外収益,increase_10,jppfs_cor:NonOperatingIncome
3272873,S10056YX,jppfs_cor:InvestmentsAndOtherAssets,投資その他の資産,increase_10,jppfs_cor:NoncurrentAssets
3272874,S10056YX,jppfs_cor:OtherNOE,その他、営業外費用,new,jppfs_cor:NonOperatingExpenses
3272875,S10056YX,jppfs_cor:CapitalSurplus,資本剰余金,stable,jppfs_cor:ShareholdersEquity
3272876,S10056YX,jppfs_cor:NotesPayableAccountsPayableForConstructionContractsAndOtherCNS,支払手形・工事未払金等、建設業,stable,jppfs_cor:CurrentLiabilities
3272877,S10056YX,jppfs_cor:DeferredTaxAssetsIOA,繰延税金資産、投資その他の資産,decrease_20,jppfs_cor:InvestmentsAndOtherAssets
3272878,S10056YX,jppfs_cor:ConstructionInProgress,建設仮勘定,increase_20,jppfs_cor:PropertyPlantAndEquipment
3272879,S10056YX,jppfs_cor:CurrentAssets,流動資産,increase_10,jppfs_cor:Assets
3272880,S10056YX,jppfs_cor:LossOnValuationOfInvestmentSecuritiesEL,投資有価証券評価損、特別損失,decrease_20,jppfs_cor:ExtraordinaryLoss
3272881,S10056YX,jppfs_cor:GrossProfit,売上総利益又は売上総損失（△）,increase_20,jppfs_cor:OperatingIncome
3272882,S10056YX,jppfs_cor:CostOfSales,売上原価,increase_10,jppfs_cor:GrossProfit
3272883,S10056YX,jppfs_cor:LongTermLoansPayable,長期借入金,stable,jppfs_cor:NoncurrentLiabilities
3272884,S10056YX,jppfs_cor:NetDefinedBenefitLiability,退職給付に係る負債,increase_10,jppfs_cor:NoncurrentLiabilities
3272885,S10056YX,jppfs_cor:GainOnSalesOfInvestmentSecuritiesEI,投資有価証券売却益、特別利益,decrease_10,jppfs_cor:ExtraordinaryIncome
3272886,S10056YX,jppfs_cor:IncomeTaxes,法人税等,increase_20,jppfs_cor:IncomeBeforeMinorityInterests
3272887,S10056YX,jppfs_cor:NetSales,売上高,increase_10,jppfs_cor:GrossProfit
3272888,S10056YX,jppfs_cor:AllowanceForDoubtfulAccountsIOAByGroup,貸倒引当金、投資その他の資産、一括控除,decrease_10,jppfs_cor:InvestmentsAndOtherAssets
3272889,S10056YX,jppfs_cor:ProvisionForDirectorsRetirementBenefits,役員退職慰労引当金,increase_20,jppfs_cor:NoncurrentLiabilities
3272890,S10056YX,jppfs_cor:NetDefinedBenefitAsset,退職給付に係る資産,increase_20,jppfs_cor:InvestmentsAndOtherAssets
3272891,S10056YX,jppfs_cor:LongTermLoansReceivable,長期貸付金,stable,jppfs_cor:InvestmentsAndOtherAssets
3272892,S10056YX,jppfs_cor:OtherIOA,その他、投資その他の資産,stable,jppfs_cor:InvestmentsAndOtherAssets
3272893,S10056YX,jppfs_cor:AdvancesReceivedOnUncompletedConstructionContractsCNS,未成工事受入金、建設業,increase_10,jppfs_cor:CurrentLiabilities
3272894,S10056YX,jppfs_cor:NonOperatingExpenses,営業外費用,increase_10,jppfs_cor:OrdinaryIncome
3272895,S10056YX,jppfs_cor:IncomeTaxesPayable,未払法人税等,new,jppfs_cor:CurrentLiabilities
3272896,S10056YX,jppfs_cor:MachineryVehiclesToolsFurnitureAndFixtures,機械、運搬具及び工具器具備品,increase_10,jppfs_cor:PropertyPlantAndEquipment
3272897,S10056YX,jppfs_cor:OtherNCL,その他、固定負債,increase_10,jppfs_cor:NoncurrentLiabilities
3272898,S10056YX,jppfs_cor:GrossProfitOnCompletedConstructionContractsCNS,完成工事総利益又は完成工事総損失（△）、建設業,increase_20,jppfs_cor:GrossProfit
3305433,S100559G,jppfs_cor:WorkInProcess,仕掛品,increase_10,jppfs_cor:CurrentAssets
3305434,S100559G,jppfs_cor:ProvisionForBonuses,賞与引当金,stable,jppfs_cor:CurrentLiabilities
3305435,S100559G,jppfs_cor:ExtraordinaryLoss,特別損失,new,jppfs_cor:IncomeBeforeIncomeTaxes
3305436,S100559G,jppfs_cor:Software,ソフトウエア,decrease_10,jppfs_cor:IntangibleAssets
3305437,S100559G,jppfs_cor:GrossProfit,売上総利益又は売上総損失（△）,increase_10,jppfs_cor:OperatingIncome
3305438,S100559G,jppfs_cor:NetDefinedBenefitLiability,退職給付に係る負債,decrease_20,jppfs_cor:NoncurrentLiabilities
3305439,S100559G,jppfs_cor:AccumulatedDepreciationAndImpairmentLossMachineryEquipmentAndVehicles,減価償却累計額及び減損損失累計額、機械装置及び運搬具,stable,jppfs_cor:MachineryEquipmentAndVehiclesNet
3305440,S100559G,jppfs_cor:RetainedEarnings,利益剰余金,increase_10,jppfs_cor:ShareholdersEquity
3305441,S100559G,jppfs_cor:CapitalSurplus,資本剰余金,stable,jppfs_cor:ShareholdersEquity
3305442,S100559G,jppfs_cor:AccumulatedDepreciationAndImpairmentLossToolsFurnitureAndFixtures,減価償却累計額及び減損損失累計額、工具、器具及び備品,increase_10,jppfs_cor:ToolsFurnitureAndFixturesNet
3305443,S100559G,jppfs_cor:ProvisionForEnvironmentalMeasuresCL,環境対策引当金、流動負債,new,jppfs_cor:CurrentLiabilities
3305444,S100559G,jppfs_cor:Goodwill,のれん,decrease_20,jppfs_cor:IntangibleAssets
3305445,S100559G,jppfs_cor:AllowanceForDoubtfulAccountsIOAByGroup,貸倒引当金、投資その他の資産、一括控除,decrease_20,jppfs_cor:InvestmentsAndOtherAssets
3305446,S100559G,jpcrp030000-asr_E00759-000:ProductCompensationExpenseEL,製品補償費用,new,jppfs_cor:ExtraordinaryLoss
3305447,S100559G,jppfs_cor:MachineryEquipmentAndVehicles,機械装置及び運搬具,stable,jppfs_cor:MachineryEquipmentAndVehiclesNet
3305448,S100559G,jppfs_cor:IncomeTaxesPayable,未払法人税等,increase_10,jppfs_cor:CurrentLiabilities
3305449,S100559G,jppfs_cor:NotesAndAccountsPayableTrade,支払手形及び買掛金,decrease_10,jppfs_cor:CurrentLiabilities
3305450,S100559G,jppfs_cor:OtherIOA,その他、投資その他の資産,increase_10,jppfs_cor:InvestmentsAndOtherAssets
3305451,S100559G,jppfs_cor:NotesAndAccountsReceivableTrade,受取手形及び売掛金,increase_10,jppfs_cor:CurrentAssets
3305452,S100559G,jpcrp030000-asr_E00759-000:PlantStopLossNOE,休止損,decrease_20,jppfs_cor:NonOperatingExpenses
3305453,S100559G,jppfs_cor:NetSales,売上高,stable,jppfs_cor:GrossProfit
3305454,S100559G,jppfs_cor:LeaseAssetsPPE,リース資産、有形固定資産,decrease_10,jppfs_cor:LeaseAssetsNetPPE
3305455,S100559G,jppfs_cor:IncomeTaxes,法人税等,stable,jppfs_cor:IncomeBeforeMinorityInterests
3305456,S100559G,jppfs_cor:NetDefinedBenefitAsset,退職給付に係る資産,increase_20,jppfs_cor:InvestmentsAndOtherAssets
3305457,S100559G,jppfs_cor:MerchandiseAndFinishedGoods,商品及び製品,increase_10,jppfs_cor:CurrentAssets
3305458,S100559G,jppfs_cor:InterestExpensesNOE,支払利息、営業外費用,decrease_20,jppfs_cor:NonOperatingExpenses
3305459,S100559G,jppfs_cor:OperatingIncome,営業利益又は営業損失（△）,increase_10,jppfs_cor:OrdinaryIncome
3305460,S100559G,jppfs_cor:RemeasurementsOfDefinedBenefitPlans,退職給付に係る調整累計額,increase_20,jppfs_cor:ValuationAndTranslationAdjustments
3305461,S100559G,jppfs_cor:InvestmentSecurities,投資有価証券,increase_10,jppfs_cor:InvestmentsAndOtherAssets
3305462,S100559G,jppfs_cor:EquityInEarningsOfAffiliatesNOI,持分法による投資利益、営業外収益,increase_10,jppfs_cor:NonOperatingIncome
3305463,S100559G,jppfs_cor:IntangibleAssets,無形固定資産,decrease_20,jppfs_cor:NoncurrentAssets
3305464,S100559G,jppfs_cor:ConstructionInProgress,建設仮勘定,decrease_20,jppfs_cor:PropertyPlantAndEquipment
3305465,S100559G,jppfs_cor:CapitalStock,資本金,stable,jppfs_cor:ShareholdersEquity
3305466,S100559G,jppfs_cor:ValuationDifferenceOnAvailableForSaleSecurities,その他有価証券評価差額金,increase_20,jppfs_cor:ValuationAndTranslationAdjustments
3305467,S100559G,jppfs_cor:NetIncome,当期純利益又は当期純損失（△）（平成26年3月28日財規等改正前）,increase_10,jppfs_cor:IncomeBeforeMinorityInterestsCI
3305468,S100559G,jppfs_cor:ForeignExchangeGainsNOI,為替差益、営業外収益,increase_10,jppfs_cor:NonOperatingIncome
3305469,S100559G,jpcrp030000-asr_E00759-000:EnvironmentalExpensesNOE,環境対策費,new,jppfs_cor:NonOperatingExpenses
3305470,S100559G,jppfs_cor:LossOnDisposalOfNoncurrentAssetsNOE,固定資産処分損、営業外費用,increase_10,jppfs_cor:NonOperatingExpenses
3305471,S100559G,jppfs_cor:SellingGeneralAndAdministrativeExpenses,販売費及び一般管理費,stable,jppfs_cor:OperatingIncome
3305472,S100559G,jppfs_cor:ShortTermLoansReceivable,短期貸付金,increase_10,jppfs_cor:CurrentAssets
3305473,S100559G,jppfs_cor:BusinessStructureImprovementExpensesEL,事業構造改善費用、特別損失,new,jppfs_cor:ExtraordinaryLoss
3305474,S100559G,jppfs_cor:ValuationAndTranslationAdjustments,評価・換算差額等,increase_20,jppfs_cor:NetAssets
3305475,S100559G,jppfs_cor:NonOperatingIncome,営業外収益,stable,jppfs_cor:OrdinaryIncome
3305476,S100559G,jppfs_cor:OtherNCL,その他、固定負債,stable,jppfs_cor:NoncurrentLiabilities
3305477,S100559G,jppfs_cor:OrdinaryIncome,経常利益又は経常損失（△）,increase_10,jppfs_cor:IncomeBeforeIncomeTaxes
3305478,S100559G,jppfs_cor:OtherCL,その他、流動負債,increase_10,jppfs_cor:CurrentLiabilities
3305479,S100559G,jppfs_cor:OtherCA,その他、流動資産,increase_20,jppfs_cor:CurrentAssets
3305480,S100559G,jppfs_cor:AllowanceForDoubtfulAccountsCA,貸倒引当金、流動資産、一括控除,increase_20,jppfs_cor:CurrentAssets
3305481,S100559G,jppfs_cor:IncomeTaxesCurrent,法人税、住民税及び事業税,increase_10,jppfs_cor:IncomeTaxes
3305482,S100559G,jppfs_cor:ProvisionForDirectorsBonuses,役員賞与引当金,decrease_10,jppfs_cor:CurrentLiabilities
3305483,S100559G,jppfs_cor:IncomeTaxesDeferred,法人税等調整額,new,jppfs_cor:IncomeTaxes
3305484,S100559G,jppfs_cor:OtherNOI,その他、営業外収益,decrease_20,jppfs_cor:NonOperatingIncome
3305485,S100559G,jppfs_cor:DeferredTaxAssetsIOA,繰延税金資産、投資その他の資産,decrease_10,jppfs_cor:InvestmentsAndOtherAssets
3305486,S100559G,jppfs_cor:NonOperatingExpenses,営業外費用,increase_20,jppfs_cor:OrdinaryIncome
3305487,S100559G,jppfs_cor:AccumulatedDepreciationLeaseAssetsPPE,減価償却累計額、リース資産、有形固定資産,increase_10,jppfs_cor:LeaseAssetsNetPPE
3305488,S100559G,jppfs_cor:CurrentAssets,流動資産,increase_10,jppfs_cor:Assets
3305489,S100559G,jppfs_cor:AccumulatedDepreciationAndImpairmentLossBuildingsAndStructures,減価償却累計額及び減損損失累計額、建物及び構築物,stable,jppfs_cor:BuildingsAndStructuresNet
3305490,S100559G,jppfs_cor:OtherIA,その他、無形固定資産,decrease_10,jppfs_cor:IntangibleAssets
3305491,S100559G,jppfs_cor:NoncurrentLiabilities,固定負債,increase_20,jppfs_cor:Liabilities
3305492,S100559G,jppfs_cor:NoncurrentAssets,固定資産,increase_10,jppfs_cor:Assets
3305493,S100559G,jppfs_cor:Liabilities,負債,stable,jppfs_cor:LiabilitiesAndNetAssets
3305494,S100559G,jppfs_cor:Land,土地,stable,jppfs_cor:PropertyPlantAndEquipment
3305495,S100559G,jppfs_cor:CurrentLiabilities,流動負債,decrease_10,jppfs_cor:Liabilities
3305496,S100559G,jppfs_cor:LongTermLoansPayable,長期借入金,increase_20,jppfs_cor:NoncurrentLiabilities
3305497,S100559G,jppfs_cor:ShareholdersEquity,株主資本,increase_10,jppfs_cor:NetAssets
3305498,S100559G,jppfs_cor:DeferredTaxAssetsCA,繰延税金資産、流動資産,increase_10,jppfs_cor:CurrentAssets
3305499,S100559G,jppfs_cor:DividendsIncomeNOI,受取配当金、営業外収益,stable,jppfs_cor:NonOperatingIncome
3305500,S100559G,jppfs_cor:DeferredTaxLiabilitiesNCL,繰延税金負債、固定負債,increase_20,jppfs_cor:NoncurrentLiabilities
3305501,S100559G,jppfs_cor:AccountsReceivableOther,未収入金,decrease_10,jppfs_cor:CurrentAssets
3305502,S100559G,jppfs_cor:PropertyPlantAndEquipment,有形固定資産,stable,jppfs_cor:NoncurrentAssets
3305503,S100559G,jppfs_cor:CashAndDeposits,現金及び預金,stable,jppfs_cor:CurrentAssets
3305504,S100559G,jppfs_cor:TreasuryStock,自己株式,decrease_10,jppfs_cor:ShareholdersEquity
3305505,S100559G,jppfs_cor:LongTermLoansReceivable,長期貸付金,decrease_10,jppfs_cor:InvestmentsAndOtherAssets
3305506,S100559G,jppfs_cor:ShortTermLoansPayable,短期借入金,stable,jppfs_cor:CurrentLiabilities
3305507,S100559G,jppfs_cor:OtherNOE,その他、営業外費用,increase_20,jppfs_cor:NonOperatingExpenses
3305508,S100559G,jppfs_cor:CostOfSales,売上原価,stable,jppfs_cor:GrossProfit
3305509,S100559G,jppfs_cor:CurrentPortionOfLongTermLoansPayable,1年内返済予定の長期借入金,decrease_20,jppfs_cor:CurrentLiabilities
3305510,S100559G,jppfs_cor:InvestmentsAndOtherAssets,投資その他の資産,increase_10,jppfs_cor:NoncurrentAssets
3305511,S100559G,jppfs_cor:RawMaterialsAndSupplies,原材料及び貯蔵品,increase_20,jppfs_cor:CurrentAssets
3305512,S100559G,jppfs_cor:InterestIncomeNOI,受取利息、営業外収益,stable,jppfs_cor:NonOperatingIncome
3305513,S100559G,jppfs_cor:ToolsFurnitureAndFixtures,工具、器具及び備品,increase_10,jppfs_cor:ToolsFurnitureAndFixturesNet
3305514,S100559G,jppfs_cor:ForeignCurrencyTranslationAdjustment,為替換算調整勘定,new,jppfs_cor:ValuationAndTranslationAdjustments
3305515,S100559G,jppfs_cor:IncomeBeforeIncomeTaxes,税引前当期純利益又は税引前当期純損失（△）,increase_10,jppfs_cor:IncomeBeforeMinorityInterests
3305516,S100559G,jppfs_cor:MinorityInterestsInIncome,少数株主利益又は少数株主損失（△）,stable,jppfs_cor:NetIncome
3305517,S100559G,jppfs_cor:ProvisionForBusinessStructureImprovementNCL,事業構造改善引当金、固定負債,new,jppfs_cor:NoncurrentLiabilities
3305518,S100559G,jppfs_cor:BuildingsAndStructures,建物及び構築物,increase_10,jppfs_cor:BuildingsAndStructuresNet
3305519,S100559G,jppfs_cor:IncomeBeforeMinorityInterests,少数株主損益調整前当期純利益又は少数株主損益調整前当期純損失（△）,increase_10,jppfs_cor:NetIncome
3377891,S10050RZ,jppfs_cor:LeaseAssetsIA,リース資産、無形固定資産,new,jppfs_cor:IntangibleAssets
3377892,S10050RZ,jppfs_cor:MachineryEquipmentAndVehicles,機械装置及び運搬具,stable,jppfs_cor:MachineryEquipmentAndVehiclesNet
3377893,S10050RZ,jppfs_cor:ShareholdersEquity,株主資本,stable,jppfs_cor:NetAssets
3377894,S10050RZ,jppfs_cor:ProvisionForBonuses,賞与引当金,stable,jppfs_cor:CurrentLiabilities
3377895,S10050RZ,jppfs_cor:AllowanceForDoubtfulAccountsCA,貸倒引当金、流動資産、一括控除,decrease_10,jppfs_cor:CurrentAssets
3377896,S10050RZ,jppfs_cor:CapitalSurplus,資本剰余金,stable,jppfs_cor:ShareholdersEquity
3377897,S10050RZ,jppfs_cor:NonOperatingExpenses,営業外費用,new,jppfs_cor:OrdinaryIncome
3377898,S10050RZ,jppfs_cor:RetainedEarnings,利益剰余金,increase_10,jppfs_cor:ShareholdersEquity
3377899,S10050RZ,jppfs_cor:DeferredTaxAssetsCA,繰延税金資産、流動資産,stable,jppfs_cor:CurrentAssets
3377900,S10050RZ,jppfs_cor:DeferredTaxLiabilitiesNCL,繰延税金負債、固定負債,increase_20,jppfs_cor:NoncurrentLiabilities
3377901,S10050RZ,jppfs_cor:NonOperatingIncome,営業外収益,increase_20,jppfs_cor:OrdinaryIncome
3377902,S10050RZ,jppfs_cor:AssetRetirementObligationsNCL,資産除去債務、固定負債,stable,jppfs_cor:NoncurrentLiabilities
3377903,S10050RZ,jppfs_cor:LeaseAssetsPPE,リース資産、有形固定資産,new,jppfs_cor:LeaseAssetsNetPPE
3377904,S10050RZ,jppfs_cor:ShortTermLoansPayable,短期借入金,decrease_10,jppfs_cor:CurrentLiabilities
3377905,S10050RZ,jppfs_cor:AccumulatedDepreciationBuildingsAndStructures,減価償却累計額、建物及び構築物,stable,jppfs_cor:BuildingsAndStructuresNet
3377906,S10050RZ,jppfs_cor:ProvisionForDirectorsRetirementBenefits,役員退職慰労引当金,increase_10,jppfs_cor:NoncurrentLiabilities
3377907,S10050RZ,jppfs_cor:RawMaterialsAndSupplies,原材料及び貯蔵品,increase_10,jppfs_cor:CurrentAssets
3377908,S10050RZ,jppfs_cor:IncomeBeforeMinorityInterests,少数株主損益調整前当期純利益又は少数株主損益調整前当期純損失（△）,increase_20,jppfs_cor:NetIncome
3377909,S10050RZ,jppfs_cor:LossOnSalesOfNotesPayableNOE,手形売却損、営業外費用,decrease_10,jppfs_cor:NonOperatingExpenses
3377910,S10050RZ,jppfs_cor:AccountsPayableOther,未払金,increase_20,jppfs_cor:CurrentLiabilities
3377911,S10050RZ,jppfs_cor:ExtraordinaryIncome,特別利益,new,jppfs_cor:IncomeBeforeIncomeTaxes
3377912,S10050RZ,jppfs_cor:IntangibleAssets,無形固定資産,decrease_10,jppfs_cor:NoncurrentAssets
3377913,S10050RZ,jpcrp030000-asr_E01191-000:WastingAssetsPPE,原料地,stable,jpcrp030000-asr_E01191-000:WastingAssetsNet
3377914,S10050RZ,jppfs_cor:ValuationDifferenceOnAvailableForSaleSecurities,その他有価証券評価差額金,increase_20,jppfs_cor:ValuationAndTranslationAdjustments
3377915,S10050RZ,jppfs_cor:NotesAndAccountsPayableTrade,支払手形及び買掛金,increase_20,jppfs_cor:CurrentLiabilities
3377916,S10050RZ,jppfs_cor:DividendsIncomeNOI,受取配当金、営業外収益,stable,jppfs_cor:NonOperatingIncome
3377917,S10050RZ,jppfs_cor:OtherIOA,その他、投資その他の資産,stable,jppfs_cor:InvestmentsAndOtherAssets
3377918,S10050RZ,jppfs_cor:OperatingIncome,営業利益又は営業損失（△）,increase_20,jppfs_cor:OrdinaryIncome
3377919,S10050RZ,jppfs_cor:OrdinaryIncome,経常利益又は経常損失（△）,increase_20,jppfs_cor:IncomeBeforeIncomeTaxes
3377920,S10050RZ,jppfs_cor:ExtraordinaryLoss,特別損失,decrease_20,jppfs_cor:IncomeBeforeIncomeTaxes
3377921,S10050RZ,jppfs_cor:InvestmentsAndOtherAssets,投資その他の資産,stable,jppfs_cor:NoncurrentAssets
3377922,S10050RZ,jppfs_cor:AccumulatedDepreciationToolsFurnitureAndFixtures,減価償却累計額、工具、器具及び備品,stable,jppfs_cor:ToolsFurnitureAndFixturesNet
3377923,S10050RZ,jppfs_cor:PropertyPlantAndEquipment,有形固定資産,stable,jppfs_cor:NoncurrentAssets
3377924,S10050RZ,jppfs_cor:ConstructionInProgress,建設仮勘定,increase_20,jppfs_cor:PropertyPlantAndEquipment
3377925,S10050RZ,jppfs_cor:AllowanceForDoubtfulAccountsIOAByGroup,貸倒引当金、投資その他の資産、一括控除,increase_20,jppfs_cor:InvestmentsAndOtherAssets
3377926,S10050RZ,jppfs_cor:IncomeBeforeIncomeTaxes,税引前当期純利益又は税引前当期純損失（△）,increase_20,jppfs_cor:IncomeBeforeMinorityInterests
3377927,S10050RZ,jppfs_cor:NetDefinedBenefitLiability,退職給付に係る負債,increase_20,jppfs_cor:NoncurrentLiabilities
3377928,S10050RZ,jppfs_cor:CashAndDeposits,現金及び預金,increase_20,jppfs_cor:CurrentAssets
3377929,S10050RZ,jppfs_cor:LongTermLoansReceivable,長期貸付金,decrease_20,jppfs_cor:InvestmentsAndOtherAssets
3377930,S10050RZ,jppfs_cor:LongTermLoansPayable,長期借入金,decrease_10,jppfs_cor:NoncurrentLiabilities
3377931,S10050RZ,jppfs_cor:NoncurrentLiabilities,固定負債,increase_10,jppfs_cor:Liabilities
3377932,S10050RZ,jppfs_cor:CurrentPortionOfLongTermLoansPayable,1年内返済予定の長期借入金,decrease_10,jppfs_cor:CurrentLiabilities
3377933,S10050RZ,jppfs_cor:AccumulatedDepreciationMachineryEquipmentAndVehicles,減価償却累計額、機械装置及び運搬具,stable,jppfs_cor:MachineryEquipmentAndVehiclesNet
3377934,S10050RZ,jppfs_cor:CostOfSales,売上原価,increase_20,jppfs_cor:GrossProfit
3377935,S10050RZ,jppfs_cor:CurrentAssets,流動資産,increase_20,jppfs_cor:Assets
3377936,S10050RZ,jppfs_cor:SellingGeneralAndAdministrativeExpenses,販売費及び一般管理費,increase_10,jppfs_cor:OperatingIncome
3377937,S10050RZ,jppfs_cor:IncomeTaxesCurrent,法人税、住民税及び事業税,increase_20,jppfs_cor:IncomeTaxes
3377938,S10050RZ,jppfs_cor:IncomeTaxes,法人税等,increase_20,jppfs_cor:IncomeBeforeMinorityInterests
3377939,S10050RZ,jppfs_cor:NotesAndAccountsReceivableTrade,受取手形及び売掛金,increase_20,jppfs_cor:CurrentAssets
3377940,S10050RZ,jppfs_cor:RemeasurementsOfDefinedBenefitPlans,退職給付に係る調整累計額,new,jppfs_cor:ValuationAndTranslationAdjustments
3377941,S10050RZ,jppfs_cor:NetSales,売上高,increase_20,jppfs_cor:GrossProfit
3377942,S10050RZ,jppfs_cor:Land,土地,stable,jppfs_cor:PropertyPlantAndEquipment
3377943,S10050RZ,jppfs_cor:CompensationForDamageEL,損害賠償金、特別損失,new,jppfs_cor:NonOperatingExpenses
3377944,S10050RZ,jppfs_cor:WorkInProcess,仕掛品,increase_10,jppfs_cor:CurrentAssets
3377945,S10050RZ,jpcrp030000-asr_E01191-000:AccumulatedDepreciationWastingAssets,減価償却累計額,stable,jpcrp030000-asr_E01191-000:WastingAssetsNet
3377946,S10050RZ,jppfs_cor:OtherNCL,その他、固定負債,new,jppfs_cor:NoncurrentLiabilities
3377947,S10050RZ,jppfs_cor:OtherNOE,その他、営業外費用,new,jppfs_cor:NonOperatingExpenses
3377948,S10050RZ,jppfs_cor:InterestExpensesNOE,支払利息、営業外費用,decrease_10,jppfs_cor:NonOperatingExpenses
3377949,S10050RZ,jppfs_cor:Liabilities,負債,increase_10,jppfs_cor:LiabilitiesAndNetAssets
3377950,S10050RZ,jppfs_cor:GainOnSalesOfNoncurrentAssetsEI,固定資産売却益、特別利益,new,jppfs_cor:ExtraordinaryIncome
3377951,S10050RZ,jppfs_cor:ToolsFurnitureAndFixtures,工具、器具及び備品,stable,jppfs_cor:ToolsFurnitureAndFixturesNet
3377952,S10050RZ,jppfs_cor:NotesPayableFacilities,設備関係支払手形,increase_20,jppfs_cor:CurrentLiabilities
3377953,S10050RZ,jppfs_cor:ProvisionOfAllowanceForDoubtfulAccountsNOE,貸倒引当金繰入額、営業外費用,new,jppfs_cor:NonOperatingExpenses
3377954,S10050RZ,jppfs_cor:OtherCL,その他、流動負債,decrease_10,jppfs_cor:CurrentLiabilities
3377955,S10050RZ,jppfs_cor:ProvisionForDirectorsBonuses,役員賞与引当金,increase_20,jppfs_cor:CurrentLiabilities
3377956,S10050RZ,jppfs_cor:MerchandiseAndFinishedGoods,商品及び製品,increase_10,jppfs_cor:CurrentAssets
3377957,S10050RZ,jppfs_cor:OtherNOI,その他、営業外収益,increase_20,jppfs_cor:NonOperatingIncome
3377958,S10050RZ,jppfs_cor:OtherCA,その他、流動資産,stable,jppfs_cor:CurrentAssets
3377959,S10050RZ,jppfs_cor:ValuationAndTranslationAdjustments,評価・換算差額等,increase_20,jppfs_cor:NetAssets
3377960,S10050RZ,jppfs_cor:MinorityInterestsInIncome,少数株主利益又は少数株主損失（△）,decrease_20,jppfs_cor:NetIncome
3377961,S10050RZ,jppfs_cor:IncomeTaxesPayable,未払法人税等,increase_20,jppfs_cor:CurrentLiabilities
3377962,S10050RZ,jppfs_cor:CurrentLiabilities,流動負債,increase_20,jppfs_cor:Liabilities
3377963,S10050RZ,jppfs_cor:Goodwill,のれん,decrease_20,jppfs_cor:IntangibleAssets
3377964,S10050RZ,jppfs_cor:AccumulatedDepreciationLeaseAssetsPPE,減価償却累計額、リース資産、有形固定資産,decrease_20,jppfs_cor:LeaseAssetsNetPPE
3377965,S10050RZ,jppfs_cor:NetIncome,当期純利益又は当期純損失（△）（平成26年3月28日財規等改正前）,increase_20,jppfs_cor:IncomeBeforeMinorityInterestsCI
3377966,S10050RZ,jppfs_cor:CapitalStock,資本金,stable,jppfs_cor:ShareholdersEquity
3377967,S10050RZ,jppfs_cor:NoncurrentAssets,固定資産,stable,jppfs_cor:Assets
3377968,S10050RZ,jppfs_cor:TreasuryStock,自己株式,increase_10,jppfs_cor:ShareholdersEquity
3377969,S10050RZ,jppfs_cor:BuildingsAndStructures,建物及び構築物,stable,jppfs_cor:BuildingsAndStructuresNet
3377970,S10050RZ,jppfs_cor:OtherIA,その他、無形固定資産,stable,jppfs_cor:IntangibleAssets
3377971,S10050RZ,jppfs_cor:InvestmentSecurities,投資有価証券,increase_10,jppfs_cor:InvestmentsAndOtherAssets
3377972,S10050RZ,jppfs_cor:AccruedExpenses,未払費用,stable,jppfs_cor:CurrentLiabilities
3377973,S10050RZ,jppfs_cor:LeaseObligationsCL,リース債務、流動負債,new,jppfs_cor:CurrentLiabilities
3377974,S10050RZ,jppfs_cor:GrossProfit,売上総利益又は売上総損失（△）,increase_20,jppfs_cor:OperatingIncome
3377975,S10050RZ,jppfs_cor:EquityInEarningsOfAffiliatesNOI,持分法による投資利益、営業外収益,decrease_20,jppfs_cor:NonOperatingIncome
3377976,S10050RZ,jppfs_cor:IncomeTaxesDeferred,法人税等調整額,decrease_20,jppfs_cor:IncomeTaxes
3377977,S10050RZ,jppfs_cor:LossOnRetirementOfNoncurrentAssetsEL,固定資産除却損、特別損失,new,jppfs_cor:ExtraordinaryLoss
3377978,S10050RZ,jppfs_cor:ReversalOfAllowanceForDoubtfulAccountsNOI,貸倒引当金戻入額、営業外収益,new,jppfs_cor:NonOperatingIncome
3377979,S10050RZ,jppfs_cor:ForeignExchangeGainsNOI,為替差益、営業外収益,increase_20,jppfs_cor:NonOperatingIncome
3377980,S10050RZ,jppfs_cor:ShortTermLoansReceivable,短期貸付金,decrease_20,jppfs_cor:CurrentAssets
3377981,S10050RZ,jppfs_cor:InterestIncomeNOI,受取利息、営業外収益,decrease_20,jppfs_cor:NonOperatingIncome
3406912,S1004YG8,jppfs_cor:OrdinaryIncome,経常利益又は経常損失（△）,stable,jppfs_cor:IncomeBeforeIncomeTaxes
3406913,S1004YG8,jppfs_cor:OtherOrdinaryIncomeOIBNK,その他業務収益、経常収益、銀行業,decrease_20,jppfs_cor:OrdinaryIncomeBNK
3406914,S1004YG8,jppfs_cor:InterestAndDividendsOnSecuritiesOIBNK,有価証券利息配当金、経常収益、銀行業,increase_20,jppfs_cor:InterestIncomeOIBNK
3406915,S1004YG8,jppfs_cor:ProvisionForReimbursementOfDepositsLiabilitiesBNK,睡眠預金払戻損失引当金、負債の部、銀行業,stable,jppfs_cor:Liabilities
3406916,S1004YG8,jppfs_cor:CallMoneyAndBillsSoldLiabilitiesBNK,コールマネー及び売渡手形、負債の部、銀行業,increase_10,jppfs_cor:Liabilities
3406917,S1004YG8,jppfs_cor:DeferredTaxLiabilitiesLiabilitiesBNK,繰延税金負債、負債の部、銀行業,new,jppfs_cor:Liabilities
3406918,S1004YG8,jppfs_cor:FeesAndCommissionsOIBNK,役務取引等収益、経常収益、銀行業,stable,jppfs_cor:OrdinaryIncomeBNK
3406919,S1004YG8,jppfs_cor:FeesAndCommissionsPaymentsOEBNK,役務取引等費用、経常費用、銀行業,stable,jppfs_cor:OrdinaryExpensesBNK
3406920,S1004YG8,jppfs_cor:ProvisionForContingentLossLiabilitiesBNK,偶発損失引当金、負債の部、銀行業,decrease_10,jppfs_cor:Liabilities
3406921,S1004YG8,jppfs_cor:PayablesUnderSecuritiesLendingTransactionsLiabilitiesBNK,債券貸借取引受入担保金、負債の部、銀行業,new,jppfs_cor:Liabilities
3406922,S1004YG8,jppfs_cor:ImpairmentLossEL,減損損失、特別損失,increase_20,jppfs_cor:ExtraordinaryLoss
3406923,S1004YG8,jppfs_cor:OtherIA,その他、無形固定資産,stable,jppfs_cor:IntangibleAssets
3406924,S1004YG8,jppfs_cor:OrdinaryIncomeBNK,経常収益、銀行業,stable,jppfs_cor:OrdinaryIncome
3406925,S1004YG8,jppfs_cor:OrdinaryExpensesBNK,経常費用、銀行業,stable,jppfs_cor:OrdinaryIncome
3406926,S1004YG8,jppfs_cor:OtherOrdinaryExpensesOEBNK,その他業務費用、経常費用、銀行業,decrease_20,jppfs_cor:OrdinaryExpensesBNK
3406927,S1004YG8,jppfs_cor:InterestOnDepositsOEBNK,預金利息、経常費用、銀行業,stable,jppfs_cor:InterestExpensesOEBNK
3406928,S1004YG8,jppfs_cor:NetIncome,当期純利益又は当期純損失（△）（平成26年3月28日財規等改正前）,increase_20,jppfs_cor:IncomeBeforeMinorityInterestsCI
3406929,S1004YG8,jppfs_cor:OtherIncomeOIBNK,その他経常収益、経常収益、銀行業,decrease_10,jppfs_cor:OrdinaryIncomeBNK
3406930,S1004YG8,jppfs_cor:IncomeBeforeIncomeTaxes,税引前当期純利益又は税引前当期純損失（△）,stable,jppfs_cor:IncomeBeforeMinorityInterests
3406931,S1004YG8,jppfs_cor:InterestOnDepositsWithBanksOIBNK,預け金利息、経常収益、銀行業,decrease_20,jppfs_cor:InterestIncomeOIBNK
3406932,S1004YG8,jppfs_cor:BorrowedMoneyLiabilitiesBNK,借用金、負債の部、銀行業,stable,jppfs_cor:Liabilities
3406933,S1004YG8,jppfs_cor:IncomeBeforeMinorityInterests,少数株主損益調整前当期純利益又は少数株主損益調整前当期純損失（△）,increase_20,jppfs_cor:NetIncome
3406934,S1004YG8,jppfs_cor:OtherExpensesOEBNK,その他経常費用、経常費用、銀行業,decrease_10,jppfs_cor:OrdinaryExpensesBNK
3406935,S1004YG8,jppfs_cor:InterestOnCallLoansAndBillsBoughtOIBNK,コールローン利息及び買入手形利息、経常収益、銀行業,decrease_20,jppfs_cor:InterestIncomeOIBNK
3406936,S1004YG8,jppfs_cor:OtherLiabilitiesLiabilitiesBNK,その他負債、負債の部、銀行業,new,jppfs_cor:Liabilities
3406937,S1004YG8,jppfs_cor:GeneralAndAdministrativeExpensesOEBNK,営業経費、経常費用、銀行業,stable,jppfs_cor:OrdinaryExpensesBNK
3406938,S1004YG8,jppfs_cor:InterestOnCallMoneyAndBillsSoldOEBNK,コールマネー利息及び売渡手形利息、経常費用、銀行業,new,jppfs_cor:InterestExpensesOEBNK
3406939,S1004YG8,jppfs_cor:InterestOnBorrowingsAndRediscountsOEBNK,借用金利息、経常費用、銀行業,increase_20,jppfs_cor:InterestExpensesOEBNK
3406940,S1004YG8,jppfs_cor:Software,ソフトウエア,increase_20,jppfs_cor:IntangibleAssets
3406941,S1004YG8,jppfs_cor:IncomeTaxesCurrent,法人税、住民税及び事業税,decrease_20,jppfs_cor:IncomeTaxes
3406942,S1004YG8,jppfs_cor:LossOnDisposalOfNoncurrentAssetsEL,固定資産処分損、特別損失,increase_20,jppfs_cor:ExtraordinaryLoss
3406943,S1004YG8,jppfs_cor:NegotiableCertificatesOfDepositLiabilitiesBNK,譲渡性預金、負債の部、銀行業,decrease_10,jppfs_cor:Liabilities
3406944,S1004YG8,jppfs_cor:GainOnDisposalOfNoncurrentAssetsEI,固定資産処分益、特別利益,decrease_20,jppfs_cor:ExtraordinaryIncome
3406945,S1004YG8,jppfs_cor:LeaseAssetsPPE,リース資産、有形固定資産,stable,jppfs_cor:PropertyPlantAndEquipment
3406946,S1004YG8,jppfs_cor:InterestIncomeOIBNK,資金運用収益、経常収益、銀行業,stable,jppfs_cor:OrdinaryIncomeBNK
3406947,S1004YG8,jppfs_cor:ProvisionOfAllowanceForLoanLossesOEBNK,貸倒引当金繰入額、経常費用、銀行業,stable,jppfs_cor:OtherExpensesOEBNK
3406948,S1004YG8,jppfs_cor:OtherOtherIncomeOIBNK,その他の経常収益、経常収益、銀行業,decrease_10,jppfs_cor:OtherIncomeOIBNK
3406949,S1004YG8,jppfs_cor:OtherOtherExpensesOEBNK,その他の経常費用、経常費用、銀行業,decrease_20,jppfs_cor:OtherExpensesOEBNK
3406950,S1004YG8,jppfs_cor:Liabilities,負債,stable,jppfs_cor:LiabilitiesAndNetAssets
3406951,S1004YG8,jppfs_cor:Land,土地,stable,jppfs_cor:PropertyPlantAndEquipment
3406952,S1004YG8,jppfs_cor:InterestExpensesOEBNK,資金調達費用、経常費用、銀行業,stable,jppfs_cor:OrdinaryExpensesBNK
3406953,S1004YG8,jppfs_cor:OtherInterestIncomeOIBNK,その他の受入利息、経常収益、銀行業,decrease_20,jppfs_cor:InterestIncomeOIBNK
3406954,S1004YG8,jppfs_cor:IncomeTaxesDeferred,法人税等調整額,decrease_20,jppfs_cor:IncomeTaxes
3406955,S1004YG8,jppfs_cor:DeferredTaxLiabilitiesForLandRevaluation,再評価に係る繰延税金負債,decrease_10,jppfs_cor:Liabilities
3406956,S1004YG8,jppfs_cor:InterestOnPayablesUnderSecuritiesLendingTransactionsOEBNK,債券貸借取引支払利息、経常費用、銀行業,new,jppfs_cor:InterestExpensesOEBNK
3406957,S1004YG8,jppfs_cor:ExtraordinaryLoss,特別損失,increase_20,jppfs_cor:IncomeBeforeIncomeTaxes
3406958,S1004YG8,jppfs_cor:InterestOnNegotiableCertificatesOfDepositOEBNK,譲渡性預金利息、経常費用、銀行業,stable,jppfs_cor:InterestExpensesOEBNK
3406959,S1004YG8,jppfs_cor:RecoveriesOfWrittenOffClaimsOIBNK,償却債権取立益、経常収益、銀行業,increase_20,jppfs_cor:OtherIncomeOIBNK
3406960,S1004YG8,jppfs_cor:DepositsLiabilitiesBNK,預金、負債の部、銀行業,stable,jppfs_cor:Liabilities
3406961,S1004YG8,jppfs_cor:ExtraordinaryIncome,特別利益,decrease_20,jppfs_cor:IncomeBeforeIncomeTaxes
3406962,S1004YG8,jppfs_cor:IncomeTaxes,法人税等,decrease_20,jppfs_cor:IncomeBeforeMinorityInterests
3406963,S1004YG8,jppfs_cor:InterestOnLoansAndDiscountsOIBNK,貸出金利息、経常収益、銀行業,stable,jppfs_cor:InterestIncomeOIBNK
3406964,S1004YG8,jppfs_cor:ConstructionInProgress,建設仮勘定,increase_20,jppfs_cor:PropertyPlantAndEquipment
3406965,S1004YG8,jppfs_cor:AcceptancesAndGuaranteesLiabilitiesBNK,支払承諾、負債の部、銀行業,increase_10,jppfs_cor:Liabilities
3406966,S1004YG8,jppfs_cor:MinorityInterestsInIncome,少数株主利益又は少数株主損失（△）,stable,jppfs_cor:NetIncome
3466574,S1004EE8,jppfs_cor:RemeasurementsOfDefinedBenefitPlans,退職給付に係る調整累計額,new,jppfs_cor:ValuationAndTranslationAdjustments
3466575,S1004EE8,jppfs_cor:DeferredTaxLiabilitiesNCL,繰延税金負債、固定負債,increase_10,jppfs_cor:NoncurrentLiabilities
3466576,S1004EE8,jppfs_cor:CapitalStock,資本金,stable,jppfs_cor:ShareholdersEquity
3466577,S1004EE8,jppfs_cor:NonOperatingExpenses,営業外費用,decrease_10,jppfs_cor:OrdinaryIncome
3466578,S1004EE8,jppfs_cor:AccountsPayableOther,未払金,increase_20,jppfs_cor:CurrentLiabilities
3466579,S1004EE8,jppfs_cor:CurrentAssets,流動資産,increase_10,jppfs_cor:Assets
3466580,S1004EE8,jppfs_cor:ValuationDifferenceOnAvailableForSaleSecurities,その他有価証券評価差額金,decrease_20,jppfs_cor:ValuationAndTranslationAdjustments
3466581,S1004EE8,jppfs_cor:OtherNOE,その他、営業外費用,decrease_20,jppfs_cor:NonOperatingExpenses
3466582,S1004EE8,jppfs_cor:BuildingsAndStructures,建物及び構築物,increase_10,jppfs_cor:BuildingsAndStructuresNet
3466583,S1004EE8,jpcrp030000-asr_E01876-000:PatentSettlementNOE,特許関係和解金,new,jppfs_cor:NonOperatingExpenses
3466584,S1004EE8,jppfs_cor:IncomeBeforeIncomeTaxes,税引前当期純利益又は税引前当期純損失（△）,decrease_20,jppfs_cor:IncomeBeforeMinorityInterests
3466585,S1004EE8,jppfs_cor:FinishedGoods,製品,stable,jppfs_cor:CurrentAssets
3466586,S1004EE8,jppfs_cor:CapitalSurplus,資本剰余金,stable,jppfs_cor:ShareholdersEquity
3466587,S1004EE8,jppfs_cor:InterestExpensesNOE,支払利息、営業外費用,decrease_10,jppfs_cor:NonOperatingExpenses
3466588,S1004EE8,jppfs_cor:IncomeTaxesForPriorPeriodsIncomeTaxes,過年度法人税等,new,jppfs_cor:IncomeTaxes
3466589,S1004EE8,jppfs_cor:TreasuryStock,自己株式,stable,jppfs_cor:ShareholdersEquity
3466590,S1004EE8,jppfs_cor:NoncurrentAssets,固定資産,stable,jppfs_cor:Assets
3466591,S1004EE8,jppfs_cor:LossOnTransferOfReceivablesNOE,債権売却損,increase_10,jppfs_cor:NonOperatingExpenses
3466592,S1004EE8,jppfs_cor:OtherNOI,その他、営業外収益,increase_10,jppfs_cor:NonOperatingIncome
3466593,S1004EE8,jppfs_cor:SellingGeneralAndAdministrativeExpenses,販売費及び一般管理費,increase_10,jppfs_cor:OperatingIncome
3466594,S1004EE8,jppfs_cor:NoncurrentLiabilities,固定負債,decrease_10,jppfs_cor:Liabilities
3466595,S1004EE8,jppfs_cor:OtherIOA,その他、投資その他の資産,decrease_20,jppfs_cor:InvestmentsAndOtherAssets
3466596,S1004EE8,jppfs_cor:DeferredTaxAssetsCA,繰延税金資産、流動資産,stable,jppfs_cor:CurrentAssets
3466597,S1004EE8,jppfs_cor:MinorityInterestsInIncome,少数株主利益又は少数株主損失（△）,decrease_20,jppfs_cor:NetIncome
3466598,S1004EE8,jppfs_cor:ToolsFurnitureAndFixtures,工具、器具及び備品,increase_10,jppfs_cor:ToolsFurnitureAndFixturesNet
3466599,S1004EE8,jppfs_cor:ShareholdersEquity,株主資本,stable,jppfs_cor:NetAssets
3466600,S1004EE8,jppfs_cor:Liabilities,負債,increase_10,jppfs_cor:LiabilitiesAndNetAssets
3466601,S1004EE8,jppfs_cor:Land,土地,stable,jppfs_cor:PropertyPlantAndEquipment
3466602,S1004EE8,jppfs_cor:CurrentLiabilities,流動負債,increase_20,jppfs_cor:Liabilities
3466603,S1004EE8,jppfs_cor:IntangibleAssets,無形固定資産,decrease_20,jppfs_cor:NoncurrentAssets
3466604,S1004EE8,jppfs_cor:InvestmentSecurities,投資有価証券,decrease_20,jppfs_cor:InvestmentsAndOtherAssets
3466605,S1004EE8,jppfs_cor:LeaseObligationsNCL,リース債務、固定負債,decrease_10,jppfs_cor:NoncurrentLiabilities
3466606,S1004EE8,jppfs_cor:NetDefinedBenefitLiability,退職給付に係る負債,new,jppfs_cor:NoncurrentLiabilities
3466607,S1004EE8,jppfs_cor:LongTermLoansPayable,長期借入金,decrease_10,jppfs_cor:NoncurrentLiabilities
3466608,S1004EE8,jppfs_cor:WorkInProcess,仕掛品,increase_20,jppfs_cor:CurrentAssets
3466609,S1004EE8,jppfs_cor:CashAndDeposits,現金及び預金,increase_10,jppfs_cor:CurrentAssets
3466610,S1004EE8,jppfs_cor:NetIncome,当期純利益又は当期純損失（△）,decrease_20,jppfs_cor:IncomeBeforeMinorityInterestsCI
3466611,S1004EE8,jppfs_cor:MachineryEquipmentAndVehicles,機械装置及び運搬具,increase_10,jppfs_cor:MachineryEquipmentAndVehiclesNet
3466612,S1004EE8,jppfs_cor:AllowanceForDoubtfulAccountsCA,貸倒引当金、流動資産、一括控除,new,jppfs_cor:CurrentAssets
3466613,S1004EE8,jppfs_cor:AccumulatedDepreciationBuildingsAndStructures,減価償却累計額、建物及び構築物,increase_10,jppfs_cor:BuildingsAndStructuresNet
3466614,S1004EE8,jppfs_cor:ShortTermLoansPayable,短期借入金,stable,jppfs_cor:CurrentLiabilities
3466615,S1004EE8,jppfs_cor:ForeignExchangeGainsNOI,為替差益,decrease_20,jppfs_cor:NonOperatingIncome
3466616,S1004EE8,jppfs_cor:ProvisionForDirectorsRetirementBenefits,役員退職慰労引当金,stable,jppfs_cor:NoncurrentLiabilities
3466617,S1004EE8,jppfs_cor:RetainedEarnings,利益剰余金,increase_10,jppfs_cor:ShareholdersEquity
3466618,S1004EE8,jppfs_cor:LeaseObligationsCL,リース債務、流動負債,decrease_20,jppfs_cor:CurrentLiabilities
3466619,S1004EE8,jppfs_cor:NotesAndAccountsPayableTrade,支払手形及び買掛金,increase_10,jppfs_cor:CurrentLiabilities
3466620,S1004EE8,jppfs_cor:IncomeTaxesPayable,未払法人税等,new,jppfs_cor:CurrentLiabilities
3466621,S1004EE8,jppfs_cor:AccumulatedDepreciationMachineryEquipmentAndVehicles,減価償却累計額、機械装置及び運搬具,increase_10,jppfs_cor:MachineryEquipmentAndVehiclesNet
3466622,S1004EE8,jppfs_cor:ProvisionForBonuses,賞与引当金,stable,jppfs_cor:CurrentLiabilities
3466623,S1004EE8,jppfs_cor:AccumulatedDepreciationToolsFurnitureAndFixtures,減価償却累計額、工具、器具及び備品,increase_10,jppfs_cor:ToolsFurnitureAndFixturesNet
3466624,S1004EE8,jppfs_cor:NotesAndAccountsReceivableTrade,受取手形及び売掛金,increase_10,jppfs_cor:CurrentAssets
3466625,S1004EE8,jppfs_cor:IncomeTaxesDeferred,法人税等調整額,decrease_20,jppfs_cor:IncomeTaxes
3466626,S1004EE8,jppfs_cor:OtherIA,その他、無形固定資産,decrease_20,jppfs_cor:IntangibleAssets
3466627,S1004EE8,jppfs_cor:ShortTermInvestmentSecurities,有価証券,increase_10,jppfs_cor:CurrentAssets
3466628,S1004EE8,jppfs_cor:NonOperatingIncome,営業外収益,decrease_20,jppfs_cor:OrdinaryIncome
3466629,S1004EE8,jppfs_cor:SubsidyIncomeNOIBounty,助成金収入,increase_10,jppfs_cor:NonOperatingIncome
3466630,S1004EE8,jppfs_cor:InvestmentsAndOtherAssets,投資その他の資産,decrease_20,jppfs_cor:NoncurrentAssets
3466631,S1004EE8,jppfs_cor:OtherCA,その他、流動資産,stable,jppfs_cor:CurrentAssets
3466632,S1004EE8,jppfs_cor:GrossProfit,売上総利益又は売上総損失（△）,increase_20,jppfs_cor:OperatingIncome
3466633,S1004EE8,jppfs_cor:AllowanceForDoubtfulAccountsIOAByGroup,貸倒引当金、投資その他の資産、一括控除,decrease_20,jppfs_cor:InvestmentsAndOtherAssets
3466634,S1004EE8,jppfs_cor:IncomeTaxesCurrent,法人税、住民税及び事業税,increase_20,jppfs_cor:IncomeTaxes
3466635,S1004EE8,jppfs_cor:NetSales,売上高,increase_10,jppfs_cor:GrossProfit
3466636,S1004EE8,jppfs_cor:OtherCL,その他、流動負債,increase_20,jppfs_cor:CurrentLiabilities
3466637,S1004EE8,jppfs_cor:RawMaterialsAndSupplies,原材料及び貯蔵品,increase_10,jppfs_cor:CurrentAssets
3466638,S1004EE8,jppfs_cor:PropertyPlantAndEquipment,有形固定資産,stable,jppfs_cor:NoncurrentAssets
3466639,S1004EE8,jppfs_cor:OtherNCL,その他、固定負債,increase_10,jppfs_cor:NoncurrentLiabilities
3466640,S1004EE8,jppfs_cor:IncomeTaxes,法人税等,increase_20,jppfs_cor:IncomeBeforeMinorityInterests
3466641,S1004EE8,jppfs_cor:IncomeBeforeMinorityInterests,少数株主損益調整前当期純利益又は少数株主損益調整前当期純損失（△）,decrease_20,jppfs_cor:NetIncome
3466642,S1004EE8,jppfs_cor:InterestAndDividendsIncomeNOI,受取利息及び配当金、営業外収益,increase_10,jppfs_cor:NonOperatingIncome
3466643,S1004EE8,jppfs_cor:OperatingIncome,営業利益又は営業損失（△）,new,jppfs_cor:OrdinaryIncome
3466644,S1004EE8,jppfs_cor:ForeignCurrencyTranslationAdjustment,為替換算調整勘定,new,jppfs_cor:ValuationAndTranslationAdjustments
3466645,S1004EE8,jppfs_cor:OrdinaryIncome,経常利益又は経常損失（△）,increase_20,jppfs_cor:IncomeBeforeIncomeTaxes
3466646,S1004EE8,jppfs_cor:DeferredTaxAssetsIOA,繰延税金資産、投資その他の資産,decrease_20,jppfs_cor:InvestmentsAndOtherAssets
3466647,S1004EE8,jppfs_cor:ConstructionInProgress,建設仮勘定,decrease_10,jppfs_cor:PropertyPlantAndEquipment
3466648,S1004EE8,jppfs_cor:CostOfSales,売上原価,increase_10,jppfs_cor:GrossProfit
3466649,S1004EE8,jppfs_cor:ValuationAndTranslationAdjustments,評価・換算差額等,new,jppfs_cor:NetAssets
3530401,S1002FAO,jppfs_cor:NetIncome,当期純利益又は当期純損失（△）,decrease_20,not_common_account
3530402,S1002FAO,jppfs_cor:OtherIA,その他、無形固定資産,stable,jppfs_cor:IntangibleAssets
3530403,S1002FAO,jppfs_cor:CurrentPortionOfLongTermLoansPayable,1年内返済予定の長期借入金,increase_10,jppfs_cor:CurrentLiabilities
3530404,S1002FAO,jppfs_cor:NetSalesOfFinishedGoodsRevOA,製品売上高、営業活動による収益,stable,jppfs_cor:NetSales
3530405,S1002FAO,jppfs_cor:NetSalesOfGoodsRevOA,商品売上高、営業活動による収益,increase_10,jppfs_cor:NetSales
3530406,S1002FAO,jppfs_cor:GrossProfit,売上総利益又は売上総損失（△）,decrease_10,jppfs_cor:OperatingIncome
3530407,S1002FAO,jppfs_cor:PropertyPlantAndEquipment,有形固定資産,stable,jppfs_cor:NoncurrentAssets
3530408,S1002FAO,jppfs_cor:InvestmentSecurities,投資有価証券,decrease_10,jppfs_cor:InvestmentsAndOtherAssets
3530409,S1002FAO,jppfs_cor:AllowanceForDoubtfulAccountsCA,貸倒引当金、流動資産、一括控除,decrease_20,jppfs_cor:CurrentAssets
3530410,S1002FAO,jppfs_cor:IncomeTaxesPayable,未払法人税等,decrease_20,jppfs_cor:CurrentLiabilities
3530411,S1002FAO,jppfs_cor:LeaseObligationsNCL,リース債務、固定負債,stable,jppfs_cor:NoncurrentLiabilities
3530412,S1002FAO,jppfs_cor:MerchandiseAndFinishedGoods,商品及び製品,stable,jppfs_cor:CurrentAssets
3530413,S1002FAO,jppfs_cor:Software,ソフトウエア,decrease_20,jppfs_cor:IntangibleAssets
3530414,S1002FAO,jppfs_cor:LeaseObligationsCL,リース債務、流動負債,increase_20,jppfs_cor:CurrentLiabilities
3530415,S1002FAO,jppfs_cor:IncomeTaxesCurrent,法人税、住民税及び事業税,decrease_20,jppfs_cor:IncomeTaxes
3530416,S1002FAO,jppfs_cor:LossOnRetirementOfNoncurrentAssetsEL,固定資産除却損、特別損失,increase_20,jppfs_cor:ExtraordinaryLoss
3530417,S1002FAO,jppfs_cor:SellingGeneralAndAdministrativeExpenses,販売費及び一般管理費,decrease_10,jppfs_cor:OperatingIncome
3530418,S1002FAO,jppfs_cor:CurrentPortionOfBonds,1年内償還予定の社債,stable,jppfs_cor:CurrentLiabilities
3530419,S1002FAO,jppfs_cor:CashAndDeposits,現金及び預金,increase_10,jppfs_cor:CurrentAssets
3530420,S1002FAO,jppfs_cor:InterestExpensesNOE,支払利息、営業外費用,stable,jppfs_cor:NonOperatingExpenses
3530421,S1002FAO,jppfs_cor:DirectorsCompensationsSGA,役員報酬、販売費及び一般管理費,decrease_10,jppfs_cor:SellingGeneralAndAdministrativeExpenses
3530422,S1002FAO,jppfs_cor:InterestIncomeNOI,受取利息、営業外収益,new,jppfs_cor:NonOperatingIncome
3530423,S1002FAO,jppfs_cor:InterestOnBondsNOE,社債利息、営業外費用,decrease_20,jppfs_cor:NonOperatingExpenses
3530424,S1002FAO,jppfs_cor:IncomeBeforeIncomeTaxes,税引前当期純利益又は税引前当期純損失（△）,decrease_20,jppfs_cor:NetIncome
3530425,S1002FAO,jppfs_cor:AccruedConsumptionTaxes,未払消費税等,decrease_20,jppfs_cor:CurrentLiabilities
3530426,S1002FAO,jppfs_cor:IntangibleAssets,無形固定資産,stable,jppfs_cor:NoncurrentAssets
3530427,S1002FAO,jppfs_cor:OrdinaryIncome,経常利益又は経常損失（△）,decrease_20,jppfs_cor:IncomeBeforeIncomeTaxes
3530428,S1002FAO,jppfs_cor:DepreciationSGA,減価償却費、販売費及び一般管理費,decrease_10,jppfs_cor:SellingGeneralAndAdministrativeExpenses
3530429,S1002FAO,jppfs_cor:RetirementBenefitExpensesSGA,退職給付費用,increase_10,jppfs_cor:SellingGeneralAndAdministrativeExpenses
3530430,S1002FAO,jppfs_cor:RevaluationReserveForLand,土地再評価差額金,stable,jppfs_cor:ValuationAndTranslationAdjustments
3530431,S1002FAO,jppfs_cor:OtherCA,その他、流動資産,decrease_10,jppfs_cor:CurrentAssets
3530432,S1002FAO,jppfs_cor:OtherNCL,その他、固定負債,stable,jppfs_cor:NoncurrentLiabilities
3530433,S1002FAO,jppfs_cor:AdvancesReceived,前受金,increase_20,jppfs_cor:CurrentLiabilities
3530434,S1002FAO,jppfs_cor:AdvancePaymentsTrade,前渡金,decrease_20,jppfs_cor:CurrentAssets
3530435,S1002FAO,jppfs_cor:AccountsReceivableTrade,売掛金,decrease_10,jppfs_cor:CurrentAssets
3530436,S1002FAO,jppfs_cor:AccountsPayableTrade,買掛金,increase_10,jppfs_cor:CurrentLiabilities
3530437,S1002FAO,jppfs_cor:AccountsPayableOther,未払金,decrease_20,jppfs_cor:CurrentLiabilities
3530438,S1002FAO,jppfs_cor:ExtraordinaryLoss,特別損失,new,jppfs_cor:IncomeBeforeIncomeTaxes
3530439,S1002FAO,jppfs_cor:CostOfSales,売上原価,stable,jppfs_cor:GrossProfit
3530440,S1002FAO,jppfs_cor:CapitalStock,資本金,stable,jppfs_cor:ShareholdersEquity
3530441,S1002FAO,jppfs_cor:IncomeTaxes,法人税等,decrease_20,jppfs_cor:NetIncome
3530442,S1002FAO,jppfs_cor:CapitalSurplus,資本剰余金,stable,jppfs_cor:ShareholdersEquity
3530443,S1002FAO,jppfs_cor:ProvisionForBonuses,賞与引当金,decrease_20,jppfs_cor:CurrentLiabilities
3530444,S1002FAO,jppfs_cor:LongTermLoansPayable,長期借入金,stable,jppfs_cor:NoncurrentLiabilities
3530445,S1002FAO,jppfs_cor:RealEstateRentNOI,不動産賃貸料,increase_10,jppfs_cor:NonOperatingIncome
3530446,S1002FAO,jppfs_cor:ValuationAndTranslationAdjustments,評価・換算差額等,stable,jppfs_cor:NetAssets
3530447,S1002FAO,jppfs_cor:LegalCapitalSurplus,資本準備金,stable,jppfs_cor:CapitalSurplus
3530448,S1002FAO,jppfs_cor:InvestmentsAndOtherAssets,投資その他の資産,decrease_10,jppfs_cor:NoncurrentAssets
3530449,S1002FAO,jppfs_cor:ShareholdersEquity,株主資本,stable,jppfs_cor:NetAssets
3530450,S1002FAO,jppfs_cor:TreasuryStock,自己株式,stable,jppfs_cor:ShareholdersEquity
3530451,S1002FAO,jppfs_cor:UnearnedRevenue,前受収益,decrease_20,jppfs_cor:CurrentLiabilities
3530452,S1002FAO,jppfs_cor:MiscellaneousIncomeNOI,雑収入、営業外収益,increase_10,jppfs_cor:NonOperatingIncome
3530453,S1002FAO,jppfs_cor:MiscellaneousLossNOE,雑損失、営業外費用,increase_10,jppfs_cor:NonOperatingExpenses
3530454,S1002FAO,jppfs_cor:InvestmentsInCapital,出資金,stable,jppfs_cor:InvestmentsAndOtherAssets
3530455,S1002FAO,jppfs_cor:DepositsReceived,預り金,stable,jppfs_cor:CurrentLiabilities
3530456,S1002FAO,jppfs_cor:DeferredTaxLiabilitiesNCL,繰延税金負債、固定負債,decrease_10,jppfs_cor:NoncurrentLiabilities
3530457,S1002FAO,jppfs_cor:SalesFareSGA,販売運賃,stable,jppfs_cor:SellingGeneralAndAdministrativeExpenses
3530458,S1002FAO,jppfs_cor:DeferredTaxAssetsCA,繰延税金資産、流動資産,decrease_20,jppfs_cor:CurrentAssets
3530459,S1002FAO,jppfs_cor:TotalBeginningAndCostPurchasedMerchandiseAndFinishedGoodsCOS,合計,stable,jppfs_cor:CostOfSales
3530460,S1002FAO,jppfs_cor:OtherSGA,その他、販売費及び一般管理費,stable,jppfs_cor:SellingGeneralAndAdministrativeExpenses
3530461,S1002FAO,jppfs_cor:RawMaterialsAndSupplies,原材料及び貯蔵品,increase_10,jppfs_cor:CurrentAssets
3530462,S1002FAO,jppfs_cor:OtherCapitalSurplus,その他資本剰余金,stable,jppfs_cor:CapitalSurplus
3530463,S1002FAO,jppfs_cor:OtherCL,その他、流動負債,new,jppfs_cor:CurrentLiabilities
3530464,S1002FAO,jppfs_cor:LegalRetainedEarnings,利益準備金,stable,jppfs_cor:RetainedEarnings
3530465,S1002FAO,jppfs_cor:LongTermLoansReceivable,長期貸付金,stable,jppfs_cor:InvestmentsAndOtherAssets
3530466,S1002FAO,jppfs_cor:ProvisionForDirectorsRetirementBenefits,役員退職慰労引当金,increase_20,jppfs_cor:NoncurrentLiabilities
3530467,S1002FAO,jppfs_cor:DeferredTaxLiabilitiesForLandRevaluation,再評価に係る繰延税金負債,stable,jppfs_cor:NoncurrentLiabilities
3530468,S1002FAO,jppfs_cor:RetainedEarningsBroughtForward,繰越利益剰余金,stable,jppfs_cor:RetainedEarnings
3530469,S1002FAO,jppfs_cor:ProvisionForDirectorsRetirementBenefitsSGA,役員退職慰労引当金繰入額、販売費及び一般管理費,decrease_20,jppfs_cor:SellingGeneralAndAdministrativeExpenses
3530470,S1002FAO,jppfs_cor:ClaimsProvableInBankruptcyClaimsProvableInRehabilitationAndOther,破産更生債権等,new,jppfs_cor:InvestmentsAndOtherAssets
3530471,S1002FAO,jppfs_cor:EndingGoodsCOS,商品期末たな卸高、売上原価,stable,jppfs_cor:CostOfSales
3530472,S1002FAO,jppfs_cor:EndingFinishedGoodsCOS,製品期末たな卸高、売上原価,decrease_10,jppfs_cor:CostOfSales
3530473,S1002FAO,jppfs_cor:BeginningFinishedGoodsCOS,製品期首たな卸高、売上原価,increase_20,jppfs_cor:TotalBeginningAndCostPurchasedMerchandiseAndFinishedGoodsCOS
3530474,S1002FAO,jppfs_cor:BonusesSGA,賞与、販売費及び一般管理費,decrease_20,jppfs_cor:SellingGeneralAndAdministrativeExpenses
3530475,S1002FAO,jppfs_cor:IncomeTaxesDeferred,法人税等調整額,decrease_20,jppfs_cor:IncomeTaxes
3530476,S1002FAO,jpcrp030000-asr_E01624-000:ProceedsFromDamageInsuranceNOI,損害保険金収入,new,jppfs_cor:NonOperatingIncome
3530477,S1002FAO,jppfs_cor:SalesCommissionSGA,販売手数料、販売費及び一般管理費,decrease_10,jppfs_cor:SellingGeneralAndAdministrativeExpenses
3530478,S1002FAO,jppfs_cor:ResearchAndDevelopmentExpensesSGA,研究開発費、販売費及び一般管理費,decrease_20,jppfs_cor:SellingGeneralAndAdministrativeExpenses
3530479,S1002FAO,jppfs_cor:WelfareExpensesSGA,福利厚生費、販売費及び一般管理費,decrease_10,jppfs_cor:SellingGeneralAndAdministrativeExpenses
3530480,S1002FAO,jppfs_cor:OperatingIncome,営業利益又は営業損失（△）,decrease_20,jppfs_cor:OrdinaryIncome
3530481,S1002FAO,jppfs_cor:BeginningGoodsCOS,商品期首たな卸高、売上原価,decrease_20,jppfs_cor:TotalBeginningAndCostPurchasedMerchandiseAndFinishedGoodsCOS
3530482,S1002FAO,jppfs_cor:CostOfPurchasedGoods,当期商品仕入高,increase_20,jppfs_cor:TotalBeginningAndCostPurchasedMerchandiseAndFinishedGoodsCOS
3530483,S1002FAO,jppfs_cor:ProvisionForRetirementBenefits,退職給付引当金,decrease_10,jppfs_cor:NoncurrentLiabilities
3530484,S1002FAO,jppfs_cor:OtherIOA,その他、投資その他の資産,decrease_20,jppfs_cor:InvestmentsAndOtherAssets
3530485,S1002FAO,jppfs_cor:NetSales,売上高,stable,jppfs_cor:GrossProfit
3530486,S1002FAO,jppfs_cor:LeaseAssetsIA,リース資産、無形固定資産,increase_10,jppfs_cor:IntangibleAssets
3530487,S1002FAO,jppfs_cor:ShortTermLoansPayable,短期借入金,new,jppfs_cor:CurrentLiabilities
3530488,S1002FAO,jppfs_cor:DividendsIncomeNOI,受取配当金、営業外収益,stable,jppfs_cor:NonOperatingIncome
3530489,S1002FAO,jppfs_cor:CommissionFeeNOE,支払手数料,new,jppfs_cor:NonOperatingExpenses
3530490,S1002FAO,jppfs_cor:CommissionFeeSGA,支払手数料,increase_10,jppfs_cor:SellingGeneralAndAdministrativeExpenses
3530491,S1002FAO,jppfs_cor:ProvisionOfAllowanceForDoubtfulAccountsSGA,貸倒引当金繰入額、販売費及び一般管理費,new,jppfs_cor:SellingGeneralAndAdministrativeExpenses
3530492,S1002FAO,jppfs_cor:ValuationDifferenceOnAvailableForSaleSecurities,その他有価証券評価差額金,decrease_20,jppfs_cor:ValuationAndTranslationAdjustments
3530493,S1002FAO,jpcrp030000-asr_E01624-000:SettlementReceivedNOI,受取和解金,new,jppfs_cor:NonOperatingIncome
3530494,S1002FAO,jppfs_cor:LossOnSalesOfNotesPayableNOE,手形売却損,increase_10,jppfs_cor:NonOperatingExpenses
3530495,S1002FAO,jppfs_cor:NonOperatingExpenses,営業外費用,increase_20,jppfs_cor:OrdinaryIncome
3530496,S1002FAO,jppfs_cor:BondsPayable,社債,decrease_20,jppfs_cor:NoncurrentLiabilities
3530497,S1002FAO,jppfs_cor:NonOperatingIncome,営業外収益,decrease_20,jppfs_cor:OrdinaryIncome
3530498,S1002FAO,jppfs_cor:Liabilities,負債,stable,jppfs_cor:LiabilitiesAndNetAssets
3530499,S1002FAO,jppfs_cor:Land,土地,stable,jppfs_cor:PropertyPlantAndEquipment
3530500,S1002FAO,jppfs_cor:RentExpensesOnRealEstatesSGA,不動産賃借料、販売費及び一般管理費,stable,jppfs_cor:SellingGeneralAndAdministrativeExpenses
3530501,S1002FAO,jppfs_cor:SalesOfScrapsRevOA,作業くず売上高、営業活動による収益,stable,jppfs_cor:NetSales
3530502,S1002FAO,jppfs_cor:EmployeesSalariesAndAllowancesSGA,従業員給料及び手当,stable,jppfs_cor:SellingGeneralAndAdministrativeExpenses
3530503,S1002FAO,jppfs_cor:RetainedEarnings,利益剰余金,stable,jppfs_cor:ShareholdersEquity
3530504,S1002FAO,jppfs_cor:ProvisionOfAllowanceForDoubtfulAccountsEL,貸倒引当金繰入額,new,jppfs_cor:ExtraordinaryLoss
3530505,S1002FAO,jppfs_cor:NotesReceivableTrade,受取手形,decrease_20,jppfs_cor:CurrentAssets
3530506,S1002FAO,jppfs_cor:CurrentLiabilities,流動負債,increase_10,jppfs_cor:Liabilities
3530507,S1002FAO,jppfs_cor:CurrentAssets,流動資産,stable,jppfs_cor:Assets
3530508,S1002FAO,jppfs_cor:AllowanceForDoubtfulAccountsIOAByGroup,貸倒引当金、投資その他の資産、一括控除,increase_10,jppfs_cor:InvestmentsAndOtherAssets
3530509,S1002FAO,jppfs_cor:NotesPayableFacilities,-,new,jppfs_cor:CurrentLiabilities
3530510,S1002FAO,jppfs_cor:NoncurrentAssets,固定資産,stable,jppfs_cor:Assets
3530511,S1002FAO,jppfs_cor:NoncurrentLiabilities,固定負債,stable,jppfs_cor:Liabilities
3530512,S1002FAO,jppfs_cor:NotesPayableTrade,支払手形,stable,jppfs_cor:CurrentLiabilities
3530513,S1002FAO,jppfs_cor:WorkInProcess,仕掛品,increase_20,jppfs_cor:CurrentAssets
3530514,S1002FAO,jppfs_cor:PrepaidExpenses,前払費用,stable,jppfs_cor:CurrentAssets
3530515,S1002FAO,jppfs_cor:GainOnSalesOfScraps2NOI,スクラップ売却益,increase_20,jppfs_cor:NonOperatingIncome
3530516,S1002FAO,jppfs_cor:AccruedExpenses,未払費用,stable,jppfs_cor:CurrentLiabilities
3530517,S1002FAO,jppfs_cor:InsuranceFunds,-,increase_20,jppfs_cor:InvestmentsAndOtherAssets
3530518,S1002FAO,jppfs_cor:CostOfProductsManufactured,当期製品製造原価,stable,jppfs_cor:TotalBeginningAndCostPurchasedMerchandiseAndFinishedGoodsCOS
3530519,S1002FAO,jppfs_cor:ProvisionForBonusesSGA,賞与引当金繰入額,decrease_20,jppfs_cor:SellingGeneralAndAdministrativeExpenses
3577549,S1002BS5,jppfs_cor:NoncurrentAssets,固定資産,stable,jppfs_cor:Assets
3577550,S1002BS5,jppfs_cor:CurrentLiabilities,流動負債,stable,jppfs_cor:Liabilities
3577551,S1002BS5,jppfs_cor:DeferredTaxAssetsCA,繰延税金資産、流動資産,increase_20,jppfs_cor:CurrentAssets
3577552,S1002BS5,jppfs_cor:IncomeBeforeIncomeTaxes,税引前当期純利益又は税引前当期純損失（△）,decrease_20,jppfs_cor:IncomeBeforeMinorityInterests
3577553,S1002BS5,jppfs_cor:InvestmentsAndOtherAssets,投資その他の資産,stable,jppfs_cor:NoncurrentAssets
3577554,S1002BS5,jppfs_cor:OtherNOE,その他、営業外費用,increase_20,jppfs_cor:NonOperatingExpenses
3577555,S1002BS5,jppfs_cor:CapitalStock,資本金,stable,jppfs_cor:ShareholdersEquity
3577556,S1002BS5,jppfs_cor:ValuationAndTranslationAdjustments,評価・換算差額等,increase_20,jppfs_cor:NetAssets
3577557,S1002BS5,jppfs_cor:NonOperatingIncome,営業外収益,increase_10,jppfs_cor:OrdinaryIncome
3577558,S1002BS5,jppfs_cor:ToolsFurnitureAndFixtures,工具、器具及び備品,stable,jppfs_cor:PropertyPlantAndEquipment
3577559,S1002BS5,jppfs_cor:NoncurrentLiabilities,固定負債,stable,jppfs_cor:Liabilities
3577560,S1002BS5,jppfs_cor:ProvisionForDirectorsRetirementBenefits,役員退職慰労引当金,increase_10,jppfs_cor:NoncurrentLiabilities
3577561,S1002BS5,jppfs_cor:IncomeBeforeMinorityInterests,少数株主損益調整前当期純利益又は少数株主損益調整前当期純損失（△）,decrease_20,jppfs_cor:NetIncome
3577562,S1002BS5,jppfs_cor:CashAndDeposits,現金及び預金,increase_10,jppfs_cor:CurrentAssets
3577563,S1002BS5,jppfs_cor:BuildingsAndStructures,建物及び構築物,stable,jppfs_cor:PropertyPlantAndEquipment
3577564,S1002BS5,jppfs_cor:NetDefinedBenefitLiability,退職給付に係る負債,new,jppfs_cor:NoncurrentLiabilities
3577565,S1002BS5,jppfs_cor:MachineryEquipmentAndVehicles,機械装置及び運搬具,stable,jppfs_cor:PropertyPlantAndEquipment
3577566,S1002BS5,jppfs_cor:LossOnRetirementOfNoncurrentAssetsEL,固定資産除却損、特別損失,decrease_20,jppfs_cor:ExtraordinaryLoss
3577567,S1002BS5,jppfs_cor:DividendsIncomeNOI,受取配当金、営業外収益,stable,jppfs_cor:NonOperatingIncome
3577568,S1002BS5,jppfs_cor:IncomeTaxesDeferred,法人税等調整額,decrease_20,jppfs_cor:IncomeTaxes
3577569,S1002BS5,jppfs_cor:CurrentPortionOfBonds,1年内償還予定の社債,decrease_20,jppfs_cor:CurrentLiabilities
3577570,S1002BS5,jppfs_cor:NotesReceivableAccountsReceivableFromCompletedConstructionContractsAndOtherCNS,受取手形・完成工事未収入金等、建設業,increase_20,jppfs_cor:CurrentAssets
3577571,S1002BS5,jppfs_cor:NotesPayableAccountsPayableForConstructionContractsAndOtherCNS,支払手形・工事未払金等、建設業,increase_10,jppfs_cor:CurrentLiabilities
3577572,S1002BS5,jppfs_cor:CostOfSalesOfCompletedConstructionContractsCNS,完成工事原価、建設業,increase_20,jppfs_cor:GrossProfitOnCompletedConstructionContractsCNS
3577573,S1002BS5,jppfs_cor:AllowanceForDoubtfulAccountsCA,貸倒引当金、流動資産、一括控除,increase_20,jppfs_cor:CurrentAssets
3577574,S1002BS5,jppfs_cor:PropertyPlantAndEquipment,有形固定資産,stable,jppfs_cor:NoncurrentAssets
3577575,S1002BS5,jppfs_cor:InvestmentSecurities,投資有価証券,increase_10,jppfs_cor:InvestmentsAndOtherAssets
3577576,S1002BS5,jppfs_cor:IntangibleAssets,無形固定資産,decrease_10,jppfs_cor:NoncurrentAssets
3577577,S1002BS5,jppfs_cor:IncomeTaxesPayable,未払法人税等,new,jppfs_cor:CurrentLiabilities
3577578,S1002BS5,jppfs_cor:RealEstateForSaleCNS,-,stable,jppfs_cor:CurrentAssets
3577579,S1002BS5,jppfs_cor:GrossProfitRealEstateBusinessGP,不動産事業総利益又は不動産事業総損失（△）,increase_20,jppfs_cor:GrossProfit
3577580,S1002BS5,jppfs_cor:InterestExpensesNOE,支払利息、営業外費用,stable,jppfs_cor:NonOperatingExpenses
3577581,S1002BS5,jppfs_cor:GainOnSalesOfInvestmentSecuritiesEI,投資有価証券売却益、特別利益,new,jppfs_cor:ExtraordinaryIncome
3577582,S1002BS5,jppfs_cor:ProvisionForWarrantiesForCompletedConstruction,-,increase_20,jppfs_cor:CurrentLiabilities
3577583,S1002BS5,jppfs_cor:Liabilities,負債,stable,jppfs_cor:LiabilitiesAndNetAssets
3577584,S1002BS5,jppfs_cor:NonOperatingExpenses,営業外費用,increase_10,jppfs_cor:OrdinaryIncome
3577585,S1002BS5,jppfs_cor:InsuranceIncomeNOI,受取保険金,increase_10,jppfs_cor:NonOperatingIncome
3577586,S1002BS5,jppfs_cor:CurrentAssets,流動資産,increase_10,jppfs_cor:Assets
3577587,S1002BS5,jppfs_cor:OtherCA,その他、流動資産,increase_20,jppfs_cor:CurrentAssets
3577588,S1002BS5,jppfs_cor:GrossProfit,売上総利益又は売上総損失（△）,increase_20,jppfs_cor:OperatingIncome
3577589,S1002BS5,jppfs_cor:Land,土地,stable,jppfs_cor:PropertyPlantAndEquipment
3577590,S1002BS5,jppfs_cor:ExtraordinaryLoss,特別損失,increase_20,jppfs_cor:IncomeBeforeIncomeTaxes
3577591,S1002BS5,jppfs_cor:OrdinaryIncome,経常利益又は経常損失（△）,decrease_20,jppfs_cor:IncomeBeforeIncomeTaxes
3577592,S1002BS5,jppfs_cor:IncomeTaxes,法人税等,decrease_20,jppfs_cor:IncomeBeforeMinorityInterests
3577593,S1002BS5,jppfs_cor:GrossProfitOnCompletedConstructionContractsCNS,完成工事総利益又は完成工事総損失（△）、建設業,increase_20,jppfs_cor:GrossProfit
3577594,S1002BS5,jppfs_cor:ProvisionForBonuses,賞与引当金,increase_20,jppfs_cor:CurrentLiabilities
3577595,S1002BS5,jppfs_cor:ValuationDifferenceOnAvailableForSaleSecurities,その他有価証券評価差額金,increase_20,jppfs_cor:ValuationAndTranslationAdjustments
3577596,S1002BS5,jppfs_cor:TreasuryStock,自己株式,stable,jppfs_cor:ShareholdersEquity
3577597,S1002BS5,jppfs_cor:CapitalSurplus,資本剰余金,stable,jppfs_cor:ShareholdersEquity
3577598,S1002BS5,jppfs_cor:RetainedEarnings,利益剰余金,increase_10,jppfs_cor:ShareholdersEquity
3577599,S1002BS5,jppfs_cor:AllowanceForDoubtfulAccountsIOAByGroup,貸倒引当金、投資その他の資産、一括控除,decrease_10,jppfs_cor:InvestmentsAndOtherAssets
3577600,S1002BS5,jppfs_cor:AdvancesReceivedOnUncompletedConstructionContractsCNS,未成工事受入金、建設業,decrease_10,jppfs_cor:CurrentLiabilities
3577601,S1002BS5,jppfs_cor:NetSales,売上高,increase_20,jppfs_cor:GrossProfit
3577602,S1002BS5,jppfs_cor:DeferredTaxLiabilitiesNCL,繰延税金負債、固定負債,increase_10,jppfs_cor:NoncurrentLiabilities
3577603,S1002BS5,jppfs_cor:NetIncome,当期純利益又は当期純損失（△）,decrease_20,jppfs_cor:IncomeBeforeMinorityInterestsCI
3577604,S1002BS5,jppfs_cor:EquityInEarningsOfAffiliatesNOI,持分法による投資利益、営業外収益,decrease_20,jppfs_cor:NonOperatingIncome
3577605,S1002BS5,jppfs_cor:OtherCL,その他、流動負債,decrease_20,jppfs_cor:CurrentLiabilities
3577606,S1002BS5,jppfs_cor:RemeasurementsOfDefinedBenefitPlans,退職給付に係る調整累計額,decrease_20,jppfs_cor:ValuationAndTranslationAdjustments
3577607,S1002BS5,jppfs_cor:LongTermLoansPayable,長期借入金,stable,jppfs_cor:NoncurrentLiabilities
3577608,S1002BS5,jppfs_cor:SellingGeneralAndAdministrativeExpenses,販売費及び一般管理費,stable,jppfs_cor:OperatingIncome
3577609,S1002BS5,jppfs_cor:ShareholdersEquity,株主資本,stable,jppfs_cor:NetAssets
3577610,S1002BS5,jppfs_cor:AccumulatedDepreciationPPEByGroup,減価償却累計額、有形固定資産、一括控除,increase_10,jppfs_cor:PropertyPlantAndEquipment
3577611,S1002BS5,jppfs_cor:CostOfSalesOnRealEstateBusinessCOSExpOA,不動産事業売上原価,stable,jppfs_cor:CostOfSales
3577612,S1002BS5,jppfs_cor:OtherEI,その他、特別利益,new,jppfs_cor:ExtraordinaryIncome
3577613,S1002BS5,jppfs_cor:OtherNOI,その他、営業外収益,decrease_10,jppfs_cor:NonOperatingIncome
3577614,S1002BS5,jppfs_cor:RawMaterialsAndSuppliesCNS,材料貯蔵品、建設業,increase_20,jppfs_cor:CurrentAssets
3577615,S1002BS5,jppfs_cor:CostOfSales,売上原価,increase_20,jppfs_cor:GrossProfit
3577616,S1002BS5,jppfs_cor:OtherIOA,その他、投資その他の資産,decrease_10,jppfs_cor:InvestmentsAndOtherAssets
3577617,S1002BS5,jppfs_cor:ExtraordinaryIncome,特別利益,new,jppfs_cor:IncomeBeforeIncomeTaxes
3577618,S1002BS5,jppfs_cor:SalesOnRealEstateBusinessRevOA,不動産事業売上高,increase_20,jppfs_cor:NetSales
3577619,S1002BS5,jppfs_cor:OtherNCL,その他、固定負債,increase_10,jppfs_cor:NoncurrentLiabilities
3577620,S1002BS5,jppfs_cor:AmortizationOfNetRetirementBenefitObligationAtTransitionNOE,退職給付会計基準変更時差異の処理額,stable,jppfs_cor:NonOperatingExpenses
3577621,S1002BS5,jppfs_cor:InterestIncomeNOI,受取利息、営業外収益,new,jppfs_cor:NonOperatingIncome
3577622,S1002BS5,jppfs_cor:LossOnSalesOfInvestmentSecuritiesNOE,投資有価証券売却損,new,jppfs_cor:ExtraordinaryLoss
3577623,S1002BS5,jppfs_cor:NetSalesOfCompletedConstructionContractsCNS,完成工事高、建設業,increase_20,jppfs_cor:NetSales
3577624,S1002BS5,jppfs_cor:BondsPayable,社債,decrease_20,jppfs_cor:NoncurrentLiabilities
3577625,S1002BS5,jppfs_cor:ShortTermLoansPayable,短期借入金,stable,jppfs_cor:CurrentLiabilities
3577626,S1002BS5,jppfs_cor:IncomeTaxesCurrent,法人税、住民税及び事業税,new,jppfs_cor:IncomeTaxes
3577627,S1002BS5,jppfs_cor:OperatingIncome,営業利益又は営業損失（△）,decrease_20,jppfs_cor:OrdinaryIncome
3577628,S1002BS5,jppfs_cor:CostsOnUncompletedConstructionContractsCNS,未成工事支出金、建設業,stable,jppfs_cor:CurrentAssets
3577629,S1002BS5,jppfs_cor:LeaseAssetsPPE,リース資産、有形固定資産,increase_20,jppfs_cor:PropertyPlantAndEquipment
3581932,S1002BLP,jppfs_cor:ElectronicallyRecordedObligationsOperatingCL,-,new,jppfs_cor:CurrentLiabilities
3581933,S1002BLP,jppfs_cor:CostOfSalesOnRealEstateBusinessCOSExpOA,不動産事業売上原価,new,jppfs_cor:CostOfSales
3581934,S1002BLP,jppfs_cor:CurrentAssets,流動資産,increase_10,jppfs_cor:Assets
3581935,S1002BLP,jppfs_cor:OtherSGA,その他、販売費及び一般管理費,stable,jppfs_cor:SellingGeneralAndAdministrativeExpenses
3581936,S1002BLP,jppfs_cor:AccountsReceivableTrade,売掛金,increase_20,jppfs_cor:CurrentAssets
3581937,S1002BLP,jppfs_cor:InterestIncomeNOI,受取利息、営業外収益,decrease_20,jppfs_cor:NonOperatingIncome
3581938,S1002BLP,jppfs_cor:RawMaterialsAndSupplies,原材料及び貯蔵品,stable,jppfs_cor:CurrentAssets
3581939,S1002BLP,jppfs_cor:EntertainmentExpensesSGA,交際費、販売費及び一般管理費,stable,jppfs_cor:SellingGeneralAndAdministrativeExpenses
3581940,S1002BLP,jppfs_cor:NotesReceivableTrade,受取手形,increase_20,jppfs_cor:CurrentAssets
3581941,S1002BLP,jppfs_cor:AccumulatedDepreciationToolsFurnitureAndFixtures,減価償却累計額、工具、器具及び備品,stable,jppfs_cor:ToolsFurnitureAndFixturesNet
3581942,S1002BLP,jppfs_cor:OtherCA,その他、流動資産,decrease_10,jppfs_cor:CurrentAssets
3581943,S1002BLP,jppfs_cor:DepositsReceived,預り金,decrease_20,jppfs_cor:CurrentLiabilities
3581944,S1002BLP,jppfs_cor:OperatingIncome,営業利益又は営業損失（△）,decrease_20,jppfs_cor:OrdinaryIncome
3581945,S1002BLP,jppfs_cor:OrdinaryIncome,経常利益又は経常損失（△）,decrease_20,jppfs_cor:IncomeBeforeIncomeTaxes
3581946,S1002BLP,jppfs_cor:AccumulatedDepreciationStructures,減価償却累計額、構築物,stable,jppfs_cor:StructuresNet
3581947,S1002BLP,jppfs_cor:AccumulatedDepreciationLeaseAssetsPPE,減価償却累計額、リース資産、有形固定資産,increase_20,jppfs_cor:LeaseAssetsNetPPE
3581948,S1002BLP,jppfs_cor:CapitalStock,資本金,stable,jppfs_cor:ShareholdersEquity
3581949,S1002BLP,jppfs_cor:UnearnedRevenue,前受収益,new,jppfs_cor:CurrentLiabilities
3581950,S1002BLP,jppfs_cor:NoncurrentAssets,固定資産,decrease_10,jppfs_cor:Assets
3581951,S1002BLP,jppfs_cor:LegalRetainedEarnings,利益準備金,stable,jppfs_cor:RetainedEarnings
3581952,S1002BLP,jppfs_cor:ShareholdersEquity,株主資本,stable,jppfs_cor:NetAssets
3581953,S1002BLP,jppfs_cor:AccountsPayableOther,未払金,increase_20,jppfs_cor:CurrentLiabilities
3581954,S1002BLP,jppfs_cor:LegalCapitalSurplus,資本準備金,stable,jppfs_cor:CapitalSurplus
3581955,S1002BLP,jppfs_cor:CapitalSurplus,資本剰余金,stable,jppfs_cor:ShareholdersEquity
3581956,S1002BLP,jppfs_cor:OtherNOE,その他、営業外費用,increase_20,jppfs_cor:NonOperatingExpenses
3581957,S1002BLP,jppfs_cor:NonOperatingIncome,営業外収益,stable,jppfs_cor:OrdinaryIncome
3581958,S1002BLP,jppfs_cor:SalesCommissionSGA,販売手数料、販売費及び一般管理費,increase_20,jppfs_cor:SellingGeneralAndAdministrativeExpenses
3581959,S1002BLP,jppfs_cor:EndingFinishedGoodsCOS,製品期末たな卸高、売上原価,decrease_10,jppfs_cor:CostOfFinishedGoodsSold
3581960,S1002BLP,jppfs_cor:AccumulatedDepreciationBuildings,減価償却累計額、建物,stable,jppfs_cor:BuildingsNet
3581961,S1002BLP,jppfs_cor:BonusesSGA,賞与、販売費及び一般管理費,stable,jppfs_cor:SellingGeneralAndAdministrativeExpenses
3581962,S1002BLP,jppfs_cor:BeginningFinishedGoodsCOS,製品期首たな卸高、売上原価,increase_10,jppfs_cor:TotalBeginningFinishedGoodsAndCostOfProductsManufacturedForThePeriod
3581963,S1002BLP,jppfs_cor:InterestExpensesNOE,支払利息、営業外費用,decrease_10,jppfs_cor:NonOperatingExpenses
3581964,S1002BLP,jpcrp030000-asr_E01707-000:ProductWarrantyExpensesSGA,製品保証費,decrease_20,jppfs_cor:SellingGeneralAndAdministrativeExpenses
3581965,S1002BLP,jppfs_cor:AccountsPayableTrade,買掛金,increase_20,jppfs_cor:CurrentLiabilities
3581966,S1002BLP,jppfs_cor:ProvisionForDirectorsRetirementBenefitsSGA,役員退職慰労引当金繰入額、販売費及び一般管理費,stable,jppfs_cor:SellingGeneralAndAdministrativeExpenses
3581967,S1002BLP,jppfs_cor:TotalBeginningFinishedGoodsAndCostOfProductsManufacturedForThePeriod,合計、製品期首たな卸高及び当期製品製造原価,increase_10,jppfs_cor:CostOfFinishedGoodsSold
3581968,S1002BLP,jppfs_cor:MiscellaneousIncomeNOI,雑収入、営業外収益,increase_20,jppfs_cor:NonOperatingIncome
3581969,S1002BLP,jppfs_cor:CurrentLiabilities,流動負債,increase_20,jppfs_cor:Liabilities
3581970,S1002BLP,jppfs_cor:PrepaidExpenses,前払費用,increase_10,jppfs_cor:CurrentAssets
3581971,S1002BLP,jppfs_cor:LeaseObligationsNCL,リース債務、固定負債,decrease_10,jppfs_cor:NoncurrentLiabilities
3581972,S1002BLP,jppfs_cor:GeneralReserve,-,decrease_20,jppfs_cor:RetainedEarnings
3581973,S1002BLP,jppfs_cor:Vehicles,車両運搬具,stable,jppfs_cor:VehiclesNet
3581974,S1002BLP,jppfs_cor:RetainedEarnings,利益剰余金,increase_10,jppfs_cor:ShareholdersEquity
3581975,S1002BLP,jppfs_cor:ProvisionForBonuses,賞与引当金,stable,jppfs_cor:CurrentLiabilities
3581976,S1002BLP,jppfs_cor:PrepaidPensionCostIOA,前払年金費用、投資その他の資産,decrease_20,jppfs_cor:InvestmentsAndOtherAssets
3581977,S1002BLP,jppfs_cor:AccruedConsumptionTaxes,未払消費税等,decrease_20,jppfs_cor:CurrentLiabilities
3581978,S1002BLP,jppfs_cor:SalariesAndAllowancesSGA,給料及び手当,stable,jppfs_cor:SellingGeneralAndAdministrativeExpenses
3581979,S1002BLP,jppfs_cor:ForeignExchangeGainsNOI,為替差益,increase_10,jppfs_cor:NonOperatingIncome
3581980,S1002BLP,jppfs_cor:LeaseObligationsCL,リース債務、流動負債,stable,jppfs_cor:CurrentLiabilities
3581981,S1002BLP,jppfs_cor:InvestmentSecurities,投資有価証券,increase_10,jppfs_cor:InvestmentsAndOtherAssets
3581982,S1002BLP,jppfs_cor:ExtraordinaryLoss,特別損失,decrease_20,jppfs_cor:IncomeBeforeIncomeTaxes
3581983,S1002BLP,jppfs_cor:IncomeTaxes,法人税等,increase_20,jppfs_cor:NetIncome
3581984,S1002BLP,jppfs_cor:IncomeTaxesPayable,未払法人税等,increase_20,jppfs_cor:CurrentLiabilities
3581985,S1002BLP,jppfs_cor:ExtraordinaryIncome,特別利益,new,jppfs_cor:IncomeBeforeIncomeTaxes
3581986,S1002BLP,jppfs_cor:IntangibleAssets,無形固定資産,decrease_20,jppfs_cor:NoncurrentAssets
3581987,S1002BLP,jppfs_cor:InvestmentsAndOtherAssets,投資その他の資産,decrease_10,jppfs_cor:NoncurrentAssets
3581988,S1002BLP,jppfs_cor:CashAndDeposits,現金及び預金,decrease_10,jppfs_cor:CurrentAssets
3581989,S1002BLP,jppfs_cor:DeferredTaxLiabilitiesNCL,繰延税金負債、固定負債,decrease_20,jppfs_cor:NoncurrentLiabilities
3581990,S1002BLP,jppfs_cor:RentExpensesSGA,賃借料,decrease_20,jppfs_cor:SellingGeneralAndAdministrativeExpenses
3581991,S1002BLP,jppfs_cor:SellingGeneralAndAdministrativeExpenses,販売費及び一般管理費,decrease_10,jppfs_cor:OperatingIncome
3581992,S1002BLP,jppfs_cor:CostOfSales,売上原価,increase_20,jppfs_cor:GrossProfit
3581993,S1002BLP,jppfs_cor:NetSales,売上高,increase_20,jppfs_cor:GrossProfit
3581994,S1002BLP,jppfs_cor:DirectorsCompensationsSGA,役員報酬、販売費及び一般管理費,stable,jppfs_cor:SellingGeneralAndAdministrativeExpenses
3581995,S1002BLP,jppfs_cor:Software,ソフトウエア,decrease_20,jppfs_cor:IntangibleAssets
3581996,S1002BLP,jppfs_cor:TreasuryStock,自己株式,stable,jppfs_cor:ShareholdersEquity
3581997,S1002BLP,jppfs_cor:RetirementBenefitExpensesSGA,退職給付費用,decrease_20,jppfs_cor:SellingGeneralAndAdministrativeExpenses
3581998,S1002BLP,jppfs_cor:NonOperatingExpenses,営業外費用,decrease_20,jppfs_cor:OrdinaryIncome
3581999,S1002BLP,jppfs_cor:DividendsIncomeNOI,受取配当金、営業外収益,increase_10,jppfs_cor:NonOperatingIncome
3582000,S1002BLP,jppfs_cor:WelfareExpensesSGA,福利厚生費、販売費及び一般管理費,increase_10,jppfs_cor:SellingGeneralAndAdministrativeExpenses
3582001,S1002BLP,jppfs_cor:GrossProfit,売上総利益又は売上総損失（△）,increase_20,jppfs_cor:OperatingIncome
3582002,S1002BLP,jppfs_cor:Structures,構築物,stable,jppfs_cor:StructuresNet
3582003,S1002BLP,jppfs_cor:ValuationAndTranslationAdjustments,評価・換算差額等,new,jppfs_cor:NetAssets
3582004,S1002BLP,jppfs_cor:DepreciationNOE,減価償却費,decrease_20,jppfs_cor:NonOperatingExpenses
3582005,S1002BLP,jppfs_cor:OtherIA,その他、無形固定資産,decrease_10,jppfs_cor:IntangibleAssets
3582006,S1002BLP,jppfs_cor:NotesPayableTrade,支払手形,decrease_20,jppfs_cor:CurrentLiabilities
3582007,S1002BLP,jppfs_cor:MerchandiseAndFinishedGoods,商品及び製品,decrease_10,jppfs_cor:CurrentAssets
3582008,S1002BLP,jppfs_cor:MachineryAndEquipment,機械及び装置,stable,jppfs_cor:MachineryAndEquipmentNet
3582009,S1002BLP,jppfs_cor:LeaseAssetsPPE,リース資産、有形固定資産,stable,jppfs_cor:LeaseAssetsNetPPE
3582010,S1002BLP,jppfs_cor:CostOfGoodsSold,商品売上原価,new,jppfs_cor:CostOfSales
3582011,S1002BLP,jppfs_cor:NetIncome,当期純利益又は当期純損失（△）,decrease_20,not_common_account
3582012,S1002BLP,jppfs_cor:NetSalesOfFinishedGoodsRevOA,製品売上高、営業活動による収益,increase_20,jppfs_cor:NetSales
3582013,S1002BLP,jppfs_cor:NetSalesOfGoodsRevOA,商品売上高、営業活動による収益,increase_20,jppfs_cor:NetSales
3582014,S1002BLP,jppfs_cor:CostOfFinishedGoodsSold,製品売上原価,increase_10,jppfs_cor:CostOfSales
3582015,S1002BLP,jppfs_cor:ValuationDifferenceOnAvailableForSaleSecurities,その他有価証券評価差額金,new,jppfs_cor:ValuationAndTranslationAdjustments
3582016,S1002BLP,jppfs_cor:OtherIOA,その他、投資その他の資産,decrease_10,jppfs_cor:InvestmentsAndOtherAssets
3582017,S1002BLP,jppfs_cor:TaxesAndDuesSGA,租税公課、販売費及び一般管理費,increase_10,jppfs_cor:SellingGeneralAndAdministrativeExpenses
3582018,S1002BLP,jppfs_cor:PropertyPlantAndEquipment,有形固定資産,decrease_10,jppfs_cor:NoncurrentAssets
3582019,S1002BLP,jppfs_cor:NoncurrentLiabilities,固定負債,stable,jppfs_cor:Liabilities
3582020,S1002BLP,jppfs_cor:WorkInProcess,仕掛品,increase_20,jppfs_cor:CurrentAssets
3582021,S1002BLP,jppfs_cor:ProvisionForProductWarrantiesSGA,製品保証引当金繰入額,increase_20,jppfs_cor:SellingGeneralAndAdministrativeExpenses
3582022,S1002BLP,jppfs_cor:IncomeBeforeIncomeTaxes,税引前当期純利益又は税引前当期純損失（△）,decrease_20,jppfs_cor:NetIncome
3582023,S1002BLP,jppfs_cor:ProvisionOfAllowanceForDoubtfulAccountsSGA,貸倒引当金繰入額、販売費及び一般管理費,increase_20,jppfs_cor:SellingGeneralAndAdministrativeExpenses
3582024,S1002BLP,jppfs_cor:AccruedExpenses,未払費用,increase_20,jppfs_cor:CurrentLiabilities
3582025,S1002BLP,jppfs_cor:AllowanceForDoubtfulAccountsClaimsInBankruptcyReorganizationClaimsAndOther,貸倒引当金、破産更生債権等,stable,jppfs_cor:InvestmentsAndOtherAssets
3582026,S1002BLP,jppfs_cor:IncomeTaxesDeferred,法人税等調整額,increase_20,jppfs_cor:IncomeTaxes
3582027,S1002BLP,jppfs_cor:AccumulatedDepreciationMachineryAndEquipment,減価償却累計額、機械及び装置,stable,jppfs_cor:MachineryAndEquipmentNet
3582028,S1002BLP,jpcrp030000-asr_E01707-000:CommissionForInsuranceAgencyNOI,保険代理店手数料,increase_10,jppfs_cor:NonOperatingIncome
3582029,S1002BLP,jppfs_cor:ProvisionForDirectorsRetirementBenefits,役員退職慰労引当金,stable,jppfs_cor:NoncurrentLiabilities
3582030,S1002BLP,jpcrp030000-asr_E01707-000:GainOnSalesOfRealEstateForInvestment,投資不動産売却益,decrease_10,jppfs_cor:NonOperatingIncome
3582031,S1002BLP,jppfs_cor:SalesOnRealEstateBusinessRevOA,不動産事業売上高,new,jppfs_cor:NetSales
3582032,S1002BLP,jppfs_cor:ProvisionForBonusesSGA,賞与引当金繰入額,increase_10,jppfs_cor:SellingGeneralAndAdministrativeExpenses
3582033,S1002BLP,jppfs_cor:ResearchAndDevelopmentExpensesSGA,研究開発費、販売費及び一般管理費,decrease_20,jppfs_cor:SellingGeneralAndAdministrativeExpenses
3582034,S1002BLP,jppfs_cor:Land,土地,stable,jppfs_cor:PropertyPlantAndEquipment
3582035,S1002BLP,jppfs_cor:GainOnSalesOfNoncurrentAssetsEI,固定資産売却益、特別利益,new,jppfs_cor:ExtraordinaryIncome
3582036,S1002BLP,jppfs_cor:ClaimsProvableInBankruptcyClaimsProvableInRehabilitationAndOther,破産更生債権等,stable,jppfs_cor:InvestmentsAndOtherAssets
3582037,S1002BLP,jppfs_cor:AdvertisingExpensesSGA,広告宣伝費、販売費及び一般管理費,decrease_20,jppfs_cor:SellingGeneralAndAdministrativeExpenses
3582038,S1002BLP,jppfs_cor:InterestOnSecuritiesNOI,有価証券利息、営業外収益,decrease_10,jppfs_cor:NonOperatingIncome
3582039,S1002BLP,jppfs_cor:DepreciationSGA,減価償却費、販売費及び一般管理費,decrease_10,jppfs_cor:SellingGeneralAndAdministrativeExpenses
3582040,S1002BLP,jppfs_cor:TravelingAndTransportationExpensesSGA,旅費及び交通費,decrease_10,jppfs_cor:SellingGeneralAndAdministrativeExpenses
3582041,S1002BLP,jppfs_cor:Liabilities,負債,increase_20,jppfs_cor:LiabilitiesAndNetAssets
3582042,S1002BLP,jppfs_cor:ToolsFurnitureAndFixtures,工具、器具及び備品,stable,jppfs_cor:ToolsFurnitureAndFixturesNet
3582043,S1002BLP,jppfs_cor:LossOnRetirementOfNoncurrentAssetsEL,固定資産除却損、特別損失,decrease_20,jppfs_cor:ExtraordinaryLoss
3582044,S1002BLP,jppfs_cor:IncomeTaxesCurrent,法人税、住民税及び事業税,increase_20,jppfs_cor:IncomeTaxes
3582045,S1002BLP,jppfs_cor:AccumulatedDepreciationVehicles,減価償却累計額、車両運搬具,increase_10,jppfs_cor:VehiclesNet
3582046,S1002BLP,jppfs_cor:AllowanceForDoubtfulAccountsCA,貸倒引当金、流動資産、一括控除,decrease_10,jppfs_cor:CurrentAssets
3582047,S1002BLP,jppfs_cor:CostOfProductsManufactured,当期製品製造原価,increase_10,jppfs_cor:TotalBeginningFinishedGoodsAndCostOfProductsManufacturedForThePeriod
3582048,S1002BLP,jppfs_cor:Buildings,建物,stable,jppfs_cor:BuildingsNet
3582049,S1002BLP,jppfs_cor:RetainedEarningsBroughtForward,繰越利益剰余金,decrease_20,jppfs_cor:RetainedEarnings
3582050,S1002BLP,jppfs_cor:ProvisionForProductWarranties,製品保証引当金,decrease_20,jppfs_cor:CurrentLiabilities
3627863,S10028UQ,jppfs_cor:LongTermLoansReceivable,長期貸付金,increase_10,jppfs_cor:InvestmentsAndOtherAssets
3627864,S10028UQ,jppfs_cor:ForeignCurrencyTranslationAdjustment,為替換算調整勘定,decrease_20,jppfs_cor:ValuationAndTranslationAdjustments
3627865,S10028UQ,jppfs_cor:AccumulatedDepreciationMachineryEquipmentAndVehicles,減価償却累計額、機械装置及び運搬具,stable,jppfs_cor:MachineryEquipmentAndVehiclesNet
3627866,S10028UQ,jppfs_cor:InvestmentSecurities,投資有価証券,increase_10,jppfs_cor:InvestmentsAndOtherAssets
3627867,S10028UQ,jppfs_cor:SellingGeneralAndAdministrativeExpenses,販売費及び一般管理費,increase_10,jppfs_cor:OperatingIncome
3627868,S10028UQ,jppfs_cor:LossOnDisposalOfNoncurrentAssetsEL,固定資産処分損、特別損失,decrease_20,jppfs_cor:ExtraordinaryLoss
3627869,S10028UQ,jppfs_cor:OtherCA,その他、流動資産,increase_10,jppfs_cor:CurrentAssets
3627870,S10028UQ,jppfs_cor:InterestExpensesNOE,支払利息、営業外費用,stable,jppfs_cor:NonOperatingExpenses
3627871,S10028UQ,jppfs_cor:DeferredTaxAssetsCA,繰延税金資産、流動資産,stable,jppfs_cor:CurrentAssets
3627872,S10028UQ,jppfs_cor:DeferredTaxLiabilitiesNCL,繰延税金負債、固定負債,decrease_20,jppfs_cor:NoncurrentLiabilities
3627873,S10028UQ,jppfs_cor:LeaseObligationsNCL,リース債務、固定負債,increase_10,jppfs_cor:NoncurrentLiabilities
3627874,S10028UQ,jppfs_cor:ShortTermLoansPayable,短期借入金,increase_10,jppfs_cor:CurrentLiabilities
3627875,S10028UQ,jppfs_cor:MerchandiseAndFinishedGoods,商品及び製品,stable,jppfs_cor:CurrentAssets
3627876,S10028UQ,jppfs_cor:AssetRetirementObligationsNCL,資産除去債務、固定負債,stable,jppfs_cor:NoncurrentLiabilities
3627877,S10028UQ,jppfs_cor:ImpairmentLossEL,減損損失、特別損失,decrease_20,jppfs_cor:ExtraordinaryLoss
3627878,S10028UQ,jppfs_cor:RetainedEarnings,利益剰余金,increase_20,jppfs_cor:ShareholdersEquity
3627879,S10028UQ,jppfs_cor:ToolsFurnitureAndFixtures,工具、器具及び備品,stable,jppfs_cor:ToolsFurnitureAndFixturesNet
3627880,S10028UQ,jppfs_cor:NetSales,売上高,increase_10,jppfs_cor:GrossProfit
3627881,S10028UQ,jppfs_cor:ProvisionForBonuses,賞与引当金,stable,jppfs_cor:CurrentLiabilities
3627882,S10028UQ,jppfs_cor:InterestIncomeNOI,受取利息、営業外収益,increase_20,jppfs_cor:NonOperatingIncome
3627883,S10028UQ,jppfs_cor:SellingExpensesSGA,販売費,increase_10,jppfs_cor:SellingGeneralAndAdministrativeExpenses
3627884,S10028UQ,jppfs_cor:AccumulatedDepreciationToolsFurnitureAndFixtures,減価償却累計額、工具、器具及び備品,stable,jppfs_cor:ToolsFurnitureAndFixturesNet
3627885,S10028UQ,jppfs_cor:LongTermPrepaidExpenses,長期前払費用,increase_10,jppfs_cor:InvestmentsAndOtherAssets
3627886,S10028UQ,jppfs_cor:NoncurrentAssets,固定資産,stable,jppfs_cor:Assets
3627887,S10028UQ,jppfs_cor:OtherCL,その他、流動負債,decrease_20,jppfs_cor:CurrentLiabilities
3627888,S10028UQ,jppfs_cor:MachineryEquipmentAndVehicles,機械装置及び運搬具,increase_10,jppfs_cor:MachineryEquipmentAndVehiclesNet
3627889,S10028UQ,jppfs_cor:NotesAndAccountsReceivableTrade,受取手形及び売掛金,stable,jppfs_cor:CurrentAssets
3627890,S10028UQ,jppfs_cor:GrossProfit,売上総利益又は売上総損失（△）,increase_10,jppfs_cor:OperatingIncome
3627891,S10028UQ,jppfs_cor:AccumulatedDepreciationLeaseAssetsPPE,減価償却累計額、リース資産、有形固定資産,decrease_20,jppfs_cor:LeaseAssetsNetPPE
3627892,S10028UQ,jppfs_cor:ShareholdersEquity,株主資本,increase_10,jppfs_cor:NetAssets
3627893,S10028UQ,jppfs_cor:CompensationIncomeNOI,受取補償金,new,jppfs_cor:NonOperatingIncome
3627894,S10028UQ,jppfs_cor:NotesAndAccountsPayableTrade,支払手形及び買掛金,stable,jppfs_cor:CurrentLiabilities
3627895,S10028UQ,jppfs_cor:Land,土地,stable,jppfs_cor:PropertyPlantAndEquipment
3627896,S10028UQ,jppfs_cor:Liabilities,負債,stable,jppfs_cor:LiabilitiesAndNetAssets
3627897,S10028UQ,jppfs_cor:NetDefinedBenefitLiability,退職給付に係る負債,new,jppfs_cor:NoncurrentLiabilities
3627898,S10028UQ,jppfs_cor:NetIncome,当期純利益又は当期純損失（△）,increase_20,jppfs_cor:IncomeBeforeMinorityInterestsCI
3627899,S10028UQ,jppfs_cor:InsuranceIncomeNOI,受取保険金,increase_20,jppfs_cor:NonOperatingIncome
3627900,S10028UQ,jppfs_cor:NonOperatingExpenses,営業外費用,decrease_10,jppfs_cor:OrdinaryIncome
3627901,S10028UQ,jppfs_cor:OtherNCL,その他、固定負債,stable,jppfs_cor:NoncurrentLiabilities
3627902,S10028UQ,jppfs_cor:NonOperatingIncome,営業外収益,increase_20,jppfs_cor:OrdinaryIncome
3627903,S10028UQ,jppfs_cor:TreasuryStock,自己株式,stable,jppfs_cor:ShareholdersEquity
3627904,S10028UQ,jppfs_cor:CashAndDeposits,現金及び預金,increase_20,jppfs_cor:CurrentAssets
3627905,S10028UQ,jppfs_cor:GeneralAndAdministrativeExpensesSGA,一般管理費,stable,jppfs_cor:SellingGeneralAndAdministrativeExpenses
3627906,S10028UQ,jppfs_cor:IncomeBeforeMinorityInterests,少数株主損益調整前当期純利益又は少数株主損益調整前当期純損失（△）,increase_20,jppfs_cor:NetIncome
3627907,S10028UQ,jppfs_cor:AccumulatedDepreciationBuildingsAndStructures,減価償却累計額、建物及び構築物,stable,jppfs_cor:BuildingsAndStructuresNet
3627908,S10028UQ,jppfs_cor:OtherIOA,その他、投資その他の資産,stable,jppfs_cor:InvestmentsAndOtherAssets
3627909,S10028UQ,jppfs_cor:CurrentLiabilities,流動負債,stable,jppfs_cor:Liabilities
3627910,S10028UQ,jppfs_cor:AccruedExpenses,未払費用,decrease_10,jppfs_cor:CurrentLiabilities
3627911,S10028UQ,jppfs_cor:CurrentAssets,流動資産,increase_10,jppfs_cor:Assets
3627912,S10028UQ,jppfs_cor:LeaseAssetsPPE,リース資産、有形固定資産,decrease_20,jppfs_cor:LeaseAssetsNetPPE
3627913,S10028UQ,jppfs_cor:ValuationDifferenceOnAvailableForSaleSecurities,その他有価証券評価差額金,decrease_20,jppfs_cor:ValuationAndTranslationAdjustments
3627914,S10028UQ,jppfs_cor:LongTermLoansPayable,長期借入金,increase_10,jppfs_cor:NoncurrentLiabilities
3627915,S10028UQ,jppfs_cor:OtherNOE,その他、営業外費用,decrease_20,jppfs_cor:NonOperatingExpenses
3627916,S10028UQ,jppfs_cor:CapitalSurplus,資本剰余金,stable,jppfs_cor:ShareholdersEquity
3627917,S10028UQ,jppfs_cor:BuildingsAndStructures,建物及び構築物,stable,jppfs_cor:BuildingsAndStructuresNet
3627918,S10028UQ,jppfs_cor:RemeasurementsOfDefinedBenefitPlans,退職給付に係る調整累計額,new,jppfs_cor:ValuationAndTranslationAdjustments
3627919,S10028UQ,jppfs_cor:ExtraordinaryLoss,特別損失,decrease_20,jppfs_cor:IncomeBeforeIncomeTaxes
3627920,S10028UQ,jppfs_cor:RawMaterialsAndSupplies,原材料及び貯蔵品,stable,jppfs_cor:CurrentAssets
3627921,S10028UQ,jppfs_cor:IncomeTaxesDeferred,法人税等調整額,new,jppfs_cor:IncomeTaxes
3627922,S10028UQ,jppfs_cor:ConstructionInProgress,建設仮勘定,decrease_20,jppfs_cor:PropertyPlantAndEquipment
3627923,S10028UQ,jppfs_cor:PropertyPlantAndEquipment,有形固定資産,stable,jppfs_cor:NoncurrentAssets
3627924,S10028UQ,jppfs_cor:IntangibleAssets,無形固定資産,stable,jppfs_cor:NoncurrentAssets
3627925,S10028UQ,jppfs_cor:InvestmentsAndOtherAssets,投資その他の資産,stable,jppfs_cor:NoncurrentAssets
3627926,S10028UQ,jppfs_cor:OrdinaryIncome,経常利益又は経常損失（△）,increase_20,jppfs_cor:IncomeBeforeIncomeTaxes
3627927,S10028UQ,jppfs_cor:OperatingIncome,営業利益又は営業損失（△）,increase_20,jppfs_cor:OrdinaryIncome
3627928,S10028UQ,jppfs_cor:IncomeTaxesPayable,未払法人税等,increase_20,jppfs_cor:CurrentLiabilities
3627929,S10028UQ,jppfs_cor:AccruedBusinessOfficeTaxes,-,increase_10,jppfs_cor:CurrentLiabilities
3627930,S10028UQ,jppfs_cor:ForeignExchangeGainsNOI,為替差益,decrease_20,jppfs_cor:NonOperatingIncome
3627931,S10028UQ,jppfs_cor:DeferredGainsOrLossesOnHedges,繰延ヘッジ損益,decrease_20,jppfs_cor:ValuationAndTranslationAdjustments
3627932,S10028UQ,jppfs_cor:DividendsIncomeNOI,受取配当金、営業外収益,stable,jppfs_cor:NonOperatingIncome
3627933,S10028UQ,jppfs_cor:IncomeBeforeIncomeTaxes,税引前当期純利益又は税引前当期純損失（△）,increase_20,jppfs_cor:IncomeBeforeMinorityInterests
3627934,S10028UQ,jppfs_cor:DeferredTaxAssetsIOA,繰延税金資産、投資その他の資産,decrease_20,jppfs_cor:InvestmentsAndOtherAssets
3627935,S10028UQ,jppfs_cor:PrepaidExpenses,前払費用,increase_10,jppfs_cor:CurrentAssets
3627936,S10028UQ,jppfs_cor:EquityInEarningsOfAffiliatesNOI,持分法による投資利益、営業外収益,decrease_10,jppfs_cor:NonOperatingIncome
3627937,S10028UQ,jppfs_cor:ValuationAndTranslationAdjustments,評価・換算差額等,decrease_20,jppfs_cor:NetAssets
3627938,S10028UQ,jppfs_cor:OtherNOI,その他、営業外収益,increase_20,jppfs_cor:NonOperatingIncome
3627939,S10028UQ,jppfs_cor:CapitalStock,資本金,stable,jppfs_cor:ShareholdersEquity
3627940,S10028UQ,jppfs_cor:LeaseObligationsCL,リース債務、流動負債,decrease_20,jppfs_cor:CurrentLiabilities
3627941,S10028UQ,jppfs_cor:WorkInProcess,仕掛品,increase_10,jppfs_cor:CurrentAssets
3627942,S10028UQ,jppfs_cor:NoncurrentLiabilities,固定負債,increase_10,jppfs_cor:Liabilities
3627943,S10028UQ,jppfs_cor:CostOfSales,売上原価,stable,jppfs_cor:GrossProfit
3627944,S10028UQ,jppfs_cor:IncomeTaxes,法人税等,increase_20,jppfs_cor:IncomeBeforeMinorityInterests
3627945,S10028UQ,jppfs_cor:IncomeTaxesCurrent,法人税、住民税及び事業税,increase_20,jppfs_cor:IncomeTaxes
3627946,S10028UQ,jppfs_cor:AllowanceForDoubtfulAccountsCA,貸倒引当金、流動資産、一括控除,increase_10,jppfs_cor:CurrentAssets
3627947,S10028UQ,jppfs_cor:AllowanceForDoubtfulAccountsIOAByGroup,貸倒引当金、投資その他の資産、一括控除,stable,jppfs_cor:InvestmentsAndOtherAssets
3627948,S10028UQ,jppfs_cor:MinorityInterestsInIncome,少数株主利益又は少数株主損失（△）,increase_20,jppfs_cor:NetIncome
3631639,S10028NQ,jppfs_cor:RetirementBenefitExpensesSGA,退職給付費用,stable,jppfs_cor:SellingGeneralAndAdministrativeExpenses
3631640,S10028NQ,jppfs_cor:AccumulatedDepreciationBuildingsAndStructures,減価償却累計額、建物及び構築物,stable,jppfs_cor:BuildingsAndStructuresNet
3631641,S10028NQ,jpcrp030000-asr_E01336-000:AccountsPayableOtherCL,未払金,increase_10,jppfs_cor:CurrentLiabilities
3631642,S10028NQ,jppfs_cor:AllowanceForDoubtfulAccountsIOAByGroup,貸倒引当金、投資その他の資産、一括控除,decrease_10,jppfs_cor:InvestmentsAndOtherAssets
3631643,S10028NQ,jppfs_cor:OtherIA,その他、無形固定資産,stable,jppfs_cor:IntangibleAssets
3631644,S10028NQ,jppfs_cor:BuildingsAndStructures,建物及び構築物,stable,jppfs_cor:BuildingsAndStructuresNet
3631645,S10028NQ,jppfs_cor:MerchandiseAndFinishedGoods,商品及び製品,increase_10,jppfs_cor:CurrentAssets
3631646,S10028NQ,jppfs_cor:IncomeTaxesPayable,未払法人税等,stable,jppfs_cor:CurrentLiabilities
3631647,S10028NQ,jppfs_cor:GainOnNegativeGoodwillEI,負ののれん発生益、特別利益,new,jppfs_cor:ExtraordinaryIncome
3631648,S10028NQ,jppfs_cor:ExtraordinaryIncome,特別利益,decrease_20,jppfs_cor:IncomeBeforeIncomeTaxes
3631649,S10028NQ,jppfs_cor:OrdinaryIncome,経常利益又は経常損失（△）,decrease_20,jppfs_cor:IncomeBeforeIncomeTaxes
3631650,S10028NQ,jppfs_cor:CapitalStock,資本金,stable,jppfs_cor:ShareholdersEquity
3631651,S10028NQ,jppfs_cor:DeferredTaxLiabilitiesForLandRevaluation,再評価に係る繰延税金負債,stable,jppfs_cor:NoncurrentLiabilities
3631652,S10028NQ,jppfs_cor:IntangibleAssets,無形固定資産,stable,jppfs_cor:NoncurrentAssets
3631653,S10028NQ,jppfs_cor:InvestmentSecurities,投資有価証券,increase_10,jppfs_cor:InvestmentsAndOtherAssets
3631654,S10028NQ,jppfs_cor:OtherPPE,その他、有形固定資産,increase_20,jppfs_cor:PropertyPlantAndEquipment
3631655,S10028NQ,jppfs_cor:OperatingIncome,営業利益又は営業損失（△）,increase_20,jppfs_cor:OrdinaryIncome
3631656,S10028NQ,jppfs_cor:NetDefinedBenefitAsset,退職給付に係る資産,new,jppfs_cor:InvestmentsAndOtherAssets
3631657,S10028NQ,jppfs_cor:IncomeTaxesCurrent,法人税、住民税及び事業税,increase_10,jppfs_cor:IncomeTaxes
3631658,S10028NQ,jppfs_cor:ProvisionForDirectorsRetirementBenefits,役員退職慰労引当金,stable,jppfs_cor:NoncurrentLiabilities
3631659,S10028NQ,jppfs_cor:OtherSellingExpensesSGA,その他の販売費,decrease_10,jppfs_cor:SellingGeneralAndAdministrativeExpenses
3631660,S10028NQ,jppfs_cor:SellingGeneralAndAdministrativeExpenses,販売費及び一般管理費,stable,jppfs_cor:OperatingIncome
3631661,S10028NQ,jppfs_cor:InterestIncomeNOI,受取利息、営業外収益,increase_20,jppfs_cor:NonOperatingIncome
3631662,S10028NQ,jpcrp030000-asr_E01336-000:TheAmountOfSurchargeReserveFundTransferEL,課徴金引当金繰入額,new,jppfs_cor:ExtraordinaryLoss
3631663,S10028NQ,jppfs_cor:ResearchAndDevelopmentExpensesSGA,研究開発費、販売費及び一般管理費,decrease_10,jppfs_cor:SellingGeneralAndAdministrativeExpenses
3631664,S10028NQ,jppfs_cor:EquityInLossesOfAffiliatesNOE,持分法による投資損失、営業外費用,increase_20,jppfs_cor:NonOperatingExpenses
3631665,S10028NQ,jppfs_cor:CashAndDeposits,現金及び預金,decrease_10,jppfs_cor:CurrentAssets
3631666,S10028NQ,jppfs_cor:IncomeBeforeMinorityInterests,少数株主損益調整前当期純利益又は少数株主損益調整前当期純損失（△）,decrease_20,jppfs_cor:NetIncome
3631667,S10028NQ,jppfs_cor:NotesAndAccountsReceivableTrade,受取手形及び売掛金,stable,jppfs_cor:CurrentAssets
3631668,S10028NQ,jppfs_cor:NotesAndAccountsPayableTrade,支払手形及び買掛金,stable,jppfs_cor:CurrentLiabilities
3631669,S10028NQ,jppfs_cor:CostOfSales,売上原価,increase_10,jppfs_cor:GrossProfit
3631670,S10028NQ,jppfs_cor:ProvisionForDirectorsRetirementBenefitsSGA,役員退職慰労引当金繰入額、販売費及び一般管理費,increase_10,jppfs_cor:SellingGeneralAndAdministrativeExpenses
3631671,S10028NQ,jppfs_cor:BusinessStructureImprovementExpensesEL,事業構造改善費用,decrease_20,jppfs_cor:ExtraordinaryLoss
3631672,S10028NQ,jppfs_cor:MachineryEquipmentAndVehicles,機械装置及び運搬具,stable,jppfs_cor:MachineryEquipmentAndVehiclesNet
3631673,S10028NQ,jppfs_cor:OtherEL,その他、特別損失,decrease_20,jppfs_cor:ExtraordinaryLoss
3631674,S10028NQ,jppfs_cor:IncomeTaxes,法人税等,increase_20,jppfs_cor:IncomeBeforeMinorityInterests
3631675,S10028NQ,jppfs_cor:MinorityInterestsInIncome,少数株主利益又は少数株主損失（△）,decrease_20,jppfs_cor:NetIncome
3631676,S10028NQ,jppfs_cor:IncomeTaxesDeferred,法人税等調整額,decrease_10,jppfs_cor:IncomeTaxes
3631677,S10028NQ,jppfs_cor:PropertyPlantAndEquipment,有形固定資産,stable,jppfs_cor:NoncurrentAssets
3631678,S10028NQ,jppfs_cor:DepreciationSGA,減価償却費、販売費及び一般管理費,increase_10,jppfs_cor:SellingGeneralAndAdministrativeExpenses
3631679,S10028NQ,jppfs_cor:NetDefinedBenefitLiability,退職給付に係る負債,new,jppfs_cor:NoncurrentLiabilities
3631680,S10028NQ,jppfs_cor:LongTermLoansPayable,長期借入金,increase_10,jppfs_cor:NoncurrentLiabilities
3631681,S10028NQ,jppfs_cor:TreasuryStock,自己株式,increase_10,jppfs_cor:ShareholdersEquity
3631682,S10028NQ,jppfs_cor:GrossProfit,売上総利益又は売上総損失（△）,increase_10,jppfs_cor:OperatingIncome
3631683,S10028NQ,jppfs_cor:DividendsIncomeNOI,受取配当金、営業外収益,increase_10,jppfs_cor:NonOperatingIncome
3631684,S10028NQ,jppfs_cor:ValuationDifferenceOnAvailableForSaleSecurities,その他有価証券評価差額金,stable,jppfs_cor:ValuationAndTranslationAdjustments
3631685,S10028NQ,jppfs_cor:ShortTermLoansPayable,短期借入金,stable,jppfs_cor:CurrentLiabilities
3631686,S10028NQ,jppfs_cor:AllowanceForDoubtfulAccountsCA,貸倒引当金、流動資産、一括控除,decrease_20,jppfs_cor:CurrentAssets
3631687,S10028NQ,jppfs_cor:CompensationIncomeNOI,受取補償金,new,jppfs_cor:NonOperatingIncome
3631688,S10028NQ,jppfs_cor:OtherNOE,その他、営業外費用,increase_20,jppfs_cor:NonOperatingExpenses
3631689,S10028NQ,jppfs_cor:NetSales,売上高,increase_10,jppfs_cor:GrossProfit
3631690,S10028NQ,jppfs_cor:OtherNOI,その他、営業外収益,increase_10,jppfs_cor:NonOperatingIncome
3631691,S10028NQ,jppfs_cor:StateSubsidyEI,国庫補助金,new,jppfs_cor:ExtraordinaryIncome
3631692,S10028NQ,jppfs_cor:ProvisionForLossOnConstructionContracts,-,new,jppfs_cor:CurrentLiabilities
3631693,S10028NQ,jppfs_cor:InvestmentsAndOtherAssets,投資その他の資産,decrease_20,jppfs_cor:NoncurrentAssets
3631694,S10028NQ,jppfs_cor:NonOperatingExpenses,営業外費用,decrease_10,jppfs_cor:OrdinaryIncome
3631695,S10028NQ,jppfs_cor:OtherCL,その他、流動負債,stable,jppfs_cor:CurrentLiabilities
3631696,S10028NQ,jppfs_cor:ProvisionForBusinessStructureImprovementCL,-,decrease_20,jppfs_cor:CurrentLiabilities
3631697,S10028NQ,jppfs_cor:ProvisionOfAllowanceForDoubtfulAccountsSGA,貸倒引当金繰入額、販売費及び一般管理費,decrease_20,jppfs_cor:SellingGeneralAndAdministrativeExpenses
3631698,S10028NQ,jppfs_cor:PackingAndTransportationExpensesSGA,荷造運搬費,stable,jppfs_cor:SellingGeneralAndAdministrativeExpenses
3631699,S10028NQ,jppfs_cor:AccumulatedDepreciationMachineryEquipmentAndVehicles,減価償却累計額、機械装置及び運搬具,stable,jppfs_cor:MachineryEquipmentAndVehiclesNet
3631700,S10028NQ,jppfs_cor:ForeignCurrencyTranslationAdjustment,為替換算調整勘定,new,jppfs_cor:ValuationAndTranslationAdjustments
3631701,S10028NQ,jppfs_cor:OtherCA,その他、流動資産,increase_20,jppfs_cor:CurrentAssets
3631702,S10028NQ,jppfs_cor:GainOnSalesOfInvestmentSecuritiesEI,投資有価証券売却益、特別利益,increase_20,jppfs_cor:ExtraordinaryIncome
3631703,S10028NQ,jppfs_cor:Land,土地,stable,jppfs_cor:PropertyPlantAndEquipment
3631704,S10028NQ,jppfs_cor:OtherSGA,その他、販売費及び一般管理費,stable,jppfs_cor:SellingGeneralAndAdministrativeExpenses
3631705,S10028NQ,jppfs_cor:ImpairmentLossEL,減損損失、特別損失,decrease_20,jppfs_cor:ExtraordinaryLoss
3631706,S10028NQ,jppfs_cor:RetainedEarnings,利益剰余金,decrease_20,jppfs_cor:ShareholdersEquity
3631707,S10028NQ,jppfs_cor:ValuationAndTranslationAdjustments,評価・換算差額等,decrease_20,jppfs_cor:NetAssets
3631708,S10028NQ,jppfs_cor:RevaluationReserveForLand,土地再評価差額金,stable,jppfs_cor:ValuationAndTranslationAdjustments
3631709,S10028NQ,jppfs_cor:DeferredTaxAssetsCA,繰延税金資産、流動資産,decrease_20,jppfs_cor:CurrentAssets
3631710,S10028NQ,jppfs_cor:NonOperatingIncome,営業外収益,increase_20,jppfs_cor:OrdinaryIncome
3631711,S10028NQ,jppfs_cor:AccumulatedDepreciationToolsFurnitureAndFixtures,減価償却累計額、工具、器具及び備品,stable,jppfs_cor:ToolsFurnitureAndFixturesNet
3631712,S10028NQ,jppfs_cor:RawMaterialsAndSupplies,原材料及び貯蔵品,increase_10,jppfs_cor:CurrentAssets
3631713,S10028NQ,jppfs_cor:InsurancePremiumsRefundedCancellationNOI,保険解約返戻金,new,jppfs_cor:NonOperatingIncome
3631714,S10028NQ,jppfs_cor:EmployeesSalariesAndAllowancesSGA,従業員給料及び手当,stable,jppfs_cor:SellingGeneralAndAdministrativeExpenses
3631715,S10028NQ,jppfs_cor:NetIncome,当期純利益又は当期純損失（△）,decrease_20,jppfs_cor:IncomeBeforeMinorityInterestsCI
3631716,S10028NQ,jppfs_cor:CurrentLiabilities,流動負債,stable,jppfs_cor:Liabilities
3631717,S10028NQ,jpcrp030000-asr_E01336-000:ProvisionForSurchargeCL,課徴金引当金,new,jppfs_cor:CurrentLiabilities
3631718,S10028NQ,jppfs_cor:CapitalSurplus,資本剰余金,decrease_20,jppfs_cor:ShareholdersEquity
3631719,S10028NQ,jppfs_cor:ExtraordinaryLoss,特別損失,decrease_20,jppfs_cor:IncomeBeforeIncomeTaxes
3631720,S10028NQ,jppfs_cor:CurrentAssets,流動資産,increase_10,jppfs_cor:Assets
3631721,S10028NQ,jppfs_cor:ToolsFurnitureAndFixtures,工具、器具及び備品,stable,jppfs_cor:ToolsFurnitureAndFixturesNet
3631722,S10028NQ,jppfs_cor:Liabilities,負債,increase_10,jppfs_cor:LiabilitiesAndNetAssets
3631723,S10028NQ,jppfs_cor:ShareholdersEquity,株主資本,stable,jppfs_cor:NetAssets
3631724,S10028NQ,jppfs_cor:InterestExpensesNOE,支払利息、営業外費用,stable,jppfs_cor:NonOperatingExpenses
3631725,S10028NQ,jppfs_cor:OtherIOA,その他、投資その他の資産,decrease_20,jppfs_cor:InvestmentsAndOtherAssets
3631726,S10028NQ,jppfs_cor:RemeasurementsOfDefinedBenefitPlans,退職給付に係る調整累計額,decrease_20,jppfs_cor:ValuationAndTranslationAdjustments
3631727,S10028NQ,jppfs_cor:ForeignExchangeGainsNOI,為替差益,decrease_20,jppfs_cor:NonOperatingIncome
3631728,S10028NQ,jppfs_cor:DeferredTaxLiabilitiesNCL,繰延税金負債、固定負債,decrease_20,jppfs_cor:NoncurrentLiabilities
3631729,S10028NQ,jppfs_cor:NoncurrentAssets,固定資産,stable,jppfs_cor:Assets
3631730,S10028NQ,jppfs_cor:NoncurrentLiabilities,固定負債,increase_10,jppfs_cor:Liabilities
3631731,S10028NQ,jppfs_cor:OtherNCL,その他、固定負債,increase_20,jppfs_cor:NoncurrentLiabilities
3631732,S10028NQ,jppfs_cor:WorkInProcess,仕掛品,increase_10,jppfs_cor:CurrentAssets
3631733,S10028NQ,jppfs_cor:IncomeBeforeIncomeTaxes,税引前当期純利益又は税引前当期純損失（△）,decrease_20,jppfs_cor:IncomeBeforeMinorityInterests
3636903,S10028EC,jppfs_cor:AccountsPayableTrade,買掛金,decrease_20,jppfs_cor:CurrentLiabilities
3636904,S10028EC,jppfs_cor:DeferredAssets,繰延資産,increase_20,jppfs_cor:Assets
3636905,S10028EC,jppfs_cor:GainOnTransferOfBusinessEI,事業譲渡益,new,jppfs_cor:ExtraordinaryIncome
3636906,S10028EC,jppfs_cor:PropertyPlantAndEquipment,有形固定資産,new,jppfs_cor:NoncurrentAssets
3636907,S10028EC,jppfs_cor:OtherIA,その他、無形固定資産,new,jppfs_cor:IntangibleAssets
3636908,S10028EC,jppfs_cor:MiscellaneousLossNOE,雑損失、営業外費用,increase_20,jppfs_cor:NonOperatingExpenses
3636909,S10028EC,jpcrp030000-asr_E03801-000:SystemMigrationExpenxseEL,システム再編費用,increase_20,jppfs_cor:ExtraordinaryLoss
3636910,S10028EC,jppfs_cor:CapitalSurplus,資本剰余金,decrease_10,jppfs_cor:ShareholdersEquity
3636911,S10028EC,jppfs_cor:NetSales,売上高,increase_20,jppfs_cor:GrossProfit
3636912,S10028EC,jppfs_cor:SellingGeneralAndAdministrativeExpenses,販売費及び一般管理費,increase_20,jppfs_cor:OperatingIncome
3636913,S10028EC,jppfs_cor:AccumulatedDepreciationBuildings,減価償却累計額、建物,new,jppfs_cor:BuildingsNet
3636914,S10028EC,jppfs_cor:CurrentLiabilities,流動負債,new,jppfs_cor:Liabilities
3636915,S10028EC,jppfs_cor:OtherNOE,その他、営業外費用,new,jppfs_cor:NonOperatingExpenses
3636916,S10028EC,jppfs_cor:OperatingIncome,営業利益又は営業損失（△）,decrease_20,jppfs_cor:OrdinaryIncome
3636917,S10028EC,jppfs_cor:AccountsReceivableTrade,売掛金,increase_20,jppfs_cor:CurrentAssets
3636918,S10028EC,jppfs_cor:InvestmentsAndOtherAssets,投資その他の資産,new,jppfs_cor:NoncurrentAssets
3636919,S10028EC,jppfs_cor:OtherNOI,その他、営業外収益,increase_20,jppfs_cor:NonOperatingIncome
3636920,S10028EC,jppfs_cor:ToolsFurnitureAndFixtures,工具、器具及び備品,new,jppfs_cor:ToolsFurnitureAndFixturesNet
3636921,S10028EC,jppfs_cor:RetainedEarnings,利益剰余金,decrease_20,jppfs_cor:ShareholdersEquity
3636922,S10028EC,jppfs_cor:OtherNCL,その他、固定負債,new,jppfs_cor:NoncurrentLiabilities
3636923,S10028EC,jppfs_cor:IncomeTaxesPayable,未払法人税等,new,jppfs_cor:CurrentLiabilities
3636924,S10028EC,jppfs_cor:StockIssuanceCostDA,株式交付費、繰延資産,increase_20,jppfs_cor:DeferredAssets
3636925,S10028EC,jppfs_cor:OrdinaryIncome,経常利益又は経常損失（△）,decrease_20,jppfs_cor:IncomeBeforeIncomeTaxes
3636926,S10028EC,jppfs_cor:CapitalStock,資本金,increase_20,jppfs_cor:ShareholdersEquity
3636927,S10028EC,jppfs_cor:AccumulatedDepreciationToolsFurnitureAndFixtures,減価償却累計額、工具、器具及び備品,increase_20,jppfs_cor:ToolsFurnitureAndFixturesNet
3636928,S10028EC,jppfs_cor:OtherCL,その他、流動負債,new,jppfs_cor:CurrentLiabilities
3636929,S10028EC,jppfs_cor:AllowanceForDoubtfulAccountsCA,貸倒引当金、流動資産、一括控除,new,jppfs_cor:CurrentAssets
3636930,S10028EC,jppfs_cor:OtherCA,その他、流動資産,increase_20,jppfs_cor:CurrentAssets
3636931,S10028EC,jppfs_cor:IncomeTaxes,法人税等,decrease_20,jppfs_cor:IncomeBeforeMinorityInterests
3636932,S10028EC,jppfs_cor:ReversalOfAllowanceForDoubtfulAccountsNOI,貸倒引当金戻入額,new,jppfs_cor:NonOperatingIncome
3636933,S10028EC,jppfs_cor:Buildings,建物,new,jppfs_cor:BuildingsNet
3636934,S10028EC,jppfs_cor:NoncurrentLiabilities,固定負債,new,jppfs_cor:Liabilities
3636935,S10028EC,jppfs_cor:GrossProfit,売上総利益又は売上総損失（△）,new,jppfs_cor:OperatingIncome
3636936,S10028EC,jppfs_cor:IntangibleAssets,無形固定資産,new,jppfs_cor:NoncurrentAssets
3636937,S10028EC,jppfs_cor:CurrentAssets,流動資産,increase_20,jppfs_cor:Assets
3636938,S10028EC,jppfs_cor:OtherIOA,その他、投資その他の資産,new,jppfs_cor:InvestmentsAndOtherAssets
3636939,S10028EC,jppfs_cor:NonOperatingIncome,営業外収益,decrease_20,jppfs_cor:OrdinaryIncome
3636940,S10028EC,jppfs_cor:InterestExpensesNOE,支払利息、営業外費用,new,jppfs_cor:NonOperatingExpenses
3636941,S10028EC,jppfs_cor:NonOperatingExpenses,営業外費用,new,jppfs_cor:OrdinaryIncome
3636942,S10028EC,jppfs_cor:CostOfSales,売上原価,increase_10,jppfs_cor:GrossProfit
3636943,S10028EC,jppfs_cor:AmortizationOfStockIssuanceCostNOE,株式交付費償却、営業外費用,new,jppfs_cor:NonOperatingExpenses
3636944,S10028EC,jppfs_cor:NoncurrentAssets,固定資産,new,jppfs_cor:Assets
3636945,S10028EC,jppfs_cor:Inventories,たな卸資産,increase_20,jppfs_cor:CurrentAssets
3636946,S10028EC,jppfs_cor:Liabilities,負債,new,jppfs_cor:LiabilitiesAndNetAssets
3636947,S10028EC,jppfs_cor:ExtraordinaryIncome,特別利益,new,jppfs_cor:IncomeBeforeIncomeTaxes
3636948,S10028EC,jppfs_cor:ExtraordinaryLoss,特別損失,decrease_20,jppfs_cor:IncomeBeforeIncomeTaxes
3636949,S10028EC,jppfs_cor:DividendsIncomeNOI,受取配当金、営業外収益,new,jppfs_cor:NonOperatingIncome
3636950,S10028EC,jppfs_cor:IncomeBeforeIncomeTaxes,税引前当期純利益又は税引前当期純損失（△）,decrease_20,jppfs_cor:IncomeBeforeMinorityInterests
3636951,S10028EC,jppfs_cor:InvestmentSecurities,投資有価証券,new,jppfs_cor:InvestmentsAndOtherAssets
3636952,S10028EC,jppfs_cor:DeferredTaxAssetsCA,繰延税金資産、流動資産,new,jppfs_cor:CurrentAssets
3636953,S10028EC,jppfs_cor:IncomeBeforeMinorityInterests,少数株主損益調整前当期純利益又は少数株主損益調整前当期純損失（△）,decrease_20,jppfs_cor:NetIncome
3636954,S10028EC,jppfs_cor:IncomeTaxesDeferred,法人税等調整額,decrease_20,jppfs_cor:IncomeTaxes
3636955,S10028EC,jppfs_cor:CashAndDeposits,現金及び預金,increase_20,jppfs_cor:CurrentAssets
3636956,S10028EC,jppfs_cor:InterestIncomeNOI,受取利息、営業外収益,increase_20,jppfs_cor:NonOperatingIncome
3636957,S10028EC,jppfs_cor:IncomeTaxesCurrent,法人税、住民税及び事業税,new,jppfs_cor:IncomeTaxes
3636958,S10028EC,jppfs_cor:LongTermLoansPayable,長期借入金,new,jppfs_cor:NoncurrentLiabilities
3636959,S10028EC,jppfs_cor:Goodwill,のれん,new,jppfs_cor:IntangibleAssets
3636960,S10028EC,jppfs_cor:ShareholdersEquity,株主資本,new,jppfs_cor:NetAssets
3636961,S10028EC,jppfs_cor:NetIncome,当期純利益又は当期純損失（△）,decrease_20,jppfs_cor:IncomeBeforeMinorityInterestsCI
3702455,S10024BW,jppfs_cor:MachineryEquipmentAndVehicles,機械装置及び運搬具,stable,jppfs_cor:MachineryEquipmentAndVehiclesNet
3702456,S10024BW,jppfs_cor:OtherCL,その他、流動負債,decrease_20,jppfs_cor:CurrentLiabilities
3702457,S10024BW,jppfs_cor:ForeignCurrencyTranslationAdjustment,為替換算調整勘定,new,jppfs_cor:ValuationAndTranslationAdjustments
3702458,S10024BW,jppfs_cor:SellingGeneralAndAdministrativeExpenses,販売費及び一般管理費,stable,jppfs_cor:OperatingIncome
3702459,S10024BW,jppfs_cor:OtherNCL,その他、固定負債,decrease_10,jppfs_cor:NoncurrentLiabilities
3702460,S10024BW,jppfs_cor:ValuationAndTranslationAdjustments,評価・換算差額等,increase_20,jppfs_cor:NetAssets
3702461,S10024BW,jppfs_cor:OperatingRevenue1,営業収益,increase_10,jppfs_cor:OperatingGrossProfit
3702462,S10024BW,jppfs_cor:OtherNOI,その他、営業外収益,increase_20,jppfs_cor:NonOperatingIncome
3702463,S10024BW,jppfs_cor:IncomeBeforeMinorityInterests,少数株主損益調整前当期純利益又は少数株主損益調整前当期純損失（△）,decrease_20,jppfs_cor:NetIncome
3702464,S10024BW,jppfs_cor:BondsPayable,社債,decrease_20,jppfs_cor:NoncurrentLiabilities
3702465,S10024BW,jppfs_cor:NonOperatingIncome,営業外収益,decrease_10,jppfs_cor:OrdinaryIncome
3702466,S10024BW,jppfs_cor:InterestExpensesNOE,支払利息、営業外費用,decrease_10,jppfs_cor:NonOperatingExpenses
3702467,S10024BW,jppfs_cor:OperatingIncome,営業利益又は営業損失（△）,stable,jppfs_cor:OrdinaryIncome
3702468,S10024BW,jppfs_cor:InvestmentsAndOtherAssets,投資その他の資産,stable,jppfs_cor:NoncurrentAssets
3702469,S10024BW,jppfs_cor:GainOnSalesOfNoncurrentAssetsEI,固定資産売却益、特別利益,increase_10,jppfs_cor:ExtraordinaryIncome
3702470,S10024BW,jppfs_cor:LongTermLoansPayable,長期借入金,increase_10,jppfs_cor:NoncurrentLiabilities
3702471,S10024BW,jppfs_cor:GainOnSalesOfInvestmentSecuritiesEI,投資有価証券売却益、特別利益,new,jppfs_cor:ExtraordinaryIncome
3702472,S10024BW,jppfs_cor:IncomeTaxesPayable,未払法人税等,increase_20,jppfs_cor:CurrentLiabilities
3702473,S10024BW,jppfs_cor:IncomeTaxesCurrent,法人税、住民税及び事業税,increase_10,jppfs_cor:IncomeTaxes
3702474,S10024BW,jppfs_cor:ShortTermLoansPayable,短期借入金,decrease_10,jppfs_cor:CurrentLiabilities
3702475,S10024BW,jppfs_cor:IncomeTaxesDeferred,法人税等調整額,decrease_20,jppfs_cor:IncomeTaxes
3702476,S10024BW,jppfs_cor:AmortizationOfNegativeGoodwillNOI,負ののれん償却額、営業外収益,stable,jppfs_cor:NonOperatingIncome
3702477,S10024BW,jppfs_cor:LossOnRetirementOfNoncurrentAssetsEL,固定資産除却損、特別損失,increase_20,jppfs_cor:ExtraordinaryLoss
3702478,S10024BW,jppfs_cor:OperatingCost,営業原価,increase_10,jppfs_cor:OperatingGrossProfit
3702479,S10024BW,jppfs_cor:CapitalSurplus,資本剰余金,stable,jppfs_cor:ShareholdersEquity
3702480,S10024BW,jppfs_cor:IncomeBeforeIncomeTaxes,税引前当期純利益又は税引前当期純損失（△）,decrease_20,jppfs_cor:IncomeBeforeMinorityInterests
3702481,S10024BW,jppfs_cor:RetainedEarnings,利益剰余金,stable,jppfs_cor:ShareholdersEquity
3702482,S10024BW,jppfs_cor:ProvisionForBonuses,賞与引当金,increase_10,jppfs_cor:CurrentLiabilities
3702483,S10024BW,jppfs_cor:AllowanceForDoubtfulAccountsIOAByGroup,貸倒引当金、投資その他の資産、一括控除,new,jppfs_cor:InvestmentsAndOtherAssets
3702484,S10024BW,jppfs_cor:RemeasurementsOfDefinedBenefitPlans,退職給付に係る調整累計額,decrease_20,jppfs_cor:ValuationAndTranslationAdjustments
3702485,S10024BW,jppfs_cor:CapitalStock,資本金,stable,jppfs_cor:ShareholdersEquity
3702486,S10024BW,jppfs_cor:IntangibleAssets,無形固定資産,increase_10,jppfs_cor:NoncurrentAssets
3702487,S10024BW,jppfs_cor:OtherIOA,その他、投資その他の資産,stable,jppfs_cor:InvestmentsAndOtherAssets
3702488,S10024BW,jppfs_cor:OtherPPE,その他、有形固定資産,decrease_10,jppfs_cor:OtherNetPPE
3702489,S10024BW,jppfs_cor:Supplies,貯蔵品,increase_20,jppfs_cor:CurrentAssets
3702490,S10024BW,jppfs_cor:AccumulatedDepreciationOtherPPE,減価償却累計額、その他、有形固定資産,stable,jppfs_cor:OtherNetPPE
3702491,S10024BW,jppfs_cor:BuildingsAndStructures,建物及び構築物,stable,jppfs_cor:BuildingsAndStructuresNet
3702492,S10024BW,jppfs_cor:MinorityInterestsInIncome,少数株主利益又は少数株主損失（△）,decrease_20,jppfs_cor:NetIncome
3702493,S10024BW,jppfs_cor:NoncurrentAssets,固定資産,stable,jppfs_cor:Assets
3702494,S10024BW,jppfs_cor:DividendsIncomeNOI,受取配当金、営業外収益,increase_20,jppfs_cor:NonOperatingIncome
3702495,S10024BW,jppfs_cor:OtherNOE,その他、営業外費用,decrease_20,jppfs_cor:NonOperatingExpenses
3702496,S10024BW,jppfs_cor:InvestmentSecurities,投資有価証券,increase_10,jppfs_cor:InvestmentsAndOtherAssets
3702497,S10024BW,jppfs_cor:OrdinaryIncome,経常利益又は経常損失（△）,increase_10,jppfs_cor:IncomeBeforeIncomeTaxes
3702498,S10024BW,jppfs_cor:OperatingGrossProfit,営業総利益又は営業総損失（△）,stable,jppfs_cor:OperatingIncome
3702499,S10024BW,jppfs_cor:Liabilities,負債,stable,jppfs_cor:LiabilitiesAndNetAssets
3702500,S10024BW,jppfs_cor:NetDefinedBenefitLiability,退職給付に係る負債,new,jppfs_cor:NoncurrentLiabilities
3702501,S10024BW,jppfs_cor:NotesAndOperatingAccountsReceivableCA,-,decrease_10,jppfs_cor:CurrentAssets
3702502,S10024BW,jppfs_cor:TreasuryStock,自己株式,stable,jppfs_cor:ShareholdersEquity
3702503,S10024BW,jppfs_cor:CashAndDeposits,現金及び預金,stable,jppfs_cor:CurrentAssets
3702504,S10024BW,jppfs_cor:ShareholdersEquity,株主資本,stable,jppfs_cor:NetAssets
3702505,S10024BW,jppfs_cor:NoncurrentLiabilities,固定負債,increase_10,jppfs_cor:Liabilities
3702506,S10024BW,jppfs_cor:CurrentLiabilities,流動負債,decrease_10,jppfs_cor:Liabilities
3702507,S10024BW,jppfs_cor:CurrentAssets,流動資産,increase_10,jppfs_cor:Assets
3702508,S10024BW,jppfs_cor:Land,土地,stable,jppfs_cor:PropertyPlantAndEquipment
3702509,S10024BW,jppfs_cor:IncomeTaxes,法人税等,increase_10,jppfs_cor:IncomeBeforeMinorityInterests
3702510,S10024BW,jppfs_cor:ForeignExchangeLossesNOE,為替差損,new,jppfs_cor:NonOperatingExpenses
3702511,S10024BW,jppfs_cor:NotesAndOperatingAccountsPayableTrade,-,increase_10,jppfs_cor:CurrentLiabilities
3702512,S10024BW,jppfs_cor:BusinessStructureImprovementExpensesEL,事業構造改善費用,new,jppfs_cor:ExtraordinaryLoss
3702513,S10024BW,jppfs_cor:AccumulatedDepreciationMachineryEquipmentAndVehicles,減価償却累計額、機械装置及び運搬具,increase_10,jppfs_cor:MachineryEquipmentAndVehiclesNet
3702514,S10024BW,jppfs_cor:DeferredTaxAssetsIOA,繰延税金資産、投資その他の資産,decrease_20,jppfs_cor:InvestmentsAndOtherAssets
3702515,S10024BW,jppfs_cor:ExtraordinaryIncome,特別利益,increase_20,jppfs_cor:IncomeBeforeIncomeTaxes
3702516,S10024BW,jppfs_cor:ValuationDifferenceOnAvailableForSaleSecurities,その他有価証券評価差額金,increase_20,jppfs_cor:ValuationAndTranslationAdjustments
3702517,S10024BW,jppfs_cor:NetIncome,当期純利益又は当期純損失（△）,decrease_20,jppfs_cor:IncomeBeforeMinorityInterestsCI
3702518,S10024BW,jppfs_cor:OtherCA,その他、流動資産,increase_10,jppfs_cor:CurrentAssets
3702519,S10024BW,jppfs_cor:RealEstateForSale,-,stable,jppfs_cor:CurrentAssets
3702520,S10024BW,jppfs_cor:PropertyPlantAndEquipment,有形固定資産,stable,jppfs_cor:NoncurrentAssets
3702521,S10024BW,jppfs_cor:AllowanceForDoubtfulAccountsCA,貸倒引当金、流動資産、一括控除,increase_20,jppfs_cor:CurrentAssets
3702522,S10024BW,jppfs_cor:CurrentPortionOfBonds,1年内償還予定の社債,stable,jppfs_cor:CurrentLiabilities
3702523,S10024BW,jppfs_cor:DeferredTaxAssetsCA,繰延税金資産、流動資産,increase_10,jppfs_cor:CurrentAssets
3702524,S10024BW,jppfs_cor:NonOperatingExpenses,営業外費用,decrease_10,jppfs_cor:OrdinaryIncome
3702525,S10024BW,jppfs_cor:ExtraordinaryLoss,特別損失,new,jppfs_cor:IncomeBeforeIncomeTaxes
3702526,S10024BW,jppfs_cor:AccumulatedDepreciationBuildingsAndStructures,減価償却累計額、建物及び構築物,increase_10,jppfs_cor:BuildingsAndStructuresNet
